family,method,scan,group,ko_scale,ku_scale,window,n_runs,n_complete_window,duration_s_mean,rows_total_mean,coord_rmse_rad_mean,coord_peak_abs_rad_mean,hip_rmse_rad_mean,hip_peak_abs_err_rad_mean,hip_dq_rmse_rad_s_mean,hip_tau_est_rms_nm_mean,hip_tau_est_diff_rms_nm_per_sample_mean,hip_tau_cmd_rms_nm_mean,hip_tau_cmd_peak_abs_nm_mean,hip_eta_u_rms_nm_mean,hip_tau_dist_rms_nm_mean,hip_tau_dist_peak_abs_nm_mean,knee_rmse_rad_mean,knee_peak_abs_err_rad_mean,knee_dq_rmse_rad_s_mean,knee_tau_est_rms_nm_mean,knee_tau_est_diff_rms_nm_per_sample_mean,knee_tau_cmd_rms_nm_mean,knee_tau_cmd_peak_abs_nm_mean,knee_eta_u_rms_nm_mean,knee_tau_dist_rms_nm_mean,knee_tau_dist_peak_abs_nm_mean,duration_s_std,rows_total_std,coord_rmse_rad_std,coord_peak_abs_rad_std,hip_rmse_rad_std,hip_peak_abs_err_rad_std,hip_dq_rmse_rad_s_std,hip_tau_est_rms_nm_std,hip_tau_est_diff_rms_nm_per_sample_std,hip_tau_cmd_rms_nm_std,hip_tau_cmd_peak_abs_nm_std,hip_eta_u_rms_nm_std,hip_tau_dist_rms_nm_std,hip_tau_dist_peak_abs_nm_std,knee_rmse_rad_std,knee_peak_abs_err_rad_std,knee_dq_rmse_rad_s_std,knee_tau_est_rms_nm_std,knee_tau_est_diff_rms_nm_per_sample_std,knee_tau_cmd_rms_nm_std,knee_tau_cmd_peak_abs_nm_std,knee_eta_u_rms_nm_std,knee_tau_dist_rms_nm_std,knee_tau_dist_peak_abs_nm_std
P2D,eid,,,,,disturbance,5,5,9.319921381600034,9098.0,0.10038238220591542,0.1475088199260906,0.05163336165545338,0.08056158636118015,0.2210416523607936,2.8034973818114057,0.497932513467591,2.826944809626227,7.081390380859375,0.021440627678736727,5.43831197059739,6.0,0.049761613327761786,0.07179234038370501,0.36242991964149346,2.7948084383633285,0.7908557024248661,2.855556308822054,5.620372486114502,0.04699754974858158,3.625541313731593,4.0,1.5189423323358227,1480.3688729502521,0.0007256479044503217,0.0019918924645282183,0.0003832503208872963,0.0005803090540218225,0.012467293739594904,0.04605198753136036,0.01668483906049589,0.04070208331734458,0.4971880552918528,0.0010754821343595304,0.002809674519937497,0.0,0.0006249186988292798,0.00256040855806455,0.04082869327253762,0.13630221960443395,0.0291221817708335,0.13840366271420046,0.9199431785309156,0.00036229679396915704,0.0018731163466251882,0.0
P2D,eid,,,,,plateau,5,5,9.319921381600034,9098.0,0.11119258679480862,0.1475088199260906,0.05757176744250157,0.08056158636118015,0.19297037685554286,3.164536230146502,0.5077526703116416,3.1909079321839715,7.081390380859375,0.020731332381167675,6.0,6.0,0.054772724865001454,0.07179234038370501,0.3126825126670375,3.0366208008570106,0.7736814585139854,3.0912595831387266,5.598073577880859,0.048916263432686014,4.0,4.0,1.5189423323358227,1480.3688729502521,0.0008582958937379063,0.0019918924645282183,0.0004996987717284757,0.0005803090540218225,0.016842340087656896,0.06153353791692137,0.01576103114450657,0.05557130286472031,0.4971880552918528,0.0010539995448846518,0.0,0.0,0.0007445307515930726,0.00256040855806455,0.06015570839456849,0.1670990368733417,0.02573356380179581,0.164685542540979,0.9418893528617551,0.0005323280279334507,0.0,0.0
P2D,eid,,,,,post,5,4,9.319921381600034,9098.0,0.06271749361512996,0.16194206415224216,0.02121268783389932,0.05263045258071852,0.30858408162987644,3.969250574014849,0.5668231237903002,4.002135504870969,8.84757022857666,0.013156628775308052,0.0,0.0,0.043197897668361275,0.11252204504707235,0.6383620779143104,3.4407114392730236,0.8260524481971053,3.4219938697720926,7.652848911285401,0.022513158556714506,0.0,0.0,1.5189423323358227,1480.3688729502521,0.08431906322061138,0.2478674371751834,0.024933206642280194,0.07118795093904785,0.4025512359431505,1.4182340482359375,0.04854033356034513,1.4085571030056525,4.500875000900578,0.006465944754824373,0.0,0.0,0.06154930200839329,0.18025843396131835,0.8351320947278632,1.6245497180355497,0.07295059041529478,1.5536722338357045,4.300544197965417,0.0071446663617265194,0.0,0.0
P2D,eid,,,,,pre,5,5,9.319921381600034,9098.0,0.02760408759550419,0.049059513741215886,0.011153637547556779,0.02099134481558229,0.1146893245439184,3.3632606669302816,0.5413131957641049,3.400006301041286,6.878060436248779,0.009287210649171262,0.0,0.0,0.017260767914711834,0.030895154366919298,0.23813182623143786,2.7445433677929763,0.7514256056753499,2.787886276382321,5.493234729766845,0.01940442799589392,0.0,0.0,1.5189423323358227,1480.3688729502521,0.0003938039392044703,0.0016898127516078055,0.00015159122295500054,0.0008890145689437329,0.0017530677014938902,0.028041093520709916,0.015146264509073689,0.027085740615274183,0.21343847829570778,0.00026492645335889406,0.0,0.0,0.00031852038531129815,0.0008383052273772445,0.0026267884300427546,0.03385887416123617,0.032547785890197474,0.034261995696133134,0.21455009286996446,0.00021004051735871272,0.0,0.0
P2D,eid,,,,,steady,5,5,9.319921381600034,9098.0,0.06846874292431714,0.2389962950444246,0.030028136528888964,0.10041826652216321,0.23973395311839782,3.4396385171669395,0.5351037040495078,3.4701660129941923,9.10504083633423,0.014523107579921568,2.624254536180857,6.0,0.040257807828387754,0.14431718553970735,0.47536606663495123,3.027925309658002,0.7965918344440726,3.0479743122545964,7.972711181640625,0.02932464721811904,1.7495030241205716,4.0,1.5189423323358227,1480.3688729502521,0.03957280876663857,0.20480091642903914,0.01130124271673812,0.04447434580757455,0.20939588635196246,0.600107813934127,0.018833718599952743,0.5958024955760403,4.371142463014032,0.003286785912717626,0.4263392845906457,0.0,0.03025313826278695,0.16250275461497607,0.439800525226222,0.7228227559648671,0.035019243627792025,0.6834719841569601,4.1665908770756,0.0043346334500932275,0.2842261897270972,0.0
P2D,pd,,,,,disturbance,5,5,9.999214582400054,9770.0,0.10692586538054209,0.15631143534220443,0.0631260542403866,0.08983384041508993,0.1819350523211015,2.309647149732082,0.3815676044010209,5.436854297868108,6.0,0.0,5.436854298355667,6.0,0.04524146249621132,0.07375755315816254,0.21426340157480844,2.167534082042703,0.6254283971805299,3.624569532565863,4.0,0.0,3.6245695322371105,4.0,0.0007477622894498231,16.186414056238547,0.0003453427626358854,0.0006399629238350967,0.0002699905623579635,0.0003904728989803516,0.00125011144433641,0.023559747662673033,0.011716845972114637,0.0024478944584259733,0.0,0.0,0.0024478931344505584,0.0,8.836608848888244e-05,0.00047854043491872415,0.0009354706365519483,0.005451267001071078,0.019395885816650575,0.0016319281192676714,0.0,0.0,0.0016319287563005453,0.0
P2D,pd,,,,,plateau,5,5,9.999214582400054,9770.0,0.12426607850289047,0.15631143534220443,0.07264223383978474,0.08983384041508993,0.1776585509203,2.638139196431145,0.38977071792710233,6.0,6.0,0.0,6.0,6.0,0.05295522151591864,0.07375755315816254,0.2183809839593311,2.5275494355206782,0.6316124632411683,4.0,4.0,0.0,4.0,4.0,0.0007477622894498231,16.186414056238547,0.00032202064516056154,0.0006399629238350967,0.00024776728297532777,0.0003904728989803516,0.0009338901531108756,0.027689596574529452,0.01469227732503765,0.0,0.0,0.0,0.0,0.0,7.960898266959178e-05,0.00047854043491872415,0.0010672356585591566,0.0061773975193902255,0.019400630195519634,0.0,0.0,0.0,0.0,0.0
P2D,pd,,,,,post,5,5,9.999214582400054,9770.0,0.050558187645109456,0.08409181029466029,0.028269221930772526,0.051233202901611444,0.1464131780703372,2.9831629507958604,0.39148232206560074,0.0,0.0,0.0,0.0,0.0,0.023884020318978814,0.037929007636594125,0.18336649226106996,2.2504183633486528,0.6213250437106386,0.0,0.0,0.0,0.0,0.0,0.0007477622894498231,16.186414056238547,0.0003380970366780241,0.000809102895755206,0.00035110426834048544,0.0008164610738241401,0.0005259688072305191,0.04408818822976196,0.017245390613955393,0.0,0.0,0.0,0.0,0.0,0.00017888796212273976,0.0006683866655413303,0.0008760129260312824,0.02292671193913408,0.020842117196144747,0.0,0.0,0.0,0.0,0.0
P2D,pd,,,,,pre,5,5,9.999214582400054,9770.0,0.05336857927261042,0.0804544645473921,0.029259249387852165,0.04437771532596845,0.14950549598611945,3.0374286353803006,0.4014059975237016,0.0,0.0,0.0,0.0,0.0,0.025551859398385973,0.038116469350012075,0.20807124262660165,2.451184490489415,0.6247558785869304,0.0,0.0,0.0,0.0,0.0,0.0007477622894498231,16.186414056238547,0.000730418883879564,0.0011423249734858738,0.0007517237757240574,0.0008323837528437097,0.001315543355218349,0.08801338261220251,0.010999769730470017,0.0,0.0,0.0,0.0,0.0,0.00017546783850321524,0.0004381993210263246,0.0010276256806332855,0.03172803421663327,0.03440033039792817,0.0,0.0,0.0,0.0,0.0
P2D,pd,,,,,steady,5,5,9.999214582400054,9770.0,0.06560406547697073,0.15631143534220443,0.037526367023413755,0.08983384041508993,0.15085181542422427,2.8019353230894524,0.3910950974946809,2.4295169808343955,6.0,0.0,2.4295169810526964,6.0,0.029607088014616877,0.07375755315816254,0.19404363170206212,2.262486548450529,0.6257450758516547,1.6196779875153926,4.0,0.0,1.6196779873684641,4.0,0.0007477622894498231,16.186414056238547,0.0003492787704976111,0.0006399629238350967,0.0003380811669321881,0.0003904728989803516,0.0003080982969269084,0.047564110112764416,0.013693733242949776,0.0032162575992845236,0.0,0.0,0.003216257803122421,0.0,9.939165364544716e-05,0.00047854043491872415,0.0005158974004824436,0.010792053674877908,0.014376313351466592,0.0021441717926172056,0.0,0.0,0.002144171868748329,0.0
P4D,eid,ko,o0,0.0,1.0,disturbance,3,0,4.295995496999997,4194.666666666667,0.7330703883484627,0.9893013387210444,0.3221562045013558,0.4564429128679126,0.8778159387061996,3.02887195704082,0.6215648798643058,3.1059331846026126,5.5128458340962725,0.0,4.568298026245012,6.0,0.4142862471253161,0.5328584258531318,1.0504104771009675,3.870692426831667,0.9817792376007716,3.928457058173427,5.526488622029622,0.0,3.0455320174966745,4.0,0.006596812142283104,10.263202878893798,0.019073926384228612,0.015447330207521256,0.0028263375206061155,0.01713332436502828,0.12514330470317428,0.03168454875542063,0.06487019417865122,0.02378625844053581,0.058403650703959024,0.0,0.037132472376233176,0.0,0.016663314691271462,0.003228769115845004,0.047004018150988154,0.08529987188851397,0.08209162410043336,0.026964537311360743,0.01127933554874193,0.0,0.024754981584155664,0.0
P4D,eid,ko,o0,0.0,1.0,plateau,3,0,4.295995496999997,4194.666666666667,0.8494255586165211,0.9893013387210444,0.40032953325516424,0.4564429128679126,1.240640339389496,3.9337657019759042,0.746135826509406,3.7726128013834845,5.5128458340962725,0.0,6.0,6.0,0.44914684330681914,0.5328584258531318,1.5853523531983267,4.818950389213814,1.136523460088869,4.6347711992205065,5.47071107228597,0.0,4.0,4.0,0.006596812142283104,10.263202878893798,0.002131973204167041,0.015447330207521256,0.008972786570514632,0.01713332436502828,0.12596743926565357,0.08792282213739434,0.06028403332093749,0.05920388903115718,0.058403650703959024,0.0,0.0,0.0,0.010778826304652002,0.003228769115845004,0.06986263347156317,0.10431891006480691,0.0925805465420691,0.02855494533712055,0.016351071589314734,0.0,0.0,0.0
P4D,eid,ko,o0,0.0,1.0,post,3,0,4.295995496999997,4194.666666666667,,,,,,,,,,,,,,,,,,,,,,,0.006596812142283104,10.263202878893798,,,,,,,,,,,,,,,,,,,,,,
P4D,eid,ko,o0,0.0,1.0,pre,3,3,4.295995496999997,4194.666666666667,0.45023087139340734,0.689104453951705,0.11453752085138318,0.22936660425073438,0.4015569902582367,3.0892419837631024,0.5578537592453038,3.1271889466527756,6.199082851409912,0.0,0.0,0.0,0.3600218282756719,0.5391599645669134,0.689191236581566,1.1910677673143806,0.598273625307832,1.1980648531511147,2.1261918544769287,0.0,0.0,0.0,0.006596812142283104,10.263202878893798,0.03652301323333925,0.050379831051573926,0.008942441807990314,0.008307912908117639,0.026734937876140532,0.00933633668811325,0.016153048525604622,0.011433356328610244,0.06262560841049206,0.0,0.0,0.0,0.01652951871595094,0.011153329233003504,0.049752029892946824,0.014203192919595493,0.009021355576584362,0.0034809400115225738,0.020060939802670957,0.0,0.0,0.0
P4D,eid,ko,o0,0.0,1.0,steady,3,3,4.295995496999997,4194.666666666667,0.5284269268476042,0.9893013387210444,0.18391288230507188,0.4564429128679126,0.5484432471574742,3.075552941880339,0.5733498875854358,3.1223220761691994,6.199082851409912,0.0,2.1813952036550357,6.0,0.37310585579040695,0.5400316572448679,0.7865653999302266,2.124393995301617,0.7043397777505752,2.151062485693309,5.526488622029622,0.0,1.4542634691033571,4.0,0.006596812142283104,10.263202878893798,0.0284103860937655,0.015447330207521256,0.004016835659743725,0.01713332436502828,0.06346198195527408,0.002746485403834094,0.01811930253404099,0.0034117681211763584,0.06262560841049206,0.0,0.03727570675119519,0.0,0.01588694834529513,0.009744358410237974,0.042879648582112684,0.04246972426218525,0.03076720964988371,0.025216008429524674,0.01127933554874193,0.0,0.024850471167463577,0.0
P4D,eid,ko,o1,0.25,1.0,disturbance,3,3,8.753958294333339,8548.0,0.13343583705370346,0.20107187850414507,0.05883856758998881,0.08783149334827837,0.22604256334569472,2.636233703431827,0.4946753731596149,2.65313324302316,5.9997250239054365,0.020361286916102537,5.43694623548113,6.0,0.07550251855881036,0.1139466027866689,0.3547575787874213,2.5497652016813626,0.7506120002523572,2.5886820378640487,5.574705759684245,0.05286816850880155,3.624630823654087,4.0,2.155975123149306,2085.389172312928,0.0008520697443554799,0.007490296792645604,0.00031598526927443876,0.004293988978117226,0.0036705353447943775,0.0562799615131607,0.010981624173686632,0.06156996232144682,0.20328813893270195,0.00017553234127333172,0.0029766224304944213,0.0,0.001366276808559941,0.0033957515186819423,0.02951492561712825,0.026866311168144398,0.00694427079862903,0.01622971739737439,0.21633813865223778,0.0006856782530370654,0.001984414953663555,0.0
P4D,eid,ko,o1,0.25,1.0,plateau,3,3,8.753958294333339,8548.0,0.14741700568679586,0.20107187850414507,0.06466833711209043,0.08783149334827837,0.19445436603125113,2.8685282380189077,0.48789313019588726,2.8879547464214865,5.9997250239054365,0.020456382642794046,6.0,6.0,0.08375856447039787,0.1139466027866689,0.32545172918182197,2.821173467326131,0.7503176656709756,2.8754013997196086,5.574705759684245,0.05774324115834908,4.0,4.0,2.155975123149306,2085.389172312928,0.0019182584444552523,0.007490296792645604,0.0006546957583189496,0.004293988978117226,0.006581194814493352,0.03814158908955232,0.01932102831182089,0.03222032012938058,0.20328813893270195,0.0005074751989411622,0.0,0.0,0.0017354276905152167,0.0033957515186819423,0.029204474582330688,0.0403031554398887,0.03669381067303485,0.06278970927627193,0.21633813865223778,0.0010019090302327072,0.0,0.0
P4D,eid,ko,o1,0.25,1.0,post,3,2,8.753958294333339,8548.0,0.0859456777140329,0.24656212731602548,0.026839102115167022,0.08849837072644633,0.4359511013523765,3.8969775009808862,0.5754283227124963,3.94348224367085,8.81821378072103,0.014831088712453047,0.0,0.0,0.06187815287628964,0.15929810956090104,0.9816670297844787,3.928762284395829,0.8047095781675658,3.9146540446497213,8.185255845387777,0.02379026444646175,0.0,0.0,2.155975123149306,2085.389172312928,0.08702402661085352,0.28758839706602823,0.02695080402213602,0.10675040100292213,0.4413686524435001,0.9004014730517289,0.035505040090182155,0.9004680048712042,2.9093254333245495,0.009893871250986922,0.0,0.0,0.06348015354155707,0.1797526688814788,1.1057762946901188,1.829032451811444,0.0591726632015663,1.7327031176938956,3.7744127160683494,0.008162052693234566,0.0,0.0
P4D,eid,ko,o1,0.25,1.0,pre,3,3,8.753958294333339,8548.0,0.04112534556282254,0.08432452048577943,0.013476605281082148,0.029996022775633013,0.16357655972331045,3.4374411417273207,0.5086365337684288,3.483193181486266,6.767735481262207,0.0073302795595207885,0.0,0.0,0.02870401301044555,0.0549900294740134,0.30445799220376984,2.9030239262160333,0.7167508759405496,2.9413676186075204,5.370316346486409,0.02043029806379584,0.0,0.0,2.155975123149306,2085.389172312928,0.0017156378735687279,0.006866539046943101,0.001374895129281197,0.007575380544397286,0.0033958141578481612,0.09806509130903412,0.01902017135650839,0.10904985240879139,0.3203695877127707,0.00013672385866470878,0.0,0.0,0.0005947372160744486,0.0008773607955216427,0.020230496876023876,0.008781123225066727,0.04122788544216721,0.016320048373129583,0.2707229540720354,0.0001663798073926263,0.0,0.0
P4D,eid,ko,o1,0.25,1.0,steady,3,3,8.753958294333339,8548.0,0.08954778214764013,0.3297599028767873,0.03534434368014078,0.13071884935942898,0.29310373169651155,3.3085535949910585,0.5218885565655329,3.3433743157274978,8.81821378072103,0.014391733851482348,2.805986241790706,6.0,0.05639105765398334,0.19955543907809034,0.6176543034330317,3.112775498445321,0.7562127791260407,3.1311325785447934,8.185255845387777,0.03298026353708224,1.8706574945271377,4.0,2.155975123149306,2085.389172312928,0.035986886655317116,0.21549309151543683,0.012031027577610183,0.07017160799673373,0.1929398489795448,0.25698827467769947,0.006909993718776849,0.2557421929030748,2.9093254333245495,0.0042922831683629824,0.6476993529549524,0.0,0.025776889802320697,0.14488336548397504,0.5083068580354346,0.6694487668106645,0.009186127258775845,0.6191121745765996,3.7744127160683494,0.005822567089325373,0.43179956863663493,0.0
P4D,eid,ko,o2,0.5,1.0,disturbance,3,3,8.84685690400003,8647.333333333334,0.11009555442177256,0.165798813301037,0.05289834750749303,0.07961113038542687,0.20552602674151907,2.589455593669941,0.4862107467681449,2.626331314026428,6.0831254323323565,0.018157654987724217,5.438059042468619,6.0,0.058209530734263194,0.08861466049876776,0.34060125693630744,2.718291986660903,0.8038611444916253,2.7680022816245127,5.27173646291097,0.049176254236474454,3.625372694979079,4.0,1.9942297256978234,1947.9890485660676,0.00028598766911302055,0.00340454659288986,0.00026801925432523056,0.0013833303316958562,0.007786468261434123,0.023692391607460252,0.014327163023575036,0.019755731760872794,0.15864809795090684,0.0006051085115478798,0.0011693494103533538,0.0,0.0002575189653108443,0.002832644351507892,0.004376925834120599,0.07236393188210569,0.03495878823255985,0.06705230545828467,0.6595291205910421,0.0002535048021393649,0.000779566273569232,0.0
P4D,eid,ko,o2,0.5,1.0,plateau,3,3,8.84685690400003,8647.333333333334,0.12192876334075982,0.165798813301037,0.05819750523728311,0.07961113038542687,0.15684375277105464,2.8670795353080987,0.4789377274861391,2.9016825053475563,6.0831254323323565,0.017969783050035226,6.0,6.0,0.064865494950531,0.08861466049876776,0.2896953899816889,2.991234419764005,0.7924491081323385,3.05809217351092,5.27173646291097,0.05277880729312883,4.0,4.0,1.9942297256978234,1947.9890485660676,0.0006075336894668937,0.00340454659288986,0.0003317915974095309,0.0013833303316958562,0.008909995116613835,0.05692425930713679,0.024561347179406876,0.050311904881939845,0.15864809795090684,0.0006934864238520306,0.0,0.0,0.0005325765383199832,0.002832644351507892,0.011455426985583725,0.09889565993788468,0.04133849459701881,0.09016199268746179,0.6595291205910421,0.0006080602286696896,0.0,0.0
P4D,eid,ko,o2,0.5,1.0,post,3,2,8.84685690400003,8647.333333333334,0.10445075485506945,0.25560476033539553,0.03165939093477772,0.07874181002031534,0.40812187967601155,4.402137022831819,0.5812541956842355,4.44455117773363,9.667097250620523,0.015045671196570872,0.0,0.0,0.0754261760838393,0.1862128385806887,0.8490239885552192,4.07599027956199,0.8532085110695621,4.092153245287414,9.648026625315348,0.022003831170187883,0.0,0.0,1.9942297256978234,1947.9890485660676,0.12847824761882856,0.3407581543882907,0.036179052287198324,0.0977677537814359,0.4221415010322723,1.9900303247197615,0.060409985748208654,1.9873699703148902,4.883760713627952,0.00905661819272938,0.0,0.0,0.09442905476802414,0.24924045792563998,0.88800720412072,1.89565449916834,0.08347548230547247,1.9068901029989118,5.556158918333245,0.005190875504680262,0.0,0.0
P4D,eid,ko,o2,0.5,1.0,pre,3,3,8.84685690400003,8647.333333333334,0.032420080929822355,0.06198548932435025,0.010872796487849126,0.021342742172453338,0.1224717867211414,3.1769561181098442,0.5092807694946498,3.220662421901618,6.705794493357341,0.007325008901856011,0.0,0.0,0.022345955560177457,0.04279582600369303,0.25294912866797187,2.859826015176773,0.7427205381613963,2.9115963467746426,5.50129508972168,0.01958998084297571,0.0,0.0,1.9942297256978234,1947.9890485660676,0.0008944128701674869,0.0022598411605322427,7.611217139052543e-05,0.0028066616615155704,0.0037186417664443663,0.0828840435971753,0.015938354655192086,0.0866334984603483,0.1807679680663197,0.00018480858340414832,0.0,0.0,0.0009230449876202136,0.0021072550408831937,0.010459279564210807,0.07866123829097246,0.0200835061473815,0.1022842961432895,0.39630675765282347,0.000729715111459228,0.0,0.0
P4D,eid,ko,o2,0.5,1.0,steady,3,3,8.84685690400003,8647.333333333334,0.09137359766628288,0.3281597273028322,0.03492188008136358,0.11746241814676985,0.28153830779062683,3.5021306803946057,0.5292217524026929,3.539395219888276,9.691419760386148,0.013827199408148243,2.7611257868104455,6.0,0.05897690665711234,0.2180971065588269,0.5705147509783798,3.324221864656284,0.8078594815837041,3.358402797008631,9.821199258168539,0.031049967838466808,1.840750524540297,4.0,1.9942297256978234,1947.9890485660676,0.05969534326209678,0.27792007686157444,0.016157030792492217,0.06422349440076741,0.21348054781499456,0.8239657834713573,0.01367350475335622,0.8250802368891971,4.861125906089286,0.004165932823554604,0.5669142884519625,0.0,0.04556033346304957,0.22162310767774054,0.4539206841803949,0.7559925807618433,0.04086991760831233,0.7554289087428162,5.407750057429007,0.0043199476485095605,0.37794285896797486,0.0
P4D,eid,ko,o3,0.75,1.0,disturbance,3,3,8.830774252333336,8623.333333333334,0.10309726699977824,0.15342968148340352,0.05103294689166005,0.07894240182759855,0.2166597465385526,2.6377940641888933,0.47129532373417765,2.662029316673226,6.808667182922363,0.01890452415766844,5.4378506988854935,6.0,0.05323389097520082,0.07818219357762402,0.36371378876880184,2.9039598367148423,0.8109362198793093,2.9457661580966517,5.620445251464844,0.04817975508808564,3.625233799256996,4.0,2.0219801171366925,1973.9628500388078,0.0008718212223086907,0.002533799761168442,5.876366782216441e-05,0.0015845751877510289,0.008562509319712586,0.003994809602994664,0.016573197269036104,0.001616263459811964,0.5000266351862321,0.0007272756931691952,0.0029985783071084034,0.0,0.0008154947338045653,0.0007796871184431168,0.012742406170387242,0.07543952218444691,0.02974259989927633,0.08834578943655551,0.5089126683991494,0.0002737784123197359,0.0019990522047391305,0.0
P4D,eid,ko,o3,0.75,1.0,plateau,3,3,8.830774252333336,8623.333333333334,0.1144502144823164,0.15342968148340352,0.05652698527973316,0.07894240182759855,0.17779863667270354,2.9590809585240145,0.47059404330084975,2.9825878983172185,6.808667182922363,0.01850361724478193,6.0,6.0,0.059267608891001716,0.07818219357762402,0.3164711040511147,3.2184837908672037,0.8048409925433395,3.257797700290766,5.620445251464844,0.05111566587554731,4.0,4.0,2.0219801171366925,1973.9628500388078,0.001375411132599458,0.002533799761168442,0.00020739900714356898,0.0015845751877510289,0.016914739340024593,0.02522109209539136,0.018419430087410368,0.025703095111523112,0.5000266351862321,0.0008290894097233636,0.0,0.0,0.0011320600109875028,0.0007796871184431168,0.03450480920302354,0.09962680679935862,0.02996564955684087,0.11126029559689751,0.5089126683991494,0.0005610760364332962,0.0,0.0
P4D,eid,ko,o3,0.75,1.0,post,3,2,8.830774252333336,8623.333333333334,0.06841466864048511,0.16518441326584923,0.020668852808107204,0.051381126918217945,0.3370775117778309,3.9372380426833757,0.5865649417339037,3.9619009088896013,8.220516204833984,0.01545294700810663,0.0,0.0,0.05014853123211372,0.12149147120436321,0.6943707863153817,3.8583794985047764,0.8495238493456995,3.859438641064667,8.136266708374023,0.02191993202916448,0.0,0.0,2.0219801171366925,1973.9628500388078,0.07187406240785936,0.1934585488412611,0.01965145716890761,0.05152588467614554,0.3560651343031016,1.3297629972732223,0.06888812894329377,1.3019956578531784,2.740012867447204,0.01069454163882985,0.0,0.0,0.05492059178142612,0.14620321738422512,0.7317524293467894,1.7835231115595949,0.10264610778167328,1.7256550660682757,4.274750209623007,0.005423352676333549,0.0,0.0
P4D,eid,ko,o3,0.75,1.0,pre,3,3,8.830774252333336,8623.333333333334,0.029669909058710264,0.0549141388405389,0.01039335628279676,0.021249214890832868,0.10976606485204587,3.185643452683774,0.5316843457348852,3.2143779886826374,6.554586887359619,0.007821506618847654,0.0,0.0,0.020198819641797098,0.03604096263541826,0.22934544196006482,2.856623144227406,0.7547416740570303,2.9183723852607373,5.386919975280762,0.019522948701783015,0.0,0.0,2.0219801171366925,1973.9628500388078,0.0007392235697482999,0.0007540471178866377,0.0003169363138528203,0.0011373344200054402,0.00617734211005332,0.05878601485053865,0.029622117431139877,0.06155267642200263,0.1584096127223482,6.686058149477808e-05,0.0,0.0,0.0005504795489012197,0.0018738189712021968,0.008717806881299505,0.011171793486720446,0.01793508263001533,0.018421302319959653,0.1498359303335608,0.00025666698871343297,0.0,0.0
P4D,eid,ko,o3,0.75,1.0,steady,3,3,8.830774252333336,8623.333333333334,0.07111514803486511,0.23256877295856918,0.029916224145259167,0.08992763190723747,0.2452911824319393,3.2961229714580695,0.5315075212905347,3.3230875056686813,8.557039578755697,0.01441755432662617,2.76728675303625,6.0,0.04386330432290011,0.14861735001840548,0.48808179077017505,3.2531453805376667,0.8051185936783173,3.275655690330069,8.32843510309855,0.03049094697611497,1.8448578353574998,4.0,2.0219801171366925,1973.9628500388078,0.03189590618083709,0.13511007725078367,0.009400825237568354,0.018177288861859712,0.17120318130595572,0.49725672452943825,0.0326233096134682,0.48356036201853975,2.4573789968782953,0.004643780959737874,0.5828527009868599,0.0,0.02491898195923987,0.1227096267221955,0.35498499618467155,0.7055084880984535,0.03268110108327363,0.6835976886710928,4.10903336559489,0.004605272975355851,0.3885684673245733,0.0
P4D,eid,ko,o4,1.0,1.0,disturbance,3,3,9.998788516666764,9778.666666666666,0.09841187949575869,0.1448505796172892,0.04990453446760069,0.07669599583385407,0.2006225383268574,2.600178058525366,0.4671983908901853,2.629306965198341,6.514671961466472,0.01942051289451373,5.438841175218715,6.0,0.04967957195903818,0.07222197405345128,0.32216442820462404,2.8163851598255385,0.7833324577942772,2.8759345027823655,5.321542421976726,0.047017454305275354,3.6258941168124768,4.0,0.0006845563458349485,9.865765724632755,0.0008050148787412276,0.0020254203836474827,0.0006214095757672492,0.0010478282431994116,0.01409041562890537,0.09073232029365785,0.01677625235291702,0.08379710370175392,0.30523142681386156,0.0009604786863340049,0.002054584147258147,0.0,0.0002980950755225796,0.0008144357293006423,0.021984188568037386,0.08327151782234034,0.013011123492392184,0.08551736581705446,0.053208920462880845,0.0003061823240850585,0.001369722764838866,0.0
P4D,eid,ko,o4,1.0,1.0,plateau,3,3,9.998788516666764,9778.666666666666,0.10924581979007238,0.1448505796172892,0.05525123129333843,0.07669599583385407,0.16202120028489211,2.9176334126822163,0.4646543367970919,2.9536545133298078,6.514671961466472,0.018905658570410946,6.0,6.0,0.0553403542828978,0.07222197405345128,0.2651402785370387,3.1010423038766706,0.7511865668630974,3.146085416241719,5.148766835530599,0.049650218777303474,4.0,4.0,0.0006845563458349485,9.865765724632755,0.0008953719679870779,0.0020254203836474827,0.0007028066426096435,0.0010478282431994116,0.01070937629877229,0.10972406494289177,0.030234789031168274,0.0924038421039392,0.30523142681386156,0.0013097597310593257,0.0,0.0,0.0003298002929831348,0.0008144357293006423,0.028070548831681728,0.08914917809246438,0.0028733253458702464,0.10154832814507322,0.13854586243513092,0.0003523966842201636,0.0,0.0
P4D,eid,ko,o4,1.0,1.0,post,3,3,9.998788516666764,9778.666666666666,0.025324168439549228,0.051397542966656516,0.00922517233561866,0.01942798053596694,0.12382257897652212,3.170897694467108,0.5421760782622678,3.205536114838791,6.86843729019165,0.00985322195169301,0.0,0.0,0.017235157905694534,0.034629794500567836,0.24792669859016195,2.804407132833175,0.8074394753224352,2.8431354182557897,5.475375652313232,0.019373158358105335,0.0,0.0,0.0006845563458349485,9.865765724632755,0.000746548544331159,0.0005993726683863784,0.0003512607052934088,0.0007003928637078969,0.007708450697526554,0.04579479336456817,0.009607124555859235,0.024905803351024203,0.16922765905803605,0.0006492162828328385,0.0,0.0,0.0005847405034057648,0.0010772330984459178,0.015734098771016062,0.04695504859191114,0.005672256935172841,0.0360345470395544,0.23485557767397938,0.0001305547617304776,0.0,0.0
P4D,eid,ko,o4,1.0,1.0,pre,3,3,9.998788516666764,9778.666666666666,0.028272872824346335,0.05061403161656316,0.009974243582257626,0.019002966455540005,0.11160266140332342,3.1313193107543498,0.5208052037952817,3.166540816453517,6.598174889882405,0.008662450918174467,0.0,0.0,0.0192298895466016,0.034052278181483854,0.2276957214343329,2.903042646178971,0.7940565552781456,2.941880615969216,5.4735110600789385,0.019986639200103695,0.0,0.0,0.0006845563458349485,9.865765724632755,0.0006584287468954508,0.0015350968576823502,0.0005082553177672566,0.0006944206064838088,0.0035855106753107033,0.010375963971615193,0.02021908256953264,0.015846130501446454,0.08806594928354194,0.00018442251322291876,0.0,0.0,0.00021983856045787028,0.0010447047185077553,0.011459963708690441,0.033951279552581384,0.0060037547312607,0.02397330570294519,0.2039350527223197,0.00040539263095796824,0.0,0.0
P4D,eid,ko,o4,1.0,1.0,steady,3,3,9.998788516666764,9778.666666666666,0.05012300309633625,0.1448505796172892,0.023916041644307866,0.07669599583385407,0.13638166791601072,2.9800504050250023,0.5131658020554959,3.0171985978310474,6.86843729019165,0.012066438124332363,2.4314943315221673,6.0,0.027540352863153487,0.07222197405345128,0.25830380171296013,2.8070745113761255,0.7963688507926515,2.851266410140424,5.624542395273845,0.02751007625976655,1.620996221014778,4.0,0.0006845563458349485,9.865765724632755,0.00041461009461014577,0.0020254203836474827,0.0002886895923753523,0.0010478282431994116,0.005311365201416883,0.020731846812851253,0.004367430775259222,0.017334684242698076,0.16922765905803605,0.000391679399013568,0.0011241362893648602,0.0,0.000227017626730716,0.0008144357293006423,0.0066746977419166725,0.027471061806239476,0.003708293658413243,0.025231140969955226,0.16418824649329147,7.342370600792732e-05,0.0007494241929099659,0.0
P4D,eid,ko,o5,1.25,1.0,disturbance,3,3,9.998315105999987,9764.0,0.09652606126772549,0.14015236925857666,0.04937193087588903,0.07522887911863237,0.23435991878080045,2.6647486479311557,0.4861500340650918,2.695741411724747,7.042753537495931,0.02935604817923353,5.439175018442032,6.0,0.048494463877693794,0.06951752421378561,0.33093619423936643,2.881479533845434,0.823463877906003,2.941175989998412,5.2584602038065595,0.04707789867914628,3.626116678961355,4.0,0.00035852935675299445,5.291502622129181,0.0003666151112247138,0.0021464868417005057,0.00012758932578074112,0.002141281520588249,0.005903779576519488,0.01320153634031981,0.0013268788667218363,0.003784164851077224,0.08772297876303566,0.00217324581673695,0.0008525589408690463,0.0,0.0002764453106474256,0.001196578082996048,0.013332041341579594,0.05700776230946657,0.0174084466942022,0.047018318917751496,0.15567377574014893,4.322701430696627e-05,0.0005683726272458133,0.0
P4D,eid,ko,o5,1.25,1.0,plateau,3,3,9.998315105999987,9764.0,0.10714204107279017,0.14015236925857666,0.054783831609374924,0.07522887911863237,0.2135255028952745,2.996405695354563,0.4895058449320555,3.0347638331861817,7.042753537495931,0.03059417467512415,6.0,6.0,0.05392338954956468,0.06951752421378561,0.28348177431659527,3.170652442401952,0.7979765532836969,3.2151243874871547,5.176805814107259,0.04949874044843397,4.0,4.0,0.00035852935675299445,5.291502622129181,0.00040700385263362063,0.0021464868417005057,0.0002237554183423224,0.002141281520588249,0.008488500480017655,0.02772064528368747,0.003810608233455839,0.02319674309978045,0.08772297876303566,0.002861203246277192,0.0,0.0,0.0002930252227244269,0.001196578082996048,0.021989033969639554,0.07239113648115238,0.015814554506126653,0.060624669234421696,0.20977047078988395,0.00017079056480730348,0.0,0.0
P4D,eid,ko,o5,1.25,1.0,post,3,3,9.998315105999987,9764.0,0.02445170882171352,0.04872384095061677,0.009021650614657517,0.018794520420240064,0.11777115393618896,3.1470811884522454,0.5405540046039845,3.1918101308227484,6.755061944325765,0.010588161469770617,0.0,0.0,0.016459145217967566,0.03317635506648394,0.23902849135558646,2.7988022454891825,0.795029288416556,2.8386989227461346,5.638938903808594,0.020209002147375445,0.0,0.0,0.00035852935675299445,5.291502622129181,0.00015997351222132392,0.0017561746053934896,0.0003161325160584742,0.0002095070474365469,0.0032163308346138644,0.01164150153330416,0.013363281866796294,0.01098543648813954,0.23731493298954587,0.00013951221522902745,0.0,0.0,3.8424432972703904e-05,0.0010410308031189796,0.003239080966575899,0.018282313219164025,0.04272556841974272,0.014470661624729321,0.23402522894462077,0.0004803505342299285,0.0,0.0
P4D,eid,ko,o5,1.25,1.0,pre,3,3,9.998315105999987,9764.0,0.027350289896133532,0.049957812315736115,0.00993193552191179,0.020058963535185475,0.1080919599846852,3.1642048810642063,0.5343986229842239,3.19597950287654,6.552435715993245,0.009904171007628094,0.0,0.0,0.018476966716183072,0.03183551597795272,0.22659402460599135,2.8825824196469636,0.7715158002451692,2.9452210269577024,5.3699320157368975,0.02024391231026798,0.0,0.0,0.00035852935675299445,5.291502622129181,0.00018977373348512215,0.0013235884901887272,0.0002805383200930934,0.0009156011100722645,0.0010694755371835909,0.01808035886300966,0.026493120086686917,0.01567263469874744,0.08627087471561846,0.0004339767899488035,0.0,0.0,0.00013442809256800656,0.00016268579035982672,0.0007647711975295646,0.01616887171168247,0.02174582211822005,0.012808131119861841,0.11896996926091412,0.00022888121263552543,0.0,0.0
P4D,eid,ko,o5,1.25,1.0,steady,3,3,9.998315105999987,9764.0,0.048976781403329485,0.14015236925857666,0.023634382133124174,0.07522887911863237,0.14479141053685893,2.9856889959586437,0.5182878984914706,3.0249226640649236,7.042753537495931,0.016311119624260628,2.4309297098893934,6.0,0.02670725110693396,0.06951752421378561,0.2569479015787484,2.8083900173741356,0.7855038716524277,2.8611193561946116,5.638938903808594,0.02807513709875779,1.620619806592929,4.0,0.00035852935675299445,5.291502622129181,0.00020283732366956897,0.0021464868417005057,9.043543097240011e-05,0.002141281520588249,0.0016007630969323806,0.014073602153608353,0.010619111164783535,0.008388422265140584,0.08772297876303566,0.0010094721292434133,0.0008307194432993215,0.0,0.00011760423134459175,0.001196578082996048,0.004628656024017649,0.022598958876246175,0.013292863895339168,0.013076673945241592,0.23402522894462077,0.0003776359033878854,0.0005538129621998566,0.0
P4D,eid,ku,u1,1.0,0.5,disturbance,3,3,9.999139854333256,9766.0,0.09890530649280634,0.14462324815315938,0.05011659251756385,0.07735837558687343,0.21278925532854295,2.6423069530450416,0.4799489015346306,2.6551763039107783,6.752899169921875,0.010672351775043784,5.439390949628874,6.0,0.049917328881124705,0.07323112718594638,0.3315046212043031,2.825814107871436,0.7891049588987885,2.8847153161263326,5.62778917948405,0.02378984804744606,3.6262606330859164,4.0,0.000419977319344263,5.291502622129181,0.0002471533581068853,0.0009441539400280783,9.440635050375936e-05,0.0006188935460191111,0.005935914915477979,0.02200592932063763,0.007579163561252285,0.025242123845788878,0.19619335397572865,0.00023207291538101846,0.001928759213987965,0.0,0.0002026994205974191,0.0006023446455995314,0.004540763075297692,0.047569120735528665,0.011747633731468757,0.042970835881731825,0.1827648227969109,0.00013545459753338447,0.0012858394759920591,0.0
P4D,eid,ku,u1,1.0,0.5,plateau,3,3,9.999139854333256,9766.0,0.10971497551973086,0.14462324815315938,0.055590355191880186,0.07735837558687343,0.17623848184176671,2.9583730169072084,0.48213269595585473,2.9799863937320334,6.752899169921875,0.01075996801014674,6.0,6.0,0.05542408794009048,0.07323112718594638,0.27054062765603254,3.1032743195628925,0.760764076708386,3.1493799310727013,5.62778917948405,0.025026514419760684,4.0,4.0,0.000419977319344263,5.291502622129181,0.0003583516253706058,0.0009441539400280783,0.00012447703906180884,0.0006188935460191111,0.008703598072552415,0.02466693684188562,0.007594385024537497,0.02935342879899997,0.19619335397572865,0.00032879415621870836,0.0,0.0,0.00028379106669872053,0.0006023446455995314,0.00714815747154632,0.05149211570711158,0.033920957956676524,0.04649419326070446,0.1827648227969109,0.00014309032210402668,0.0,0.0
P4D,eid,ku,u1,1.0,0.5,post,3,3,9.999139854333256,9766.0,0.025985220175048063,0.05201283145583968,0.009305175240284394,0.019490775333570336,0.13152548132480998,3.1656399686622856,0.5328498350186978,3.2035371849688032,6.687521616617839,0.005162144944055019,0.0,0.0,0.017578301810629592,0.03507812621991235,0.2696256474001091,2.8200254156443143,0.7819680820716775,2.8433717541776775,5.69506311416626,0.009579282783938754,0.0,0.0,0.000419977319344263,5.291502622129181,0.00019648403850038978,0.002047319306958521,0.00015909240183386127,0.000976993790233727,0.002697777542135981,0.01065364253284465,0.021268170237286783,0.006246475246647051,0.20842630966913717,3.154494536729885e-05,0.0,0.0,0.00018028371950612774,0.0006767335608947657,0.011712486735244203,0.02641886119811797,0.03442422130217039,0.018506068966501157,0.2049232664777136,0.00020122382316850555,0.0,0.0
P4D,eid,ku,u1,1.0,0.5,pre,3,3,9.999139854333256,9766.0,0.0279152906446633,0.05015836998685582,0.010020410623991312,0.0193859215407699,0.10934866462824877,3.1140504120132007,0.5291207196898526,3.1699196105286127,6.622803688049316,0.004352298972422744,0.0,0.0,0.01886685012776056,0.032955292551654004,0.22705408436449181,2.8803350525250067,0.811559627604065,2.9043327859720485,5.344692548116048,0.009823067551459189,0.0,0.0,0.000419977319344263,5.291502622129181,0.00030355270914392285,0.0008613778990549698,0.00011691943104440114,8.21304344594752e-05,0.0024502713891188356,0.009695698433415263,0.006262520140624737,0.004285832079802587,0.11500380589915442,9.118513954594589e-05,0.0,0.0,0.00026633474032669113,0.0007056599252979811,0.0002309956770365818,0.047908798949891106,0.021677720666972256,0.0250970086083339,0.07231356496885644,0.00012338306794691632,0.0,0.0
P4D,eid,ku,u1,1.0,0.5,steady,3,3,9.999139854333256,9766.0,0.05030524965212079,0.14462324815315938,0.02400559773248129,0.07735837558687343,0.14158911875806168,2.982965848435557,0.5167253734468753,3.019316949511918,6.763820171356201,0.006410280182099721,2.4303133785079507,6.0,0.0275721193164439,0.07323112718594638,0.26606007490191197,2.7931558243796526,0.7861011098415277,2.8330958289492343,5.698415120442708,0.01377172308741272,1.6202089190053004,4.0,0.000419977319344263,5.291502622129181,4.4251595049791e-05,0.0009441539400280783,6.112906617118759e-05,0.0006188935460191111,0.001523420812387878,0.00265868043357179,0.012286676209195678,0.00441080240873993,0.19069089155156604,8.655822923098972e-05,0.0015289918495696075,0.0,6.713787578740424e-05,0.0006023446455995314,0.002934430926272528,0.02335093515856374,0.013174912865419658,0.016743428760383684,0.19976256734756617,7.486325160168173e-05,0.0010193278997129409,0.0
P4D,eid,ku,u2,1.0,0.75,disturbance,3,3,9.998854458333275,9768.0,0.09929000774754405,0.14640840814675027,0.05049321784819297,0.07909265644639407,0.22168545046587215,2.6656987199989732,0.4741870994535617,2.6808336000863116,6.776554107666016,0.017588521950747057,5.4394792362600555,6.0,0.049903030132581266,0.07163663165910687,0.3322427083647629,2.796238222255734,0.805015649878122,2.847253697197002,5.355005582173665,0.03542048630510782,3.626319490840037,4.0,0.0005459542944256452,16.3707055437449,0.000813476313546024,0.0029731706695550653,0.000551306614876084,0.0026608677400709207,0.01581581382520493,0.08209002762131558,0.0070502670454961995,0.08250134017086816,0.26478862207903486,0.0008792464546588046,0.0027052926184013004,0.0,0.0004218204954544103,0.00021076134073548552,0.033364993584476185,0.11078364425701391,0.010205888712705849,0.11462461125843527,0.1656461997765408,0.0003654302379448811,0.0018035284122677679,0.0
P4D,eid,ku,u2,1.0,0.75,plateau,3,3,9.998854458333275,9768.0,0.11027297586302658,0.14640840814675027,0.05625257849992248,0.07909265644639407,0.18880212509936367,3.0072970510213555,0.46524708311163465,3.0265367933685083,6.776554107666016,0.017430124876577666,6.0,6.0,0.055279869364538464,0.07163663165910687,0.2719505447920279,3.0770300550516594,0.8006378151682562,3.1151767090769824,5.355005582173665,0.037185425437080984,4.0,4.0,0.0005459542944256452,16.3707055437449,0.0011060061554418181,0.0029731706695550653,0.0009675069465838495,0.0026608677400709207,0.015062785696523832,0.11876956261578095,0.010153083703726163,0.12041717701056942,0.26478862207903486,0.0005342964076980436,0.0,0.0,0.0004201767954276734,0.00021076134073548552,0.037690624693736956,0.12296415002326648,0.019020816255587786,0.1238141620438097,0.1656461997765408,0.00027798456386587955,0.0,0.0
P4D,eid,ku,u2,1.0,0.75,post,3,3,9.998854458333275,9768.0,0.02556861708558843,0.05075872674137103,0.009395799569756565,0.02018686632071573,0.1303072241379996,3.220168417419632,0.5491902555672059,3.2468633940785807,6.8442487716674805,0.00807567603304041,0.0,0.0,0.01727430390303351,0.03754532451698025,0.26520073129387417,2.775702942342934,0.7836711853911229,2.7968751819136277,5.801753520965576,0.014073167105345764,0.0,0.0,0.0005459542944256452,16.3707055437449,0.001032529431091351,0.0006720305495607996,0.0005459176154114485,0.0011118210582664514,0.013115117748807635,0.07124865486154196,0.012443137398899769,0.06942367913059055,0.10959034531980182,0.0012923362115351842,0.0,0.0,0.0006736313848329235,0.005486808246323636,0.03358389041597486,0.04147702692435812,0.025595166773469163,0.04025864404419736,0.4887655503412655,0.00011965975255576278,0.0,0.0
P4D,eid,ku,u2,1.0,0.75,pre,3,3,9.998854458333275,9768.0,0.027915256891437343,0.049893633435016994,0.010286448129806607,0.01929331027784975,0.11156799041908193,3.2344186274265305,0.5454126470171776,3.2672583101732813,6.901706536610921,0.0066025301209005445,0.0,0.0,0.0185176686213688,0.03247738744933718,0.2310117958282707,2.8410154831259327,0.7630743419777373,2.8872328041940523,5.39111328125,0.014724691984335713,0.0,0.0,0.0005459542944256452,16.3707055437449,0.0004940878876386996,0.00086322583790495,0.000530835677963988,0.0010306183434365323,0.004569532578186142,0.07155846539165438,0.015855651473724357,0.08235424514963528,0.15399034759048086,0.0001699683550487163,0.0,0.0,0.00020190065877715826,0.00042729020652895934,0.0053842662379102214,0.0042548307182836,0.027385952916974748,0.015591888117144174,0.044671540683641674,0.0001817985737975784,0.0,0.0
P4D,eid,ku,u2,1.0,0.75,steady,3,3,9.998854458333275,9768.0,0.0504542182098797,0.14640840814675027,0.02424099514000119,0.07909265644639407,0.14534305842511666,3.026179615574541,0.520498852180555,3.054902664688871,6.979504744211833,0.010345006247954936,2.431897773361001,6.0,0.027486387940772006,0.07163663165910687,0.2677959466615958,2.7798331341639773,0.7907381219918168,2.8143851032539904,5.975160598754883,0.020627216623803082,1.6212651822406672,4.0,0.0005459542944256452,16.3707055437449,0.0005227079136308506,0.0029731706695550653,0.0003241772014483303,0.0026608677400709207,0.008849485814911453,0.04775896376360069,0.007785379969145764,0.04566930348064851,0.11798316535836745,0.0004865065977754323,0.001205797746301209,0.0,0.00025225588627165096,0.00021076134073548552,0.017277332467957644,0.03482392512900719,0.012941771878257595,0.037446957474472284,0.26310571188253734,8.51363409051962e-05,0.0008038651642009722,0.0
P4D,eid,ku,u3,1.0,1.0,disturbance,3,3,9.999068623333415,9750.666666666666,0.09910984605867111,0.1450985811315002,0.05056048220113468,0.07879964684087104,0.22513520869491507,2.6762249834648446,0.48938273064017884,2.7114522434891977,6.699307759602864,0.024029340547078826,5.438505959885763,6.0,0.04985951584902041,0.07201624851146789,0.33355144927239605,2.843767607548294,0.8314305729144796,2.899113992710742,5.079486687978108,0.047259190997963975,3.625670639923842,4.0,0.000583474848027523,10.263202878894019,0.0006442403956482521,0.0018779708689163287,0.0004983156795003934,0.0027375158058261066,0.020694289655408933,0.07150972242613352,0.01728673005773706,0.0656299970990981,0.31243681714841365,0.004593773959403943,0.0015895739380725749,0.0,0.00032745795029163804,0.0006198057282732023,0.008778256712354486,0.04257999289024675,0.027140436439470315,0.04200496456913787,0.17483490542663127,6.42308701632865e-05,0.0010597159587150933,0.0
P4D,eid,ku,u3,1.0,1.0,plateau,3,3,9.999068623333415,9750.666666666666,0.11006001758419091,0.1450985811315002,0.05625703280059694,0.07879964684087104,0.1962364841595354,3.011545043194553,0.5001679815851109,3.0567109470723874,6.699307759602864,0.024347382165535437,6.0,6.0,0.05533406637391595,0.07201624851146789,0.28298412190605743,3.1171348431098944,0.8186626241957057,3.1656273546694464,5.073861916859945,0.049656731253858305,4.0,4.0,0.000583474848027523,10.263202878894019,0.000926047830265556,0.0018779708689163287,0.0007771297959409533,0.0027375158058261066,0.03331158432377319,0.10201449246394301,0.017905249987221976,0.091081122783026,0.31243681714841365,0.005667279555534817,0.0,0.0,0.00038021779740918867,0.0006198057282732023,0.016999821174593522,0.05399575100224533,0.015236987972955566,0.05518514634417151,0.16575186471351114,0.0001739545105057642,0.0,0.0
P4D,eid,ku,u3,1.0,1.0,post,3,3,9.999068623333415,9750.666666666666,0.02515489688643172,0.05168951509807851,0.009214393468921613,0.021259017977883234,0.12590905512684633,3.1840025062280173,0.5298801200719082,3.2185376583112766,6.985432783762614,0.010031439381903531,0.0,0.0,0.016922359439761166,0.03369288897764363,0.2541615416016913,2.801239248989232,0.7944363842134191,2.821319111820858,5.4492692947387695,0.019616999133487096,0.0,0.0,0.000583474848027523,10.263202878894019,0.0005493509705871775,0.0019631833342791303,0.0005367689204256169,0.0008161875814113824,0.002348721791656037,0.03459259436680945,0.02416641723443411,0.012522490445410608,0.2967910759470381,0.00019792942061102204,0.0,0.0,0.00015225211932384398,0.000708593557221908,0.0056708579260212185,0.057386911142231316,0.034970368567858526,0.03578806954810631,0.11567923973309388,0.000939747595121951,0.0,0.0
P4D,eid,ku,u3,1.0,1.0,pre,3,3,9.999068623333415,9750.666666666666,0.027741899738268256,0.04981048781154255,0.01026741114625915,0.020205236153939505,0.11015857206723396,3.181841157405963,0.5365568124671899,3.213832376817207,6.674292087554932,0.008894492188559805,0.0,0.0,0.018415930230964907,0.03215164964525171,0.22887521142098102,2.828486594016448,0.80090204628304,2.884082359284971,5.344261487325032,0.019604911808987935,0.0,0.0,0.000583474848027523,10.263202878894019,2.9535094349856596e-05,1.7434530755692976e-05,5.640932609118165e-05,0.0009322761697234871,0.003155435457148048,0.030247563288628408,0.01834828302946773,0.021137921445240408,0.06500833734470256,0.00014564937782066245,0.0,0.0,4.063947004025112e-05,0.00034483076076629573,0.004840368627795429,0.01731139272784707,0.011443533625206776,0.014093436355076722,0.11166390700102144,0.00022614749615515602,0.0,0.0
P4D,eid,ku,u3,1.0,1.0,steady,3,3,9.999068623333415,9750.666666666666,0.05035744525440791,0.1450985811315002,0.024259624527521232,0.07879964684087104,0.14642558221110383,3.0258943182279836,0.5126319477219394,3.0610069518695275,7.020952224731445,0.014209150237946848,2.433003395353146,6.0,0.027392316238050243,0.07201624851146789,0.2688857229996751,2.804785264991836,0.7992573440061695,2.8415875172735947,5.811581929524739,0.027924921998656205,1.622002263568764,4.0,0.000583474848027523,10.263202878894019,0.00016071824772382161,0.0018779708689163287,0.00014369473629468143,0.0027375158058261066,0.007231129230475461,0.018674376977015985,0.010003207452719043,0.015915503331083332,0.24980554445385011,0.0017972164347726865,0.0010753523547741093,0.0,0.00010099630616015312,0.0006198057282732023,0.00530687583715349,0.02967594452462512,0.01966282412185733,0.026226245986349078,0.25578864031071574,0.00036523474766641064,0.0007169015698493481,0.0
P4D,eid,ku,u4,1.0,1.25,disturbance,3,3,9.998855463333333,9756.0,0.09886572399087157,0.14466336649189807,0.05039960985565887,0.07846491994472571,0.2182101577412204,2.6680326039719624,0.48539030909034314,2.687375583384208,6.808601061503093,0.029293179014215572,5.437983697108422,6.0,0.049667333840118955,0.07282192210474754,0.31699237164580835,2.7950553316638787,0.8211822196811492,2.8340993675937463,5.302138010660807,0.05886444505743426,3.6253224647389484,4.0,0.0007353200763247539,17.08800749063506,0.0011833057661971374,0.004448747618982384,0.0007305013531002626,0.0032882637325992617,0.010519783970775697,0.051915747002259545,0.01876456723466484,0.048298094944570935,0.12799443843578603,0.002150656313597805,0.0009832292818509664,0.0,0.0006079181070731988,0.0008743714798719415,0.02897091131248923,0.05981422687496367,0.01859894170032886,0.07924120268934401,0.25696284045490514,0.0003876441823564632,0.0006554861879008333,0.0
P4D,eid,ku,u4,1.0,1.25,plateau,3,3,9.998855463333333,9756.0,0.10983524909747484,0.14466336649189807,0.05601111691669194,0.07846491994472571,0.19086798882475528,3.0130298836212988,0.48597303071618764,3.0348476623818,6.808601061503093,0.029933031167653366,6.0,6.0,0.05522218574213574,0.07282192210474754,0.26722427142871913,3.0690249910378644,0.80734460954193,3.1044047653076077,5.302138010660807,0.062066704641494254,4.0,4.0,0.0007353200763247539,17.08800749063506,0.001494493622993879,0.004448747618982384,0.001061679025631974,0.0032882637325992617,0.013100872916101458,0.06405461334582241,0.02559533892202918,0.06407576207453651,0.12799443843578603,0.0037586544216060527,0.0,0.0,0.0006096054641368015,0.0008743714798719415,0.02757378799702385,0.05085882871396015,0.032645908813218646,0.07703506342019636,0.25696284045490514,0.00022559354533648146,0.0,0.0
P4D,eid,ku,u4,1.0,1.25,post,3,3,9.998855463333333,9756.0,0.025072437815393516,0.050123059808057015,0.009256005962978528,0.020427460444700857,0.1256262838293827,3.1685404748463935,0.5376087704303208,3.213883725295353,6.859132130940755,0.013754245146487301,0.0,0.0,0.01681071171783644,0.033258115199921535,0.2574104743433067,2.7966088483819025,0.7869807319187684,2.8310562467304803,5.920451641082764,0.02526774369803751,0.0,0.0,0.0007353200763247539,17.08800749063506,0.00028494473841251714,0.0013441405902448376,0.0003928200308545702,0.0002747362809088048,0.003890256799306886,0.01017376860683093,0.014588012182167992,0.0009663493042779816,0.19356462896948962,0.0008517896654641443,0.0,0.0,0.00025995822504390774,0.000692354324720974,0.0139800825353002,0.03924644396697161,0.017613432867349656,0.032351428337553806,0.3459484135208894,0.0008410232271162583,0.0,0.0
P4D,eid,ku,u4,1.0,1.25,pre,3,3,9.998855463333333,9756.0,0.027828773214048388,0.05079912954317815,0.010388359169392918,0.02117940100040172,0.11176555719635518,3.1978177835945307,0.5288514592321669,3.2253377830671615,6.651051998138428,0.011244616790253396,0.0,0.0,0.018398627260857312,0.032266367652198334,0.2290505670115056,2.8408612487460982,0.7806943528162836,2.888862513866282,5.372786362965901,0.024410781661576605,0.0,0.0,0.0007353200763247539,17.08800749063506,3.545302658746191e-05,0.0005199099603916602,3.0635444150366903e-05,0.00012802682346546267,0.0017729394771805508,0.01601128000747309,0.0187961014290792,0.009667913169947341,0.027904055282702254,0.00029783672455576966,0.0,0.0,0.0001028862653308245,0.0005146228087305611,0.006981672843463649,0.02750012718561241,0.048756346143828976,0.029951849301228517,0.08414823673428184,0.0003088371281243287,0.0,0.0
P4D,eid,ku,u4,1.0,1.25,steady,3,3,9.998855463333333,9756.0,0.05028764426007126,0.14466336649189807,0.024228278389476846,0.07846491994472571,0.1449839710681835,3.0224348121363946,0.5071461134973739,3.0610383319627776,6.953511079152425,0.0182907378622417,2.4309870042640225,6.0,0.02731841751767605,0.07282192210474754,0.2679231895604463,2.7944272551115645,0.7843508564661089,2.8313228360337988,6.136310418446858,0.03542844517088876,1.6206580028426816,4.0,0.0007353200763247539,17.08800749063506,0.0004473145649872615,0.004448747618982384,0.0002579312585104977,0.0032882637325992617,0.0023808218688226874,0.011682651010439025,0.014854210596587158,0.014794234848732204,0.06253566869944142,0.0006790111341911176,0.002269936631153178,0.0,0.00020448233216213392,0.0008743714798719415,0.011389156473801855,0.022715270437161414,0.007897778622723041,0.02319663828051971,0.07009133851665851,0.00023135961354087025,0.0015132910874353742,0.0
