family,method,scan,group,ko_scale,ku_scale,target,disturbance_method,repeat,status,returncode,config,log_path,duration_s,rows_total,rows_steady,flag_nonzero_rows,sat_rows,max_lowstate_gap_s,hip_rmse_rad,hip_vel_rmse_rad_s,hip_max_abs_err_rad,hip_tau_est_rms_nm,hip_tau_est_diff_rms_nm_per_sample,hip_tau_cmd_rms_nm,hip_tau_cmd_diff_rms_nm_per_sample,hip_max_abs_tau_est_nm,hip_max_abs_tau_cmd_nm,hip_max_abs_dq_rad_s,hip_ref_acc_rms_rad_s2,hip_ref_jerk_rms_rad_s3,hip_eta_q_rms,hip_eta_dq_rms,hip_eta_u_rms_nm,knee_rmse_rad,knee_vel_rmse_rad_s,knee_max_abs_err_rad,knee_tau_est_rms_nm,knee_tau_est_diff_rms_nm_per_sample,knee_tau_cmd_rms_nm,knee_tau_cmd_diff_rms_nm_per_sample,knee_max_abs_tau_est_nm,knee_max_abs_tau_cmd_nm,knee_max_abs_dq_rad_s,knee_ref_acc_rms_rad_s2,knee_ref_jerk_rms_rad_s3,knee_eta_q_rms,knee_eta_dq_rms,knee_eta_u_rms_nm,coord_rmse_rad,coord_max_abs_rad,condition_key
P1,pd,,,,,,,r01,ok,0,config/h1_real_p1_lite_hip_knee_pd.yaml,data/20260623_165407/h1_real_p1_lite_hip_knee_pd_log.csv,7.998739792000379,7834,4898,4898,4898,nan,0.03415053098355303,0.1994302077196641,0.05661461157613068,3.7369012317214154,0.4100451065055062,0.0,0.0,6.85546875,0.0,1.3134316205978394,4.167147053073357,252.28210442479568,0.3231806023686177,0.7216084080800415,0.0,0.02694157729701194,0.20440516737756184,0.053467778414518996,2.687492136076314,0.6494665381966437,0.0,0.0,6.65625,0.0,1.3971288204193115,5.208933816341702,315.3526305309971,0.5304452733140776,0.9020105101000512,0.0,0.03091351408134206,0.052910448073264504,P1:pd
P1,eid,,,,,,,r01,ok,0,config/h1_real_p1_lite_hip_knee_eid.yaml,data/20260623_165421/h1_real_p1_lite_hip_knee_eid_log.csv,7.998906353000166,7798,4876,4876,4876,nan,0.012426791028321163,0.16717221236390298,0.02800332714629361,3.916826617774595,0.5359978207553876,3.929250885213207,0.1854936822725127,8.671875,8.501599311828613,1.5735026597976685,4.166678127118364,251.75579496021632,0.0005632158678474029,0.016118110401289788,0.020362261530382078,0.01786134811245672,0.19033427610286602,0.046124048734196677,2.783918943787214,0.7790515847436735,2.793486873478414,0.1369077101528667,9.375,8.033604621887207,1.4541698694229126,5.20834765889796,314.69474370027376,0.0004924283039960543,0.015509402685289646,0.01798039341569238,0.017941851609836877,0.03738160203382179,P1:eid
P1,pd,,,,,,,r02,ok,0,config/h1_real_p1_lite_hip_knee_pd.yaml,data/20260623_165434/h1_real_p1_lite_hip_knee_pd_log.csv,7.999527046000367,7810,4878,4878,4878,nan,0.03413316332161792,0.19870656242644574,0.057586943659154205,3.716533768544003,0.40866345446919383,0.0,0.0,6.9140625,0.0,1.2747608423233032,4.168529936399395,251.9521459143086,0.32325269483981495,0.7215232192985649,0.0,0.027128157595252403,0.20451690877663695,0.0524212972414167,2.6706934481523126,0.6174485483250836,0.0,0.0,6.46875,0.0,1.399726390838623,5.210662420499253,314.94018239288744,0.5303672121082961,0.9019040241232061,0.0,0.03072271383057379,0.04845472544684715,P1:pd
P1,eid,,,,,,,r02,ok,0,config/h1_real_p1_lite_hip_knee_eid.yaml,data/20260623_165447/h1_real_p1_lite_hip_knee_eid_log.csv,7.9990588800001206,7814,4884,4884,4884,nan,0.012592487289381142,0.16723215755254556,0.023969059704170737,3.9293050201266766,0.5535440242548026,3.947459945983738,0.18778111753248736,8.3203125,7.778785705566406,1.5283757448196411,4.170913493273058,251.90518117377914,0.0005608829242385108,0.015548851047431174,0.019790551952607597,0.01789633310394747,0.1951338212674628,0.0476720926714132,2.790347081608581,0.7767715246028517,2.8050506110037507,0.13966886577772222,9.65625,8.490139961242676,1.4576770067214966,5.213641866591317,314.8814764672268,0.0005079846050041166,0.015519744703146734,0.01804424460246524,0.018507567408824713,0.03415318309368931,P1:eid
P1,pd,,,,,,,r03,ok,0,config/h1_real_p1_lite_hip_knee_pd.yaml,data/20260623_165501/h1_real_p1_lite_hip_knee_pd_log.csv,7.9988389930003905,7802,4878,4878,4878,nan,0.033982808416338474,0.19902372591454623,0.05789380469902289,3.6836046103167783,0.4043871125823064,0.0,0.0,7.03125,0.0,1.2834112644195557,4.167397991256823,252.0997592497945,0.32335345051032044,0.7214238547805413,0.0,0.027229783403791404,0.20527297102146477,0.05263616106277458,2.6902125245269697,0.6536161327883686,0.0,0.0,7.03125,0.0,1.402417540550232,5.209247489071023,315.1246990622455,0.5302565808141846,0.9017798184756765,0.0,0.030572990357228835,0.047795446290971766,P1:pd
P1,eid,,,,,,,r03,ok,0,config/h1_real_p1_lite_hip_knee_eid.yaml,data/20260623_165514/h1_real_p1_lite_hip_knee_eid_log.csv,7.999178377000135,7824,4892,4892,4892,nan,0.013049769342451662,0.15403518582239584,0.02286566105782431,3.939898569206551,0.5183224179833777,3.9684605268553184,0.1870330308073018,7.91015625,7.642214775085449,1.4881478548049927,4.167543132530567,251.72218934337283,0.0005046469101309036,0.012363677237396599,0.015869143159599225,0.017760332100911443,0.1816927759686153,0.04894396995822686,2.7674702941737785,0.7850444662780206,2.770151402588445,0.13812244418292588,9.65625,8.226622581481934,1.4636116027832031,5.209428915663212,314.652736679218,0.0004944803384635087,0.015097770255879885,0.017533596636204164,0.018006515224199382,0.034696275074796334,P1:eid
P1,pd,,,,,,,r04,ok,0,config/h1_real_p1_lite_hip_knee_pd.yaml,data/20260623_165528/h1_real_p1_lite_hip_knee_pd_log.csv,7.998574050999196,7808,4884,4884,4884,nan,0.034321865212395795,0.19938959905931997,0.06395732889236608,3.695147253617027,0.4051239754352519,0.0,0.0,6.6796875,0.0,1.271491289138794,4.167551234644414,251.91850336477992,0.32334359442676525,0.7217029148865912,0.0,0.027459747417782947,0.20624980975030258,0.05834918102296677,2.7029600038763584,0.6338953094881111,0.0,0.0,6.84375,0.0,1.4124174118041992,5.20943904330552,314.8981292059786,0.5302213066932912,0.9021286436082393,0.0,0.030609716577659044,0.049349926444030245,P1:pd
P1,eid,,,,,,,r04,ok,0,config/h1_real_p1_lite_hip_knee_eid.yaml,data/20260623_165541/h1_real_p1_lite_hip_knee_eid_log.csv,7.998681928000224,7812,4884,4884,4884,nan,0.012986238190809159,0.1601815771050282,0.026982851935924757,3.923401525214922,0.5417221563917082,3.9601606379486847,0.18644771440017113,8.37890625,7.806795597076416,1.5295507907867432,4.166911531395113,251.7577760019609,0.0007829376777728616,0.013232657447040913,0.018537244314567047,0.017707553007719163,0.20023726961063026,0.05532004794971268,2.7970012145007943,0.7505470915298059,2.82922092974836,0.1456201687071652,9.28125,8.264542579650879,1.635425329208374,5.208639414243887,314.6972200024538,0.000867494656822585,0.015688413652991846,0.02016488825398069,0.018098358972241692,0.03782544702654511,P1:eid
P1,pd,,,,,,,r05,ok,0,config/h1_real_p1_lite_hip_knee_pd.yaml,data/20260623_165554/h1_real_p1_lite_hip_knee_pd_log.csv,7.999237904999973,7800,4874,4874,4874,nan,0.03455461869651159,0.20281749873195648,0.059698764153715445,3.716912892775864,0.4052144592430904,0.0,0.0,7.08984375,0.0,1.2777342796325684,4.169090536388822,251.93892763195697,0.32320788462607536,0.721494312122473,0.0,0.027829789412304656,0.20886118654731434,0.06185668217710899,2.7345745757813678,0.59678158039202,0.0,0.0,6.84375,0.0,1.4145866632461548,5.211363170486026,314.9236595399478,0.5304285524419616,0.9018678901530909,0.0,0.030290468202499445,0.053458510452251695,P1:pd
P1,eid,,,,,,,r05,ok,0,config/h1_real_p1_lite_hip_knee_eid.yaml,data/20260623_165608/h1_real_p1_lite_hip_knee_eid_log.csv,7.999590551000438,7808,4882,4882,4882,nan,0.012377550281981132,0.15774993895779324,0.03155673165271039,3.8915600384303777,0.5352438261289556,3.9142626748604146,0.18415036381785152,8.0859375,8.042840957641602,1.5452642440795898,4.166885677116227,252.13360031552043,0.0006738774739323643,0.013813352176218197,0.018637229254098983,0.017909683873029308,0.18909481518136181,0.04626887527038159,2.7977587616448103,0.7430300168344535,2.820578804027808,0.1407089540145151,8.90625,8.03942584991455,1.4640889167785645,5.208607096395284,315.1670003944033,0.0006846942772057464,0.015696517560224613,0.019021981062598965,0.017997528519564602,0.035406839802901935,P1:eid
P2-H,pd,,,,,hip,manual_push,r01,ok,0,config/h1_real_p2_anti_hip_knee_pd.yaml,data/20260623_165626/h1_real_p2_anti_hip_knee_pd_log.csv,9.998354638999444,9750,6818,6818,6818,nan,0.023531766748894147,0.13555989113082997,0.05030716007468827,2.3786172461365163,0.37964997707278164,0.0,0.0,4.921875,0.0,1.183621883392334,4.387908336136815,264.39311148817535,0.3335312901583631,0.7910909714235667,0.0,0.024569244361678195,0.1834069796058797,0.047938733722256655,2.325653405450533,0.5996072692736113,0.0,0.0,5.71875,0.0,1.4609061479568481,5.484885420706402,330.49138938943446,0.5302632613467526,0.9888637141846174,0.0,0.04691073744801225,0.09760348554021325,P2-H:pd
P2-H,eid,,,,,hip,manual_push,r01,ok,0,config/h1_real_p2_anti_hip_knee_eid.yaml,data/20260623_165642/h1_real_p2_anti_hip_knee_eid_log.csv,9.99911820000034,9754,6824,6824,6824,nan,0.00786149429860298,0.10630152167486175,0.01800366371768991,2.769189146912286,0.5239113181315775,2.8139912825474394,0.18532105874041532,7.79296875,6.733251571655273,1.2183171510696411,4.387193863676024,264.5470583129121,0.0006448176022269114,0.0057681480580435394,0.010673139375786124,0.016780943156201024,0.21740758253507897,0.037580061508118434,2.5709466234998173,0.7483869802645897,2.6068825652641148,0.14593243300793268,7.21875,6.05360746383667,1.6652276515960693,5.483992330130888,330.6838229205438,0.0007964484592518825,0.015426125601384974,0.019951309891909387,0.023812467996550252,0.04968439624441334,P2-H:eid
P2-H,pd,,,,,hip,manual_push,r02,ok,0,config/h1_real_p2_anti_hip_knee_pd.yaml,data/20260623_165657/h1_real_p2_anti_hip_knee_pd_log.csv,9.999668775000828,9748,6818,6818,6818,nan,0.02363784328305621,0.1354996260347509,0.050356586562855465,2.3869506177042514,0.3740886305540164,0.0,0.0,4.921875,0.0,1.1992394924163818,4.3887871341295925,264.306306583833,0.33348055448316183,0.7910135905604491,0.0,0.024652860913546182,0.18303350310950917,0.05128024918487195,2.3139226633970416,0.5969087297360655,0.0,0.0,5.25,0.0,1.4469151496887207,5.48598391820775,330.38288326027964,0.5301944167536246,0.9887669881028347,0.0,0.04710601155645347,0.10163683574772742,P2-H:pd
P2-H,eid,,,,,hip,manual_push,r02,ok,0,config/h1_real_p2_anti_hip_knee_eid.yaml,data/20260623_165712/h1_real_p2_anti_hip_knee_eid_log.csv,9.998766315000466,9768,6838,6838,6838,nan,0.008189301700276277,0.11417479440245971,0.01826368564360692,2.7800908496810006,0.5156026750454843,2.8261115106228116,0.18485452467215474,7.265625,6.802303791046143,1.292462944984436,4.388451522164548,264.44647326089097,0.0006040207922395857,0.0064729147444307494,0.010924554140029638,0.017038117637419886,0.2297243846251973,0.0439526288655504,2.6168842664552274,0.7479073854630033,2.638479250723657,0.14570827868404215,8.8125,7.533877372741699,1.7577310800552368,5.485564403207335,330.55809160428873,0.0007566861501606228,0.015540087855444785,0.020082441589685328,0.024293290385955697,0.05913525465054503,P2-H:eid
P2-H,pd,,,,,hip,manual_push,r03,ok,0,config/h1_real_p2_anti_hip_knee_pd.yaml,data/20260623_165728/h1_real_p2_anti_hip_knee_pd_log.csv,9.998528940999677,9774,6848,6848,6848,nan,0.02354353839498258,0.13491430905119667,0.048510586282836,2.387784128706375,0.36322448119534384,0.0,0.0,5.09765625,0.0,1.1940016746520996,4.3866142944751525,264.50309616399807,0.3333929197350656,0.791194310856777,0.0,0.024451300095648748,0.1824285784870599,0.04874213462757904,2.3078595087839746,0.6152858969991204,0.0,0.0,4.875,0.0,1.441065788269043,5.483267868622177,330.62887023605083,0.5300851264480207,0.9889928884752035,0.0,0.046785297937247186,0.09620494839970384,P2-H:pd
P2-H,eid,,,,,hip,manual_push,r03,ok,0,config/h1_real_p2_anti_hip_knee_eid.yaml,data/20260623_165743/h1_real_p2_anti_hip_knee_eid_log.csv,9.99923945000046,9758,6828,6828,6828,nan,0.007756131212657512,0.10413415576206005,0.016862211140572292,2.7622218456795964,0.5063790553107935,2.8085329394841283,0.18524613925004754,7.03125,6.489190578460693,1.212975263595581,4.387279963355004,264.5463858180642,0.0005158578230741312,0.005878032355515363,0.009674580556442734,0.01673837485466481,0.20983005071835772,0.03609876684710034,2.5302597042534596,0.7509710696351412,2.5845688139508267,0.14182640453492446,6.84375,5.924071788787842,1.6546971797943115,5.484099954733795,330.68298230388405,0.000616257398972675,0.015151906144246623,0.018909712445310783,0.023687109828473156,0.04900278921948109,P2-H:eid
P2-H,pd,,,,,hip,manual_push,r04,ok,0,config/h1_real_p2_anti_hip_knee_pd.yaml,data/20260623_165759/h1_real_p2_anti_hip_knee_pd_log.csv,9.999977743000272,9768,6840,6840,6840,nan,0.02345697280732,0.13426089711145978,0.04764887188147382,2.3869746328398054,0.3711020180899552,0.0,0.0,4.8046875,0.0,1.1956442594528198,4.3847323410485,264.2882816968661,0.3335673047687314,0.791483682641247,0.0,0.024246907293623478,0.1810946132533485,0.04611705283935941,2.3114873760855,0.6290167340207431,0.0,0.0,5.25,0.0,1.437074065208435,5.480915426851294,330.3603521517305,0.5303225571624177,0.989354603204157,0.0,0.04650354422667344,0.09365976681946964,P2-H:pd
P2-H,eid,,,,,hip,manual_push,r04,ok,0,config/h1_real_p2_anti_hip_knee_eid.yaml,data/20260623_165814/h1_real_p2_anti_hip_knee_eid_log.csv,9.999825373000022,9760,6826,6826,6826,nan,0.00786266143260395,0.10412524080061224,0.016018167899022107,2.76920139120307,0.5159232139014127,2.8068420358740207,0.18468253256759282,7.03125,6.487663269042969,1.1881126165390015,4.386197680657264,264.5122179400456,0.0004380468337507596,0.005725787065714168,0.008942115401123987,0.016762363487776082,0.20878636580513776,0.033746279441555505,2.513770547976983,0.7831708142593101,2.5756690165481624,0.1420029894868765,6.9375,5.857388973236084,1.6252604722976685,5.482747101382204,330.6402724549042,0.0005509977012795067,0.015034890159882028,0.01846493298786661,0.023827760837586403,0.04760609691009243,P2-H:eid
P2-H,pd,,,,,hip,manual_push,r05,ok,0,config/h1_real_p2_anti_hip_knee_pd.yaml,data/20260623_165830/h1_real_p2_anti_hip_knee_pd_log.csv,9.999824630000148,9766,6830,6830,6830,nan,0.02344715221377626,0.1341874481551851,0.04118510743704501,2.384392224784583,0.37595822907749626,0.0,0.0,4.86328125,0.0,1.1979886293411255,4.386266729572907,264.6244919604251,0.33350620479935617,0.7909894205487483,0.0,0.024273948649663948,0.18134964445154184,0.03905399612662219,2.305136345943436,0.6241893908504562,0.0,0.0,4.96875,0.0,1.4395982027053833,5.48283341249266,330.7806149828655,0.5302273312359376,0.988736775588514,0.0,0.04652250174281245,0.07788156847020444,P2-H:pd
P2-H,eid,,,,,hip,manual_push,r05,ok,0,config/h1_real_p2_anti_hip_knee_eid.yaml,data/20260623_165845/h1_real_p2_anti_hip_knee_eid_log.csv,9.999417226999867,9762,6832,6832,6832,nan,0.007801203987999443,0.10541084879920277,0.01723150631214687,2.772132034546963,0.5200112090657178,2.808436604296564,0.18439370654462592,7.08984375,6.559914588928223,1.2040915489196777,4.388446007199553,264.3888451086517,0.0004357669186570123,0.005788988420643205,0.009021423192418452,0.01677236169841306,0.21052716347232175,0.03381892503572104,2.5414291854559905,0.7709604242439206,2.580058214919721,0.14151206234291322,6.84375,5.783054351806641,1.641592264175415,5.485557509521496,330.48605641807086,0.0005423701081247183,0.015118956588720001,0.018564124054426024,0.02385527506800265,0.04822491685407071,P2-H:eid
P3,quintic,,,,,,,r01,ok,0,config/h1_real_p3_quintic_hip_knee_pd.yaml,data/20260623_165905/h1_real_p3_quintic_hip_knee_pd_log.csv,7.998820376000367,7806,4878,4878,4878,nan,0.027559870356747142,0.6086979460340085,0.05129940229821567,3.3336124326781973,0.5853243241043673,0.0,0.0,8.0859375,0.0,1.63679039478302,54.42889516853927,6999.5005960954995,0.3274146295894801,0.7876410579127783,0.0,0.025491935798968378,0.6181468737638839,0.05403869349848617,3.545152115612545,0.9910151569602034,0.0,0.0,10.40625,0.0,1.4075567722320557,68.03611896067409,8749.375745119369,0.5260495621604345,0.9845513223909722,0.0,0.030278425333473795,0.04719115711716804,P3:quintic
P3,preview2,,,,,,,r01,ok,0,config/h1_real_p3_preview2_hip_knee_pd.yaml,data/20260623_165919/h1_real_p3_preview2_hip_knee_pd_log.csv,7.999691861999963,5974,3706,3706,3706,nan,0.028690211217357427,0.16787337118555046,0.04878879386720719,2.9840844877437456,0.44959939216802614,0.0,0.0,5.859375,0.0,1.1543972492218018,3.5394541736850704,80.02897039252493,0.32770782099495976,0.659987099614493,0.0,0.027419512816011238,0.1845123008527085,0.05047127982742111,2.542509212800123,0.6989142274224116,0.0,0.0,6.65625,0.0,1.2568690776824951,4.424317717106326,100.03621299103489,0.5259658376401996,0.8249838745180924,0.0,0.030346032285019402,0.04687243111237749,P3:preview2
P3,quintic,,,,,,,r02,ok,0,config/h1_real_p3_quintic_hip_knee_pd.yaml,data/20260623_165932/h1_real_p3_quintic_hip_knee_pd_log.csv,7.99874580300002,7818,4884,4884,4884,nan,0.027480817101442772,0.6068666516750029,0.04973165745789809,3.3123258934264213,0.587870234542511,0.0,0.0,8.0859375,0.0,1.64781653881073,54.442775941961735,7002.284105580141,0.3273082054186989,0.7882226950515369,0.0,0.025403550416723545,0.6195642768076777,0.054476269503467734,3.5154414878394156,0.9785340734049174,0.0,0.0,10.125,0.0,1.4037895202636719,68.0534699274521,8752.85513197516,0.5261441671696854,0.9852783688144203,0.0,0.030208907378501744,0.046727100923778186,P3:quintic
P3,preview2,,,,,,,r02,ok,0,config/h1_real_p3_preview2_hip_knee_pd.yaml,data/20260623_165946/h1_real_p3_preview2_hip_knee_pd_log.csv,7.999912533000497,6054,3754,3754,3754,nan,0.02858391881895931,0.1676995395381263,0.0484285168287939,2.968442061383604,0.4534477103968218,0.0,0.0,5.5078125,0.0,1.1535694599151611,3.5206815932190865,81.53264144065466,0.32742693388005506,0.6603500718928768,0.0,0.027218387117948804,0.18370906829821243,0.05073925017225733,2.5258110630459636,0.6703830530623187,0.0,0.0,6.375,0.0,1.2568973302841187,4.400851991523741,101.91580180116125,0.526272944609998,0.8254375898660797,0.0,0.03044523585738795,0.04685702184533569,P3:preview2
P4-Ko,,ko,o0,0.0,1.0,none,none,r01,ok,0,config/h1_real_p4_ko_o0_hip_knee_eid.yaml,data/20260623_170004/h1_real_p4_ko_o0_hip_knee_eid_log.csv,7.9981184700000085,7838,4908,4908,4908,nan,0.11405818948086852,0.35496204901169126,0.21466720825394237,2.7954777795257084,0.5577066423525445,2.8225150283468126,0.18053999151066014,7.3828125,6.243772506713867,1.7320817708969116,4.369382472515718,263.47599247782813,0.0,0.0,0.0,0.32759221574081737,0.8102278110753861,0.5238019517052881,1.1603058202805918,0.5671308563952246,1.1939027927998032,0.1303520013695055,2.8125,2.165691614151001,0.5622519850730896,5.461728090635465,329.34499059406085,0.0,0.0,0.0,0.400029131235159,0.6065342972615202,P4-Ko:o0
P4-Ko,,ko,o0,0.0,1.0,none,none,r02,ok,0,config/h1_real_p4_ko_o0_hip_knee_eid.yaml,data/20260623_170017/h1_real_p4_ko_o0_hip_knee_eid_log.csv,7.999174176999986,7810,4880,4880,4880,nan,0.11800212458462142,0.3774032845199944,0.2290374214788582,2.8255221213253074,0.5426787810995742,2.860630425359192,0.18084542996713987,7.32421875,6.277982711791992,1.737382173538208,4.373829610697146,263.58045813437775,0.0,0.0,0.0,0.3295371733919535,0.7771603549468233,0.5373924108818301,1.1729794999925036,0.5869316213072916,1.2039230412947246,0.13060648513373177,3.28125,2.179898977279663,0.598783016204834,5.467287013367787,329.47557266295996,0.0,0.0,0.0,0.40488835742814155,0.6601467188974115,P4-Ko:o0
P4-Ko,,ko,o0,0.0,1.0,none,none,r03,ok,0,config/h1_real_p4_ko_o0_hip_knee_eid.yaml,data/20260623_170031/h1_real_p4_ko_o0_hip_knee_eid_log.csv,7.999041902000499,7812,4880,4880,4880,nan,0.1170638563704859,0.36818156552008513,0.21509086308816822,2.8285939992337537,0.5428784722295567,2.862035350671921,0.1813326711875402,6.796875,6.187827110290527,1.7128692865371704,4.372888050151933,263.83940761199347,0.0,0.0,0.0,0.33142549504640706,0.7936472417276418,0.5463507098647693,1.1834794291283994,0.5737993591547664,1.2051188548735992,0.13111966566305078,3.1875,2.15016770362854,0.5948201417922974,5.466110062653363,329.7992595130061,0.0,0.0,0.0,0.4073301373090696,0.6410010120370124,P4-Ko:o0
P4-Ko,,ko,o1,0.25,1.0,none,none,r01,ok,0,config/h1_real_p4_ko_o1_hip_knee_eid.yaml,data/20260623_170044/h1_real_p4_ko_o1_hip_knee_eid_log.csv,7.999850541999876,7798,4876,4876,4876,nan,0.0102783183432451,0.15502766242931687,0.029735782144250766,2.8106946525602243,0.48852194518915215,2.851472937670324,0.18109267166970808,7.03125,6.446723461151123,1.422906756401062,4.372574365686511,263.6121792527497,0.0003054268290410902,0.004728123520276194,0.008092463305761029,0.025465064789647978,0.2793807624704108,0.05418839877872905,2.5398738508527323,0.7397085440388856,2.577148162051442,0.13669427313638746,6.9375,5.52799654006958,1.8943543434143066,5.465717957101408,329.51522406130323,0.0005509715546382557,0.012207370603464055,0.01850411667397787,0.033947352080543815,0.08261451353074722,P4-Ko:o1
P4-Ko,,ko,o1,0.25,1.0,none,none,r02,ok,0,config/h1_real_p4_ko_o1_hip_knee_eid.yaml,data/20260623_170058/h1_real_p4_ko_o1_hip_knee_eid_log.csv,7.9990945999998075,7812,4882,4882,4882,nan,0.010371760352468454,0.16406947692629656,0.0292072658252146,2.8383847126635433,0.4982347124993941,2.876261200356431,0.18069308997588288,6.6796875,6.239647388458252,1.4338316917419434,4.372593453753753,263.88040976698846,0.00033853853287085366,0.004915138251246207,0.008523315328186344,0.02606046444080467,0.2992227492521142,0.05643809461723848,2.6397641436741606,0.7617350053435766,2.6507980951103782,0.1407502187428677,6.75,5.7555999755859375,1.8881381750106812,5.465741817224269,329.8505122077091,0.0005966959956691106,0.012568097697945455,0.019189780820879708,0.03476544228043687,0.08560479118671571,P4-Ko:o1
P4-Ko,,ko,o1,0.25,1.0,none,none,r03,ok,0,config/h1_real_p4_ko_o1_hip_knee_eid.yaml,data/20260623_170111/h1_real_p4_ko_o1_hip_knee_eid_log.csv,7.99985452600049,7826,4874,4874,4874,nan,0.010046070185715806,0.1586450161360361,0.0286319230154789,2.80355641424053,0.49774682627229805,2.8498422064861235,0.18096278796030985,7.03125,6.41117525100708,1.4681217670440674,4.373556918662068,263.6822788262471,0.0003499795012133837,0.004881532661079439,0.00857799907676132,0.02525400520832199,0.2963158695692072,0.05486965294752366,2.57043415620492,0.7599948817014747,2.614609518673275,0.14153480258192436,7.21875,5.933761119842529,1.9069745540618896,5.466946148336179,329.60284853163705,0.0005866515781748022,0.012232695715885665,0.018645195957524667,0.03371907501412109,0.07718039698834955,P4-Ko:o1
P4-Ko,,ko,o2,0.5,1.0,none,none,r01,ok,0,config/h1_real_p4_ko_o2_hip_knee_eid.yaml,data/20260623_170124/h1_real_p4_ko_o2_hip_knee_eid_log.csv,7.998066394999114,7816,4884,4884,4884,nan,0.008827555166705638,0.13493913534722202,0.02120106105420949,2.7338493915845117,0.4961820151042635,2.7834949297622082,0.1819151716907546,6.97265625,6.6843647956848145,1.2970796823501587,4.373974521473814,263.7696595269255,0.0004428877039447744,0.006070440794778809,0.009578318231666936,0.020357721449000155,0.27402955656582506,0.04480809166797395,2.6406653212469005,0.771947380472897,2.680604351826301,0.14706626422644617,7.21875,6.091538906097412,1.7982370853424072,5.467468151852315,329.7120744071343,0.0006011165190742166,0.0145555543307066,0.01943289747846921,0.028342728533821585,0.06573290081478467,P4-Ko:o2
P4-Ko,,ko,o2,0.5,1.0,none,none,r02,ok,0,config/h1_real_p4_ko_o2_hip_knee_eid.yaml,data/20260623_170138/h1_real_p4_ko_o2_hip_knee_eid_log.csv,7.998925199000041,7820,4888,4888,4888,nan,0.009030865149052233,0.13149897549909184,0.026057010935066294,2.7507648150852613,0.5142400611229596,2.7774994356944784,0.18193087825199414,7.20703125,6.644231796264648,1.3009772300720215,4.368773919878845,264.0622946315536,0.0003922572044182424,0.005779681947556705,0.009113299987033151,0.020152052332383475,0.274863640014278,0.04724202541413969,2.6668162119254526,0.7550913836054348,2.692476406471373,0.1456405618495443,7.5,6.529581069946289,1.7820361852645874,5.460967399874878,330.0778682856775,0.0005537476359121616,0.014607309468180465,0.019415758541749418,0.02835501285439629,0.07288070795728074,P4-Ko:o2
P4-Ko,,ko,o2,0.5,1.0,none,none,r03,ok,0,config/h1_real_p4_ko_o2_hip_knee_eid.yaml,data/20260623_170151/h1_real_p4_ko_o2_hip_knee_eid_log.csv,7.9988057939999635,7816,4886,4886,4886,nan,0.008891912947498573,0.13205870064586006,0.020491105712517776,2.7397794703859915,0.5050219710795585,2.775525511228405,0.1809189931640727,7.03125,6.552117347717285,1.3133821487426758,4.370332792947413,263.8946793284147,0.0003415201616308639,0.005945136688064657,0.009001825825144218,0.020309094481827814,0.2743435188066371,0.041146686066079075,2.6537437611864143,0.797300571070664,2.68274335896871,0.1443974677684837,7.3125,6.210392951965332,1.7916053533554077,5.462915991203736,329.86834915767747,0.00046244627484528996,0.014594266456886964,0.01899401045190458,0.02834908269105294,0.06030196344768024,P4-Ko:o2
P4-Ko,,ko,o3,0.75,1.0,none,none,r01,ok,0,config/h1_real_p4_ko_o3_hip_knee_eid.yaml,data/20260623_170205/h1_real_p4_ko_o3_hip_knee_eid_log.csv,7.99854055600008,7814,4886,4886,4886,nan,0.008233600934853876,0.11517339724208087,0.01738192754106893,2.7169693858044095,0.5076542061273035,2.75138266267806,0.18396056544566938,7.44140625,6.733158588409424,1.2745379209518433,4.372232379233232,263.79386836651923,0.0003695140677758804,0.006059573956326516,0.008960604196651869,0.01804281937196024,0.24324194578567468,0.035541912853276236,2.5973034133459083,0.7772494315364342,2.619356520859293,0.14198285371602412,9.0,6.227656841278076,1.6538432836532593,5.465290474013261,329.74233545407316,0.0004695727454926414,0.01523269236791091,0.018876500407142078,0.025629609132447113,0.05101896970283071,P4-Ko:o3
P4-Ko,,ko,o3,0.75,1.0,none,none,r02,ok,0,config/h1_real_p4_ko_o3_hip_knee_eid.yaml,data/20260623_170218/h1_real_p4_ko_o3_hip_knee_eid_log.csv,7.999427973999445,7798,4868,4868,4868,nan,0.00806547284202167,0.11702868522784822,0.018702234136223517,2.702015307127932,0.49409969661547576,2.7391425688263737,0.18378691019136195,6.796875,6.38639497756958,1.281445860862732,4.371947430036028,263.7222051298443,0.00038939209766783363,0.007518937383683629,0.010482884307985694,0.01792767721055508,0.23174758988757874,0.035108442254054406,2.5600889011515804,0.7652673096237625,2.578494473415284,0.14027356352045775,6.65625,5.890916347503662,1.6762958765029907,5.46493428753566,329.65275641115505,0.00047569442725392276,0.0149246701301107,0.018567638327699167,0.02525953097077467,0.05139698651550573,P4-Ko:o3
P4-Ko,,ko,o3,0.75,1.0,none,none,r03,ok,0,config/h1_real_p4_ko_o3_hip_knee_eid.yaml,data/20260623_170231/h1_real_p4_ko_o3_hip_knee_eid_log.csv,7.99931740699958,7808,4876,4876,4876,nan,0.008150594816403478,0.1150391132808302,0.01839040541179704,2.7067774502513635,0.5035811119733342,2.748355682926697,0.18365985559882955,6.85546875,6.453319072723389,1.2846530675888062,4.372922341982489,263.68757636619,0.0003758969717524383,0.006528710686587348,0.009427121614321896,0.017977715052128865,0.2396053480606569,0.03541524305987098,2.5805132638203725,0.8024870497192916,2.6039314350673073,0.1413464170763659,6.75,6.155441761016846,1.6474090814590454,5.466152927464379,329.6094704539163,0.00046862284986587513,0.015126658248332649,0.018761639111467058,0.02544069339347619,0.05078284557395607,P4-Ko:o3
P4-Ko,,ko,o4,1.0,1.0,none,none,r01,ok,0,config/h1_real_p4_ko_o4_hip_knee_eid.yaml,data/20260623_170245/h1_real_p4_ko_o4_hip_knee_eid_log.csv,7.998933803,7804,4876,4876,4876,nan,0.007697463664991468,0.10913137009764488,0.01749083665188722,2.6827116793768853,0.4931386992416735,2.7270958082922143,0.18645093205429872,6.62109375,6.349180221557617,1.3004995584487915,4.373826630388609,263.6234905954167,0.0004579828201645541,0.008498776216232285,0.011790284772900143,0.01671300018698878,0.20966904537134465,0.032255652605323704,2.4918379470715486,0.7608279207210441,2.5163904179196126,0.1406725485812369,6.46875,5.447936534881592,1.5885324478149414,5.467283287966215,329.52936324115547,0.0005289302807275172,0.014992653872595128,0.018355987201742873,0.023809715777818943,0.048440410864524,P4-Ko:o4
P4-Ko,,ko,o4,1.0,1.0,none,none,r02,ok,0,config/h1_real_p4_ko_o4_hip_knee_eid.yaml,data/20260623_170258/h1_real_p4_ko_o4_hip_knee_eid_log.csv,7.999065506000079,7820,4892,4892,4892,nan,0.007844910924976677,0.11164002681763666,0.017928492044258615,2.702032073239625,0.5028878347418878,2.7472264985693977,0.1847382809214986,7.08984375,6.446629047393799,1.2705854177474976,4.371380828435871,263.52996980909614,0.0005779013320015299,0.006980464391001601,0.011076729765152095,0.017089978229229745,0.2331284649112441,0.036934680513366014,2.5736210239719957,0.7705136510318168,2.6032796006127685,0.14622013178541066,7.96875,6.417895793914795,1.7267788648605347,5.464226035608616,329.4124622594856,0.0007272104052853796,0.015607425561573378,0.02011850452260319,0.024302331683703472,0.05486317255762474,P4-Ko:o4
P4-Ko,,ko,o4,1.0,1.0,none,none,r03,ok,0,config/h1_real_p4_ko_o4_hip_knee_eid.yaml,data/20260623_170312/h1_real_p4_ko_o4_hip_knee_eid_log.csv,7.999642814000254,7820,4884,4884,4884,nan,0.007854457881485505,0.10949363911347992,0.018101938820411445,2.6909482881515787,0.48989756422882935,2.737434784902812,0.18602812609626138,6.97265625,6.326413154602051,1.2710256576538086,4.372951556415163,263.73651517501764,0.0007161575718725878,0.007482030267402873,0.01241944192559754,0.016877810033903852,0.2207359282251575,0.0347386633867558,2.504986772427522,0.7368627753300777,2.5636220596367063,0.1458495629354269,6.65625,5.911123275756836,1.741032361984253,5.4661894455017075,329.6706439665208,0.0008620895693750137,0.015342088085838073,0.020372169495011545,0.024032749709629583,0.05284060220716724,P4-Ko:o4
P4-Ko,,ko,o5,1.25,1.0,none,none,r01,ok,0,config/h1_real_p4_ko_o5_hip_knee_eid.yaml,data/20260623_170325/h1_real_p4_ko_o5_hip_knee_eid_log.csv,7.999119150999832,7816,4882,4882,4882,nan,0.00762555134927302,0.10481643366857088,0.01674378945353866,2.697533259155086,0.5010508453969633,2.7282093233284326,0.18653715096120746,6.97265625,6.383576393127441,1.2982251644134521,4.37460449016443,263.73391429120005,0.0009016016786055979,0.0075432944014156775,0.014515271130499031,0.016279820928596797,0.21200479630291036,0.03532931854181259,2.5166597519524765,0.7582917668605698,2.545673057885319,0.1496703232986563,7.03125,6.6949052810668945,1.631479024887085,5.468255612729452,329.66739286083276,0.0010594153292992035,0.01568563682906931,0.02172444502176774,0.023261475308000587,0.04804910894223724,P4-Ko:o5
P4-Ko,,ko,o5,1.25,1.0,none,none,r02,ok,0,config/h1_real_p4_ko_o5_hip_knee_eid.yaml,data/20260623_170338/h1_real_p4_ko_o5_hip_knee_eid_log.csv,7.998941042000297,7814,4886,4886,4886,nan,0.007686415106579849,0.09845619896408787,0.017182971938833724,2.685236143493544,0.5099669431737147,2.726246849317681,0.18607589446841177,6.6796875,6.406777381896973,1.2026660442352295,4.373944287693539,263.75828803885577,0.0008284232167122465,0.006170401850131713,0.012669334899877118,0.016097899025637984,0.1974440841963889,0.03182358073180047,2.462718412600923,0.7620962876757694,2.494626649705071,0.1475135574185758,6.375,5.592904567718506,1.5999391078948975,5.467430359577577,329.6978600473645,0.0010316841379085053,0.015033784552290137,0.020984838439166497,0.023123504699962234,0.0474173501872619,P4-Ko:o5
P4-Ko,,ko,o5,1.25,1.0,none,none,r03,ok,0,config/h1_real_p4_ko_o5_hip_knee_eid.yaml,data/20260623_170352/h1_real_p4_ko_o5_hip_knee_eid_log.csv,7.9986587829998825,7806,4878,4878,4878,nan,0.007685154419888801,0.10344365496729142,0.01656243849417527,2.6906321752854,0.5103685653195198,2.7271898156092407,0.18676871898226768,6.9140625,6.331527233123779,1.2133859395980835,4.371711904381731,263.94926589535163,0.0006033488520650477,0.007527778235077506,0.011785869698525245,0.016204356779398587,0.20455159885235624,0.03102780946696626,2.4684835964907506,0.7536179336201283,2.514558655478974,0.14281937403967243,6.84375,5.767763137817383,1.565433144569397,5.464639880451362,329.93658236620035,0.0006579492196540404,0.01529749292643029,0.019080805551909608,0.0232834762976699,0.04736232348657632,P4-Ko:o5
P4-Ku,,ku,u1,1.0,0.5,none,none,r01,ok,0,config/h1_real_p4_ku_u1_hip_knee_eid.yaml,data/20260623_170625/h1_real_p4_ku_u1_hip_knee_eid_log.csv,7.999023133999799,7810,4880,4880,4880,nan,0.007944891281212172,0.10984359402499076,0.02315366840202998,2.7096142075067493,0.5112133980587388,2.742372890886382,0.18632885212690245,7.08984375,6.718405246734619,1.2818692922592163,4.373562085030724,263.70924861481427,0.0008012713857872335,0.007008075235482737,0.006538052735754924,0.016876283754822245,0.22413330468330217,0.04022340817353898,2.5405779289088155,0.7579576683625018,2.5783519449042824,0.14884021523043292,7.125,6.837924003601074,1.6631953716278076,5.4669526062887455,329.6365607667204,0.0009444614138256102,0.015477374955163905,0.010528680550747438,0.024058526254169186,0.06323725754032805,P4-Ku:u1
P4-Ku,,ku,u1,1.0,0.5,none,none,r02,ok,0,config/h1_real_p4_ku_u1_hip_knee_eid.yaml,data/20260623_170639/h1_real_p4_ku_u1_hip_knee_eid_log.csv,7.998875601000691,7804,4876,4876,4876,nan,0.007782407851328516,0.10991588839485927,0.017540070037097122,2.681172953777308,0.4961505547867682,2.7258495641710843,0.18640896699796594,7.1484375,6.3914079666137695,1.2544680833816528,4.373131361429193,263.83630255174296,0.0007191315446673997,0.00772226400558634,0.006367835209853926,0.016990176304549878,0.21712778450451908,0.03603539325248206,2.510814849321392,0.7508818740741382,2.5514240958013628,0.14621136555976477,7.5,5.735289573669434,1.607500433921814,5.466414201796576,329.79537818882426,0.0008831129775069916,0.015262740931146166,0.010219040268037027,0.024109728547180062,0.05154432142509213,P4-Ku:u1
P4-Ku,,ku,u1,1.0,0.5,none,none,r03,ok,0,config/h1_real_p4_ku_u1_hip_knee_eid.yaml,data/20260623_170652/h1_real_p4_ku_u1_hip_knee_eid_log.csv,7.998151786000562,7810,4880,4880,4880,nan,0.00775383480446065,0.10637148526872282,0.016848763922749366,2.698258327041294,0.5081810373242743,2.733098713870198,0.18433630039964338,7.20703125,6.4175238609313965,1.2781152725219727,4.3738760703445845,263.91598372074935,0.0004969330948256744,0.007310457909279949,0.005410626013503474,0.016798983249137006,0.212833505333236,0.032521987567350696,2.498977442002077,0.7674519536447455,2.5272474269602583,0.14144037289654995,6.9375,5.730643272399902,1.6096965074539185,5.46734508796145,329.89497965050055,0.0006128834873790672,0.015045906409514323,0.009404193847313768,0.023881503417697608,0.047828864779021485,P4-Ku:u1
P4-Ku,,ku,u2,1.0,0.75,none,none,r01,ok,0,config/h1_real_p4_ku_u2_hip_knee_eid.yaml,data/20260623_170706/h1_real_p4_ku_u2_hip_knee_eid_log.csv,7.997994563000248,7808,4878,4878,4878,nan,0.00786917864730312,0.10792565161778192,0.017859228767374558,2.6869400398248593,0.5085649931218525,2.727754238043718,0.1854499501863774,7.03125,6.413825035095215,1.2897734642028809,4.37350094920431,263.7376085583938,0.0004302670837151288,0.007460816848841,0.007793325220425669,0.01687390662520459,0.21759983851784126,0.03228620853545228,2.5118958501942803,0.7765764641461327,2.548296192181522,0.14103302399123907,7.125,6.078730583190918,1.5969809293746948,5.4668761865110405,329.6720106909145,0.0005291945289970302,0.015151946984699788,0.013918751691577105,0.02409796632382832,0.048379569182379845,P4-Ku:u2
P4-Ku,,ku,u2,1.0,0.75,none,none,r02,ok,0,config/h1_real_p4_ku_u2_hip_knee_eid.yaml,data/20260623_170719/h1_real_p4_ku_u2_hip_knee_eid_log.csv,7.998752514999978,7812,4878,4878,4878,nan,0.007823694861058474,0.1088737451113341,0.017771709456902207,2.6947726965771817,0.5094281875078597,2.7255724826189898,0.18618870888930536,6.73828125,6.399993896484375,1.2922694683074951,4.3744549312593,263.6203934545985,0.00044522341322429,0.0082567449060234,0.008464555961973126,0.016847068219616852,0.21349426893427023,0.032474667164008486,2.5094264167254257,0.7957783163150315,2.5343799796592514,0.1393902726103956,6.84375,5.595516204833984,1.599192500114441,5.468068664074115,329.52549181456226,0.0005107713740148073,0.015095900782099199,0.013831048024278567,0.02406891182497133,0.04852977547283599,P4-Ku:u2
P4-Ku,,ku,u2,1.0,0.75,none,none,r03,ok,0,config/h1_real_p4_ku_u2_hip_knee_eid.yaml,data/20260623_170733/h1_real_p4_ku_u2_hip_knee_eid_log.csv,7.999478656000065,7836,4888,4888,4888,nan,0.007754829379005246,0.10710661736316644,0.017779296349205942,2.68774547101252,0.5001744681481874,2.7284799159376574,0.18409813745252135,6.97265625,6.456150054931641,1.294324278831482,4.37226380121373,263.897008009926,0.00042913119171407557,0.007442586136695662,0.007882283897077106,0.016908858560482538,0.21435455671118367,0.031985197240861685,2.501995402911374,0.7756862879276392,2.5391614710281285,0.1405083479589433,6.9375,5.705793857574463,1.613421082496643,5.4653297515284835,329.87126001078326,0.0005330571421256167,0.015093965662163608,0.013901617605236012,0.024030981872726252,0.04876548653708146,P4-Ku:u2
P4-Ku,,ku,u3,1.0,1.0,none,none,r01,ok,0,config/h1_real_p4_ku_u3_hip_knee_eid.yaml,data/20260623_170746/h1_real_p4_ku_u3_hip_knee_eid_log.csv,7.999977693999426,7810,4874,4874,4874,nan,0.00773250476042951,0.10501137271517555,0.017767955760727427,2.6862462208304936,0.5258476528288643,2.731119158961943,0.1840493005012441,7.03125,6.479588508605957,1.3094531297683716,4.373717665161406,263.7711429359284,0.0004351768959381593,0.007112373624966887,0.010295252857711379,0.016731522269152657,0.21290118973208735,0.031881935583020216,2.509256081292601,0.7638730961788658,2.531992763795191,0.1416585313793254,7.3125,5.795679569244385,1.589073896408081,5.467147081452963,329.71392866612484,0.0005240056206149101,0.01507688846885672,0.01845658398125694,0.0238265086591708,0.04815207213770334,P4-Ku:u3
P4-Ku,,ku,u3,1.0,1.0,none,none,r02,ok,0,config/h1_real_p4_ku_u3_hip_knee_eid.yaml,data/20260623_170759/h1_real_p4_ku_u3_hip_knee_eid_log.csv,7.9984135980002975,7814,4886,4886,4886,nan,0.007779059492712508,0.1057679898639347,0.017367859294046717,2.690152752387605,0.5033893849771853,2.7213084892902204,0.18521776800768078,6.796875,6.419074535369873,1.2784192562103271,4.374120536591529,263.7747287107118,0.0004613490161198671,0.006874531649669058,0.010074222900891354,0.016864989417465597,0.21590841240615882,0.031704562645609835,2.513627855797606,0.7721016892251303,2.5457448955478044,0.14150840260921208,7.21875,5.739761829376221,1.5808637142181396,5.467650670704139,329.7184108855103,0.0005333036309910338,0.015126706872580529,0.018540177546754525,0.02404002325684469,0.04840942670384374,P4-Ku:u3
P4-Ku,,ku,u3,1.0,1.0,none,none,r03,ok,0,config/h1_real_p4_ku_u3_hip_knee_eid.yaml,data/20260623_170813/h1_real_p4_ku_u3_hip_knee_eid_log.csv,7.998325267000837,7814,4884,4884,4884,nan,0.007892406055927628,0.11114885656950861,0.018647431792249036,2.6867326665794367,0.4994297737604958,2.739241028342692,0.18714025644061613,6.73828125,6.232093811035156,1.2910312414169312,4.3714709292981215,263.9304802813271,0.0006849467970995715,0.008455333542845875,0.013029809775287891,0.016886679977829736,0.21593467957261778,0.03521773091353764,2.5030190424021477,0.7517574337307199,2.5449760795514282,0.1465684393868659,6.9375,6.384831428527832,1.598876714706421,5.464338661613276,329.9131003500913,0.0008410501919484439,0.015128490856644928,0.020002475871750403,0.024040120983095645,0.05233660608220836,P4-Ku:u3
P4-Ku,,ku,u4,1.0,1.25,none,none,r01,accepted_after_complete_abort,-6,config/h1_real_p4_ku_u4_hip_knee_eid.yaml,data/20260623_170826/h1_real_p4_ku_u4_hip_knee_eid_log.csv,7.998804824000217,7802,4876,4876,4876,nan,0.00815566002837873,0.11321424328835375,0.021245722017115498,2.719420297512304,0.48499387068265265,2.739178551048236,0.18520447135973328,6.6796875,6.007575511932373,1.3047322034835815,4.371288486874096,263.8930557361748,0.0007608483022368193,0.008637850077881863,0.01748601261591752,0.016995522952959752,0.22741253537074968,0.037087263550418914,2.5540090910551534,0.7696341008456213,2.5892565793418076,0.14738722385213768,7.40625,5.709505081176758,1.656327247619629,5.464110608593068,329.86631966784483,0.0008817621837646659,0.015334452939007278,0.025758262639932028,0.02399017637175923,0.05571307140600357,P4-Ku:u4
P4-Ku,,ku,u4,1.0,1.25,none,none,r02,ok,0,config/h1_real_p4_ku_u4_hip_knee_eid.yaml,data/20260623_170840/h1_real_p4_ku_u4_hip_knee_eid_log.csv,7.999395871000161,7814,4880,4880,4880,nan,0.00790822756682725,0.11056194138304681,0.018498871198359856,2.6950428529420485,0.500175135721477,2.7341005158080693,0.18604436634131996,6.97265625,6.252573490142822,1.3153034448623657,4.370697154777925,263.40334045035854,0.0008106244664714545,0.008361416036904044,0.01760477322657202,0.016804720882297754,0.22176369873745902,0.034307284825350726,2.5441539824515695,0.7570585740230705,2.567616407374145,0.1498549257737618,7.125,6.016114711761475,1.6717607975006104,5.46337144345771,329.2541755620435,0.0009459965933654423,0.015442155782520346,0.026088809549734405,0.024014654024527453,0.050638186367164995,P4-Ku:u4
P4-Ku,,ku,u4,1.0,1.25,none,none,r03,ok,0,config/h1_real_p4_ku_u4_hip_knee_eid.yaml,data/20260623_170853/h1_real_p4_ku_u4_hip_knee_eid_log.csv,7.99896165500013,7812,4888,4888,4888,nan,0.007917226729228044,0.10732798892784842,0.020388933682834065,2.6918545618800414,0.5081314223646526,2.7261902376046647,0.18541264992421264,7.20703125,6.615190029144287,1.2062774896621704,4.372972851848738,263.87391879125454,0.0006095486902142071,0.006202530921406975,0.013474908809348962,0.016934241893611965,0.22350759541672205,0.036069066417428464,2.5372858058991516,0.7663916582855563,2.5744010814492015,0.14615200531589892,7.21875,5.6904683113098145,1.7172913551330566,5.466216064805569,329.84239848791094,0.0007477467694779881,0.015330225630881772,0.02474660104630899,0.024172239097590444,0.05555753428294552,P4-Ku:u4
