time_s,cycle,joint_id,q_ref_raw,q_ref,q,q_error,dq_ref_raw,dq_ref,dq,dq_error,tau_cmd,u_raw,tau_est,lowstate_age,dt,flags
0.0,0,2,0.2,0.2,0.2,0.0,1.69283e-16,0.0,0.0,0.0,-0.12,-12.0,0.0,0.0,0.002,0
0.002,1,2,0.200002,0.2,0.199988,1.2000000000012001e-05,0.00329269,4.12605e-09,-0.00588151,0.00588151412605,0.0,0.668893,-0.12,0.0,0.002,0
0.004,2,2,0.200017,0.2,0.199967,3.300000000000525e-05,0.0127924,6.42889e-08,-0.0106652,0.0106652642889,0.12,0.742653,0.00470521,0.0,0.002,0
0.006,3,2,0.200057,0.2,0.199938,6.20000000000065e-05,0.0279343,3.16745e-07,-0.0143675,0.014367816745,0.24,0.800519,0.128532,0.0,0.002,0
0.008,4,2,0.200132,0.2,0.199904,9.600000000001274e-05,0.0481568,9.73615e-07,-0.0170043,0.017005273615,0.36,0.842104,0.251494,0.0,0.002,0
0.01,5,2,0.200253,0.2,0.199867,0.000133000000000022,0.0729015,2.31019e-06,-0.0185916,0.01859391019,0.48,0.867278,0.373603,0.0,0.002,0
0.012,6,2,0.200427,0.2,0.199829,0.00017100000000000448,0.101614,4.6524e-06,-0.0191452,0.0191498524,0.6,0.876135,0.494873,0.0,0.002,0
0.014,7,2,0.200662,0.2,0.199791,0.00020900000000001473,0.133742,8.36434e-06,-0.0186806,0.01868896434,0.72,0.868939,0.615316,0.0,0.002,0
0.016,8,2,0.200964,0.2,0.199757,0.00024300000000002098,0.168738,1.38361e-05,-0.0172134,0.0172272361,0.84,0.846065,0.734945,0.0,0.002,0
0.018,9,2,0.201338,0.2,0.199727,0.0002730000000000232,0.206056,2.14713e-05,-0.0147587,0.014780171299999999,0.807941,0.807941,0.853771,0.0,0.002,0
0.02,10,2,0.201789,0.2,0.199702,0.00029800000000002047,0.245157,3.16757e-05,-0.0126095,0.0126411757,0.77434,0.77434,0.819748,0.0,0.002,0
0.022,11,2,0.202319,0.2,0.199681,0.0003190000000000137,0.2855,4.48445e-05,-0.0107744,0.0108192445,0.745876,0.745876,0.784428,0.0,0.002,0
0.024,12,2,0.202931,0.2,0.199662,0.00033800000000000496,0.326553,6.13514e-05,-0.00920537,0.009266721399999999,0.722124,0.722124,0.754495,0.0,0.002,0
0.026,13,2,0.203626,0.2,0.199646,0.00035400000000002096,0.367783,8.15362e-05,-0.00785905,0.007940586199999999,0.702551,0.702551,0.729489,0.0,0.002,0
0.028,14,2,0.204402,0.200001,0.199633,0.0003680000000000072,0.408662,0.000105694,-0.00669702,0.006802714,0.686563,0.686563,0.708838,0.0,0.002,0
0.03,15,2,0.20526,0.200001,0.199622,0.0003790000000000182,0.448665,0.000134063,-0.00568644,0.005820503,0.673564,0.673564,0.691921,0.0,0.002,0
0.032,16,2,0.206196,0.200001,0.199612,0.00038900000000000046,0.487272,0.000166815,-0.0048,0.004966814999999999,0.662988,0.662988,0.678113,0.0,0.002,0
0.034,17,2,0.207208,0.200002,0.199604,0.00039800000000000946,0.523964,0.000204042,-0.00401549,0.004219532,0.654333,0.654333,0.666828,0.0,0.002,0
0.036,18,2,0.20829,0.200002,0.199597,0.00040500000000001646,0.558227,0.000245747,-0.0033153,0.0035610470000000003,0.647173,0.647173,0.657546,0.0,0.002,0
0.038,19,2,0.209439,0.200003,0.199592,0.0004109999999999947,0.58955,0.000291832,-0.00268563,0.002977462,0.641157,0.641157,0.649825,0.0,0.002,0
0.04,20,2,0.210646,0.200003,0.199588,0.0004149999999999987,0.617424,0.000342089,-0.00211585,0.0024579389999999997,0.63601,0.63601,0.643305,0.0,0.002,0
0.042,21,2,0.211906,0.200004,0.199585,0.00041899999999997495,0.641345,0.000396186,-0.0015978,0.0019939859999999997,0.631521,0.631521,0.637702,0.0,0.002,0
0.044,22,2,0.213209,0.200005,0.199582,0.00042299999999997895,0.660813,0.000453661,-0.00112519,0.001578851,0.627532,0.627532,0.632799,0.0,0.002,0
0.046,23,2,0.214546,0.200006,0.199581,0.00042499999999998095,0.675328,0.000513909,-0.000693163,0.001207072,0.623925,0.623925,0.628433,0.0,0.002,0
0.048,24,2,0.215906,0.200007,0.19958,0.00042699999999998295,0.684397,0.000576172,-0.000297936,0.000874108,0.620612,0.620612,0.62448,0.0,0.002,0
0.05,25,2,0.217279,0.200008,0.199581,0.00042699999999998295,0.687528,0.00063953,6.34862e-05,0.0005760438,0.617833,0.617833,0.62085,0.0,0.002,0
0.052,26,2,0.218656,0.200009,0.199581,0.00042799999999998395,0.690775,0.00070626,0.000396089,0.000310171,0.615721,0.615721,0.617782,0.0,0.002,0
0.054,27,2,0.220046,0.200011,0.199583,0.00042799999999998395,0.700109,0.000779799,0.000705888,7.391099999999996e-05,0.613968,0.613968,0.615405,0.0,0.002,0
0.056,28,2,0.221461,0.200013,0.199585,0.00042799999999998395,0.714926,0.000860816,0.000996217,-0.00013540099999999995,0.61255,0.61255,0.613403,0.0,0.002,0
0.058,29,2,0.222909,0.200014,0.199587,0.0004270000000000107,0.734633,0.000949945,0.00127016,-0.000320215,0.611444,0.611444,0.611753,0.0,0.002,0
0.06,30,2,0.224402,0.200016,0.19959,0.0004260000000000097,0.758646,0.00104777,0.00153059,-0.0004828200000000001,0.610631,0.610631,0.610428,0.0,0.002,0
0.062,31,2,0.225946,0.200019,0.199594,0.0004250000000000087,0.786392,0.00115484,0.00178013,-0.0006252899999999999,0.610087,0.610087,0.609406,0.0,0.002,0
0.064,32,2,0.22755,0.200021,0.199598,0.0004230000000000067,0.817307,0.00127161,0.0020212,-0.0007495899999999998,0.609792,0.609792,0.608663,0.0,0.002,0
0.066,33,2,0.229217,0.200024,0.199602,0.0004220000000000057,0.850837,0.00139848,0.002256,-0.0008575200000000003,0.609721,0.609721,0.608175,0.0,0.002,0
0.068,34,2,0.230954,0.200027,0.199607,0.0004200000000000037,0.886438,0.00153575,0.0024865,-0.00095075,0.609851,0.609851,0.607916,0.0,0.002,0
0.07,35,2,0.232764,0.20003,0.199613,0.0004170000000000007,0.923574,0.00168364,0.00271443,-0.00103079,0.610159,0.610159,0.607862,0.0,0.002,0
0.072,36,2,0.234649,0.200033,0.199619,0.0004139999999999977,0.961723,0.00184227,0.0029413,-0.00109903,0.610619,0.610619,0.607987,0.0,0.002,0
0.074,37,2,0.236611,0.200037,0.199625,0.0004119999999999957,1.00037,0.00201163,0.00316841,-0.00115678,0.611208,0.611208,0.608266,0.0,0.002,0
0.076,38,2,0.238651,0.200041,0.199632,0.0004089999999999927,1.03901,0.00219161,0.00339681,-0.0012052,0.611901,0.611901,0.608674,0.0,0.002,0
0.078,39,2,0.240767,0.200046,0.199639,0.0004069999999999907,1.07715,0.00238197,0.00362733,-0.0012453599999999996,0.612672,0.612672,0.609184,0.0,0.002,0
0.08,40,2,0.242959,0.200051,0.199647,0.00040400000000001546,1.1143,0.00258231,0.00386059,-0.0012782800000000001,0.613498,0.613498,0.609771,0.0,0.002,0
0.082,41,2,0.245223,0.200056,0.199655,0.00040100000000001246,1.14998,0.00279214,0.00409699,-0.0013048500000000002,0.614352,0.614352,0.610409,0.0,0.002,0
0.084,42,2,0.247557,0.200062,0.199664,0.0003979999999999817,1.18374,0.00301077,0.00433669,-0.00132592,0.61521,0.61521,0.611074,0.0,0.002,0
0.086,43,2,0.249957,0.200068,0.199673,0.00039500000000000646,1.21512,0.00323738,0.00457968,-0.0013422999999999998,0.616045,0.616045,0.61174,0.0,0.002,0
0.088,44,2,0.252416,0.200075,0.199683,0.00039200000000000346,1.24367,0.003471,0.00482569,-0.0013546899999999995,0.616833,0.616833,0.612381,0.0,0.002,0
0.09,45,2,0.254929,0.200082,0.199693,0.00038900000000000046,1.26895,0.00371047,0.00507425,-0.0013637799999999998,0.617546,0.617546,0.612972,0.0,0.002,0
0.092,46,2,0.257489,0.20009,0.199703,0.00038699999999999846,1.29055,0.00395446,0.00532469,-0.00137023,0.618158,0.618158,0.613487,0.0,0.002,0
0.094,47,2,0.260089,0.200098,0.199714,0.00038399999999999546,1.30804,0.00420149,0.00557612,-0.00137463,0.618642,0.618642,0.613899,0.0,0.002,0
0.096,48,2,0.262719,0.200107,0.199726,0.0003810000000000202,1.32101,0.00444987,0.00582741,-0.00137754,0.618971,0.618971,0.614182,0.0,0.002,0
0.098,49,2,0.265369,0.200116,0.199738,0.00037799999999998946,1.32908,0.00469773,0.00607725,-0.0013795200000000004,0.619115,0.619115,0.614309,0.0,0.002,0
0.1,50,2,0.268031,0.200125,0.199751,0.00037399999999998546,1.33186,0.00494301,0.00632409,-0.0013810799999999998,0.620104,0.620104,0.614253,0.0,0.002,0
0.102,51,2,0.270697,0.200136,0.199764,0.0003720000000000112,1.33485,0.00519491,0.00657507,-0.00138016,0.622305,0.622305,0.615045,0.0,0.002,0
0.104,52,2,0.273374,0.200146,0.199778,0.00036799999999997945,1.34344,0.00546446,0.00684028,-0.0013758199999999998,0.624627,0.624627,0.617045,0.0,0.002,0
0.106,53,2,0.276074,0.200157,0.199792,0.0003650000000000042,1.357,0.00575216,0.00712051,-0.00136835,0.627052,0.627052,0.619155,0.0,0.002,0
0.108,54,2,0.278805,0.200169,0.199807,0.0003620000000000012,1.37495,0.00605833,0.00741637,-0.0013580400000000005,0.629563,0.629563,0.621355,0.0,0.002,0
0.11,55,2,0.281576,0.200182,0.199822,0.0003599999999999992,1.39672,0.00638321,0.00772834,-0.00134513,0.632145,0.632145,0.62363,0.0,0.002,0
0.112,56,2,0.284394,0.200195,0.199838,0.00035700000000002396,1.42176,0.00672688,0.00805674,-0.0013298599999999995,0.634783,0.634783,0.625962,0.0,0.002,0
0.114,57,2,0.287265,0.200209,0.199855,0.0003539999999999932,1.44952,0.00708927,0.00840178,-0.0013125099999999994,0.637462,0.637462,0.628338,0.0,0.002,0
0.116,58,2,0.290194,0.200223,0.199873,0.00035000000000001696,1.47948,0.00747021,0.00876352,-0.0012933100000000006,0.640167,0.640167,0.630741,0.0,0.002,0
0.118,59,2,0.293184,0.200238,0.199891,0.0003469999999999862,1.51112,0.00786934,0.0091419,-0.001272559999999999,0.642882,0.642882,0.633157,0.0,0.002,0
0.12,60,2,0.296239,0.200255,0.19991,0.0003449999999999842,1.54396,0.00828616,0.00953672,-0.0012505599999999995,0.645589,0.645589,0.635568,0.0,0.002,0
0.122,61,2,0.299361,0.200272,0.19993,0.00034200000000000896,1.57752,0.00872005,0.00994765,-0.0012276000000000006,0.648271,0.648271,0.63796,0.0,0.002,0
0.124,62,2,0.30255,0.20029,0.199951,0.00033900000000000596,1.61133,0.00917018,0.0103742,-0.00120402,0.65091,0.65091,0.640313,0.0,0.002,0
0.126,63,2,0.305806,0.200308,0.199972,0.00033600000000000296,1.64495,0.00963562,0.0108157,-0.00118008,0.653485,0.653485,0.64261,0.0,0.002,0
0.128,64,2,0.309129,0.200328,0.199995,0.00033299999999999996,1.67795,0.0101153,0.0112715,-0.0011561999999999996,0.655977,0.655977,0.644832,0.0,0.002,0
0.13,65,2,0.312517,0.200349,0.200018,0.00033099999999999796,1.70991,0.0106078,0.0117405,-0.0011326999999999986,0.658365,0.658365,0.64696,0.0,0.002,0
0.132,66,2,0.315968,0.200371,0.200043,0.00032799999999999496,1.74044,0.0111119,0.0122216,-0.0011097000000000017,0.660628,0.660628,0.648973,0.0,0.002,0
0.134,67,2,0.319477,0.200393,0.200068,0.00032499999999999196,1.76914,0.0116259,0.0127136,-0.0010877000000000005,0.662744,0.662744,0.650851,0.0,0.002,0
0.136,68,2,0.323043,0.200417,0.200095,0.0003220000000000167,1.79566,0.012148,0.0132151,-0.0010670999999999996,0.664692,0.664692,0.652573,0.0,0.002,0
0.138,69,2,0.326658,0.200442,0.200122,0.0003200000000000147,1.81965,0.0126765,0.0137244,-0.0010478999999999992,0.66645,0.66645,0.65412,0.0,0.002,0
0.14,70,2,0.330319,0.200468,0.200151,0.0003170000000000117,1.84075,0.0132092,0.0142398,-0.0010305999999999996,0.667995,0.667995,0.65547,0.0,0.002,0
0.142,71,2,0.334019,0.200495,0.20018,0.0003150000000000097,1.85866,0.013744,0.0147594,-0.0010154000000000014,0.669306,0.669306,0.656603,0.0,0.002,0
0.144,72,2,0.337752,0.200523,0.200211,0.0003120000000000067,1.87307,0.0142785,0.0152811,-0.001002600000000001,0.670361,0.670361,0.657499,0.0,0.002,0
0.146,73,2,0.341509,0.200552,0.200242,0.0003100000000000047,1.8837,0.0148103,0.0158027,-0.0009923999999999992,0.671138,0.671138,0.658136,0.0,0.002,0
0.148,74,2,0.345284,0.200582,0.200275,0.0003070000000000017,1.89026,0.0153367,0.0163218,-0.000985100000000001,0.671615,0.671615,0.658496,0.0,0.002,0
0.15,75,2,0.349067,0.200613,0.200309,0.00030400000000002647,1.8925,0.015855,0.0168359,-0.0009808999999999998,0.673693,0.673693,0.658558,0.0,0.002,0
0.152,76,2,0.352854,0.200645,0.200343,0.0003019999999999967,1.89506,0.016383,0.0173585,-0.0009754999999999972,0.677889,0.677889,0.660224,0.0,0.002,0
0.154,77,2,0.356651,0.200679,0.200379,0.0002999999999999947,1.90235,0.0169404,0.0179073,-0.0009668999999999997,0.682135,0.682135,0.664002,0.0,0.002,0
0.156,78,2,0.360466,0.200713,0.200416,0.0002969999999999917,1.9138,0.0175268,0.0184822,-0.0009554000000000021,0.686405,0.686405,0.667809,0.0,0.002,0
0.158,79,2,0.364308,0.200749,0.200454,0.00029500000000001747,1.92887,0.0181415,0.0190829,-0.0009413999999999985,0.690675,0.690675,0.671619,0.0,0.002,0
0.16,80,2,0.368184,0.200786,0.200494,0.0002919999999999867,1.94704,0.0187839,0.0197091,-0.000925200000000001,0.694929,0.694929,0.675409,0.0,0.002,0
0.162,81,2,0.372098,0.200824,0.200534,0.00029000000000001247,1.96779,0.0194531,0.0203602,-0.0009070999999999975,0.699147,0.699147,0.679161,0.0,0.002,0
0.164,82,2,0.376056,0.200864,0.200577,0.0002869999999999817,1.99065,0.020148,0.0210355,-0.0008874999999999994,0.703315,0.703316,0.682859,0.0,0.002,0
0.166,83,2,0.380062,0.200905,0.20062,0.00028500000000000747,2.01515,0.0208674,0.0217341,-0.000866699999999998,0.707417,0.707418,0.686487,0.0,0.002,0
0.168,84,2,0.384118,0.200947,0.200665,0.0002819999999999767,2.04085,0.02161,0.022455,-0.0008449999999999985,0.711438,0.711438,0.69003,0.0,0.002,0
0.17,85,2,0.388226,0.200991,0.200711,0.00028000000000000247,2.06733,0.0223744,0.0231973,-0.0008229000000000014,0.715359,0.715359,0.693474,0.0,0.002,0
0.172,86,2,0.392387,0.201037,0.200759,0.00027800000000000047,2.09419,0.0231589,0.0239596,-0.0008007000000000014,0.719166,0.719166,0.696802,0.0,0.002,0
0.174,87,2,0.396603,0.201084,0.200809,0.0002750000000000252,2.12104,0.0239617,0.0247407,-0.0007790000000000019,0.722842,0.722842,0.699999,0.0,0.002,0
0.176,88,2,0.400871,0.201132,0.20086,0.00027199999999999447,2.14753,0.0247812,0.0255391,-0.0007578999999999989,0.726368,0.726368,0.703049,0.0,0.002,0
0.178,89,2,0.405192,0.201183,0.200912,0.00027099999999999347,2.17332,0.0256152,0.0263533,-0.0007380999999999985,0.729729,0.729729,0.705937,0.0,0.002,0
0.18,90,2,0.409564,0.201235,0.200967,0.00026799999999999047,2.19809,0.0264618,0.0271816,-0.0007197999999999996,0.732908,0.732908,0.708646,0.0,0.002,0
0.182,91,2,0.413984,0.201289,0.201023,0.00026599999999998847,2.22153,0.0273187,0.0280221,-0.0007033999999999999,0.735888,0.735888,0.711162,0.0,0.002,0
0.184,92,2,0.418449,0.201344,0.201081,0.00026299999999998547,2.24338,0.0281839,0.028873,-0.000689099999999998,0.738654,0.738654,0.71347,0.0,0.002,0
0.186,93,2,0.422956,0.201401,0.20114,0.00026099999999998347,2.26338,0.0290549,0.0297322,-0.0006772999999999987,0.741193,0.741193,0.715556,0.0,0.002,0
0.188,94,2,0.427501,0.20146,0.201201,0.0002590000000000092,2.28129,0.0299294,0.0305977,-0.0006683000000000001,0.743492,0.743492,0.717408,0.0,0.002,0
0.19,95,2,0.43208,0.201521,0.201264,0.0002570000000000072,2.29689,0.030805,0.0314672,-0.0006622000000000017,0.745537,0.745537,0.719013,0.0,0.002,0
0.192,96,2,0.436687,0.201584,0.201329,0.0002550000000000052,2.30999,0.0316792,0.0323385,-0.0006593000000000016,0.74732,0.74732,0.720364,0.0,0.002,0
0.194,97,2,0.441318,0.201648,0.201395,0.0002530000000000032,2.32042,0.0325496,0.0332094,-0.000659800000000002,0.748832,0.748832,0.72145,0.0,0.002,0
0.196,98,2,0.445967,0.201714,0.201463,0.0002510000000000012,2.32802,0.0334137,0.0340774,-0.0006637000000000032,0.750064,0.750064,0.722264,0.0,0.002,0
0.198,99,2,0.450628,0.201782,0.201533,0.0002489999999999992,2.33266,0.0342689,0.0349403,-0.0006714000000000026,0.751013,0.751012,0.722802,0.0,0.002,0
0.2,100,2,0.455295,0.201851,0.201605,0.0002459999999999962,2.33423,0.035113,0.0357956,-0.0006825999999999985,0.754121,0.754121,0.72306,0.0,0.002,0
0.202,101,2,0.459965,0.201922,0.201678,0.00024399999999999422,2.33619,0.0359698,0.0366616,-0.0006917999999999994,0.759899,0.759899,0.725485,0.0,0.002,0
0.204,102,2,0.464642,0.201995,0.201753,0.00024200000000001998,2.34173,0.0368639,0.0375605,-0.0006965999999999986,0.765621,0.765621,0.73057,0.0,0.002,0
0.206,103,2,0.469334,0.202069,0.20183,0.00023899999999998922,2.35036,0.0377937,0.0384912,-0.0006975000000000037,0.771257,0.771257,0.735572,0.0,0.002,0
0.208,104,2,0.474046,0.202146,0.201909,0.00023699999999998722,2.3616,0.0387572,0.0394524,-0.0006952,0.776786,0.776786,0.740464,0.0,0.002,0
0.21,105,2,0.478782,0.202224,0.20199,0.00023399999999998422,2.37501,0.0397525,0.0404428,-0.0006902999999999979,0.782191,0.78219,0.745224,0.0,0.002,0
0.212,106,2,0.483547,0.202305,0.202073,0.00023200000000000998,2.39018,0.0407776,0.0414608,-0.0006832000000000019,0.787458,0.787458,0.749836,0.0,0.002,0
0.214,107,2,0.488343,0.202388,0.202158,0.00023000000000000798,2.4067,0.0418303,0.0425047,-0.0006743999999999986,0.792576,0.792576,0.754289,0.0,0.002,0
0.216,108,2,0.493174,0.202472,0.202245,0.00022700000000000498,2.42421,0.0429083,0.0435729,-0.0006645999999999944,0.797538,0.797538,0.758573,0.0,0.002,0
0.218,109,2,0.498041,0.202559,0.202335,0.00022400000000000198,2.44235,0.0440094,0.0446635,-0.0006541000000000047,0.802332,0.802332,0.762679,0.0,0.002,0
0.22,110,2,0.502944,0.202648,0.202426,0.00022199999999999998,2.46081,0.0451313,0.0457748,-0.0006434999999999982,0.806953,0.806953,0.766602,0.0,0.002,0
0.222,111,2,0.507884,0.20274,0.20252,0.00021999999999999797,2.47928,0.0462715,0.0469048,-0.0006333000000000033,0.811392,0.811392,0.770333,0.0,0.002,0
0.224,112,2,0.512861,0.202834,0.202616,0.00021799999999999597,2.49749,0.0474278,0.0480518,-0.0006239999999999996,0.815642,0.815642,0.773868,0.0,0.002,0
0.226,113,2,0.517874,0.20293,0.202714,0.00021599999999999397,2.51518,0.0485976,0.0492137,-0.0006161000000000014,0.819698,0.819698,0.7772,0.0,0.002,0
0.228,114,2,0.522921,0.203028,0.202815,0.00021299999999999097,2.53213,0.0497788,0.0503886,-0.0006098000000000006,0.823556,0.823556,0.780327,0.0,0.002,0
0.23,115,2,0.528002,0.203129,0.202918,0.00021100000000001673,2.54815,0.050969,0.0515747,-0.0006057000000000007,0.827213,0.827213,0.783245,0.0,0.002,0
0.232,116,2,0.533113,0.203232,0.203024,0.00020799999999998597,2.56304,0.052166,0.0527699,-0.0006039000000000044,0.830669,0.830669,0.785953,0.0,0.002,0
0.234,117,2,0.538253,0.203337,0.203132,0.00020499999999998297,2.57666,0.0533675,0.0539724,-0.0006048999999999985,0.833926,0.833926,0.788453,0.0,0.002,0
0.236,118,2,0.543419,0.203445,0.203242,0.00020299999999998097,2.58888,0.0545716,0.0551802,-0.0006086000000000008,0.836989,0.836989,0.790748,0.0,0.002,0
0.238,119,2,0.548607,0.203556,0.203355,0.00020099999999997897,2.59958,0.0557763,0.0563916,-0.0006152999999999992,0.839865,0.839865,0.792845,0.0,0.002,0
0.24,120,2,0.553816,0.203668,0.20347,0.00019799999999997597,2.6087,0.0569798,0.0576049,-0.0006251000000000034,0.842565,0.842565,0.794752,0.0,0.002,0
0.242,121,2,0.559041,0.203784,0.203588,0.00019600000000000173,2.61617,0.0581806,0.0588185,-0.0006379000000000037,0.845103,0.845103,0.796482,0.0,0.002,0
0.244,122,2,0.564279,0.203901,0.203708,0.00019299999999999873,2.62196,0.059377,0.0600308,-0.000653800000000003,0.847496,0.847496,0.798049,0.0,0.002,0
0.246,123,2,0.569528,0.204021,0.20383,0.00019099999999999673,2.62607,0.0605681,0.0612408,-0.0006726999999999983,0.849764,0.849764,0.799472,0.0,0.002,0
0.248,124,2,0.574783,0.204143,0.203955,0.00018799999999999373,2.6285,0.0617527,0.0624471,-0.0006943999999999978,0.851932,0.851932,0.800772,0.0,0.002,0
0.25,125,2,0.580041,0.204268,0.204083,0.00018500000000001848,2.62929,0.0629302,0.063649,-0.0007187999999999917,0.856161,0.856161,0.801974,0.0,0.002,0
0.252,126,2,0.5853,0.204395,0.204212,0.00018299999999998873,2.63053,0.0641232,0.0648638,-0.000740599999999994,0.862694,0.862694,0.805241,0.0,0.002,0
0.254,127,2,0.590564,0.204525,0.204345,0.00018000000000001348,2.63397,0.0653526,0.0661106,-0.0007580000000000087,0.869038,0.869038,0.810803,0.0,0.002,0
0.256,128,2,0.595837,0.204657,0.204479,0.00017800000000001148,2.63923,0.0666155,0.0673871,-0.0007716000000000112,0.875173,0.875173,0.81615,0.0,0.002,0
0.258,129,2,0.601122,0.204791,0.204617,0.00017400000000000748,2.64594,0.0679087,0.0686911,-0.0007824000000000025,0.881088,0.881088,0.821264,0.0,0.002,0
0.26,130,2,0.606422,0.204928,0.204757,0.00017100000000000448,2.65376,0.0692292,0.0700203,-0.000791099999999989,0.886776,0.886776,0.826135,0.0,0.002,0
0.262,131,2,0.611738,0.205068,0.204899,0.00016900000000000248,2.66239,0.0705741,0.0713722,-0.000798099999999996,0.892237,0.892237,0.83076,0.0,0.002,0
0.264,132,2,0.617072,0.20521,0.205045,0.00016499999999999848,2.67153,0.0719404,0.0727446,-0.0008042000000000049,0.897472,0.897472,0.835139,0.0,0.002,0
0.266,133,2,0.622424,0.205356,0.205193,0.00016300000000002424,2.68095,0.0733253,0.074135,-0.0008097000000000104,0.902489,0.902489,0.839277,0.0,0.002,0
0.268,134,2,0.627795,0.205504,0.205344,0.00015999999999999348,2.69039,0.074726,0.0755414,-0.0008153999999999939,0.907292,0.907292,0.84318,0.0,0.002,0
0.27,135,2,0.633185,0.205655,0.205498,0.00015700000000001824,2.69966,0.0761399,0.0769615,-0.0008216000000000057,0.911893,0.911893,0.846859,0.0,0.002,0
0.272,136,2,0.638594,0.205808,0.205655,0.00015299999999998648,2.70858,0.0775646,0.0783934,-0.0008288000000000045,0.916302,0.916302,0.850324,0.0,0.002,0
0.274,137,2,0.644019,0.205965,0.205815,0.00015000000000001124,2.717,0.0789978,0.0798351,-0.0008372999999999992,0.920532,0.920532,0.853587,0.0,0.002,0
0.276,138,2,0.649461,0.206124,0.205977,0.00014700000000000824,2.72479,0.0804373,0.081285,-0.0008476999999999929,0.924602,0.924602,0.856664,0.0,0.002,0
0.278,139,2,0.654918,0.206287,0.206143,0.00014400000000000523,2.73184,0.0818815,0.0827414,-0.0008599000000000107,0.928529,0.928529,0.859574,0.0,0.002,0
0.28,140,2,0.660388,0.206452,0.206311,0.00014100000000000223,2.7381,0.0833286,0.0842029,-0.0008742999999999945,0.932338,0.932338,0.862336,0.0,0.002,0
0.282,141,2,0.66587,0.20662,0.206482,0.00013799999999999923,2.7435,0.0847776,0.0856684,-0.000890800000000011,0.936056,0.936056,0.864976,0.0,0.002,0
0.284,142,2,0.671362,0.206791,0.206657,0.00013399999999999523,2.74804,0.0862273,0.0871369,-0.0009095999999999965,0.939713,0.939713,0.867521,0.0,0.002,0
0.286,143,2,0.676862,0.206965,0.206834,0.00013100000000002,2.75171,0.0876772,0.0886079,-0.0009307000000000065,0.943345,0.943345,0.870003,0.0,0.002,0
0.288,144,2,0.682368,0.207142,0.207014,0.00012799999999998923,2.75454,0.0891272,0.0900808,-0.0009535999999999989,0.946993,0.946993,0.872459,0.0,0.002,0
0.29,145,2,0.687879,0.207321,0.207197,0.000124000000000013,2.7566,0.0905774,0.0915558,-0.0009784000000000043,0.950702,0.950703,0.874929,0.0,0.002,0
0.292,146,2,0.693394,0.207504,0.207383,0.00012099999999998223,2.75797,0.0920286,0.0930332,-0.0010045999999999944,0.954523,0.954523,0.877458,0.0,0.002,0
0.294,147,2,0.698911,0.20769,0.207572,0.00011800000000000699,2.75876,0.0934818,0.0945138,-0.0010319999999999913,0.95851,0.95851,0.880096,0.0,0.002,0
0.296,148,2,0.704429,0.207878,0.207764,0.00011400000000000299,2.75911,0.0949387,0.0959988,-0.0010600999999999944,0.962725,0.962725,0.882899,0.0,0.002,0
0.298,149,2,0.709947,0.208069,0.207959,0.00010999999999999899,2.75917,0.0964015,0.0974901,-0.0010885999999999951,0.967232,0.967232,0.885926,0.0,0.002,0
0.3,150,2,0.715465,0.208264,0.208157,0.00010699999999999599,2.75915,0.0978732,0.0989898,-0.0011166000000000093,0.972619,0.972619,0.88924,0.0,0.002,0
0.302,151,2,0.720984,0.208461,0.208358,0.00010300000000001974,2.75958,0.0993625,0.100505,-0.0011424999999999907,0.978534,0.978534,0.893427,0.0,0.002,0
0.304,152,2,0.726504,0.208661,0.208562,9.900000000001574e-05,2.76071,0.100874,0.10204,-0.0011660000000000004,0.984137,0.984137,0.89813,0.0,0.002,0
0.306,153,2,0.732027,0.208864,0.20877,9.399999999998299e-05,2.76227,0.102403,0.103592,-0.0011890000000000095,0.989431,0.989431,0.902505,0.0,0.002,0
0.308,154,2,0.737553,0.209071,0.20898,9.100000000000774e-05,2.76402,0.103947,0.105157,-0.0012100000000000027,0.994428,0.994428,0.906558,0.0,0.002,0
0.31,155,2,0.743083,0.20928,0.209193,8.700000000000374e-05,2.76576,0.105501,0.106733,-0.001231999999999997,0.999141,0.999141,0.910302,0.0,0.002,0
0.312,156,2,0.748616,0.209493,0.20941,8.299999999999974e-05,2.7673,0.107064,0.108318,-0.0012539999999999912,1.00359,1.00359,0.913754,0.0,0.002,0
0.314,157,2,0.754152,0.209708,0.20963,7.799999999999474e-05,2.7685,0.108631,0.109908,-0.0012770000000000004,1.0078,1.0078,0.916937,0.0,0.002,0
0.316,158,2,0.75969,0.209927,0.209853,7.399999999999074e-05,2.76923,0.110201,0.111502,-0.0013010000000000105,1.0118,1.0118,0.919875,0.0,0.002,0
0.318,159,2,0.765229,0.210149,0.210079,7.00000000000145e-05,2.76938,0.111771,0.113098,-0.0013270000000000087,1.01562,1.01562,0.922599,0.0,0.002,0
0.32,160,2,0.770767,0.210374,0.210308,6.60000000000105e-05,2.76889,0.11334,0.114693,-0.001353000000000007,1.01929,1.01929,0.925141,0.0,0.002,0
0.322,161,2,0.776304,0.210603,0.210541,6.20000000000065e-05,2.7677,0.114905,0.116288,-0.0013830000000000092,1.02286,1.02286,0.927537,0.0,0.002,0
0.324,162,2,0.781837,0.210834,0.210777,5.7000000000001494e-05,2.7658,0.116467,0.11788,-0.0014129999999999976,1.02636,1.02636,0.929828,0.0,0.002,0
0.326,163,2,0.787366,0.211068,0.211016,5.1999999999996493e-05,2.76319,0.118023,0.119469,-0.0014460000000000028,1.02985,1.02985,0.932059,0.0,0.002,0
0.328,164,2,0.79289,0.211306,0.211258,4.799999999999249e-05,2.7599,0.119575,0.121054,-0.0014789999999999942,1.03338,1.03338,0.934278,0.0,0.002,0
0.33,165,2,0.798406,0.211547,0.211503,4.400000000001625e-05,2.75601,0.121122,0.122637,-0.0015150000000000025,1.03701,1.03701,0.93654,0.0,0.002,0
0.332,166,2,0.803913,0.21179,0.211751,3.900000000001125e-05,2.75158,0.122667,0.124218,-0.0015509999999999968,1.04081,1.04081,0.938903,0.0,0.002,0
0.334,167,2,0.809412,0.212037,0.212003,3.400000000000625e-05,2.74675,0.12421,0.125799,-0.0015889999999999932,1.04484,1.04484,0.941433,0.0,0.002,0
0.336,168,2,0.8149,0.212287,0.212258,2.9000000000001247e-05,2.74164,0.125754,0.12738,-0.0016259999999999886,1.04918,1.04918,0.944198,0.0,0.002,0
0.338,169,2,0.820378,0.21254,0.212516,2.3999999999996247e-05,2.73642,0.127303,0.128965,-0.0016619999999999968,1.05392,1.05392,0.947276,0.0,0.002,0
0.34,170,2,0.825846,0.212797,0.212777,1.9999999999992246e-05,2.73129,0.128859,0.130556,-0.001697000000000004,1.05914,1.05914,0.950746,0.0,0.002,0
0.342,171,2,0.831303,0.213056,0.213041,1.4999999999987246e-05,2.72648,0.130428,0.132159,-0.0017310000000000103,1.06495,1.06495,0.954697,0.0,0.002,0
0.344,172,2,0.836752,0.213318,0.213309,9.000000000009e-06,2.72221,0.132014,0.133776,-0.0017620000000000136,1.07144,1.07144,0.959222,0.0,0.002,0
0.346,173,2,0.842193,0.213584,0.21358,4.000000000004e-06,2.71878,0.133625,0.135414,-0.0017890000000000128,1.07873,1.07873,0.964422,0.0,0.002,0
0.348,174,2,0.847628,0.213853,0.213854,-1.000000000001e-06,2.71648,0.135268,0.13708,-0.001812000000000008,1.08693,1.08693,0.9704,0.0,0.002,0
0.35,175,2,0.85306,0.214125,0.214131,-5.999999999978245e-06,2.71563,0.13695,0.138779,-0.001829000000000025,1.09343,1.09343,0.977271,0.0,0.002,0
0.352,176,2,0.858491,0.214401,0.214412,-1.0999999999983245e-05,2.71524,0.138652,0.140497,-0.0018450000000000133,1.09691,1.09691,0.982405,0.0,0.002,0
0.354,177,2,0.86392,0.21468,0.214697,-1.6999999999989246e-05,2.71399,0.140343,0.142209,-0.0018660000000000065,1.10001,1.10001,0.984515,0.0,0.002,0
0.356,178,2,0.869346,0.214962,0.214985,-2.3000000000023002e-05,2.71174,0.142021,0.143911,-0.0018900000000000028,1.10278,1.10278,0.986248,0.0,0.002,0
0.358,179,2,0.874766,0.215248,0.215276,-2.8000000000000247e-05,2.70843,0.143682,0.1456,-0.001918000000000003,1.10524,1.10524,0.987647,0.0,0.002,0
0.36,180,2,0.880179,0.215537,0.21557,-3.300000000000525e-05,2.70397,0.145324,0.147275,-0.0019509999999999805,1.10745,1.10745,0.98876,0.0,0.002,0
0.362,181,2,0.885581,0.215829,0.215868,-3.900000000001125e-05,2.69834,0.146945,0.148932,-0.0019870000000000165,1.10946,1.10946,0.989634,0.0,0.002,0
0.364,182,2,0.890972,0.216124,0.216169,-4.499999999998949e-05,2.69152,0.148544,0.15057,-0.002026,1.11132,1.11132,0.990316,0.0,0.002,0
0.366,183,2,0.896347,0.216423,0.216474,-5.099999999999549e-05,2.68351,0.150118,0.152189,-0.0020709999999999895,1.11307,1.11307,0.990861,0.0,0.002,0
0.368,184,2,0.901705,0.216725,0.216781,-5.6000000000000494e-05,2.67436,0.151669,0.153787,-0.0021180000000000088,1.11479,1.11479,0.991323,0.0,0.002,0
0.37,185,2,0.907043,0.21703,0.217092,-6.20000000000065e-05,2.66413,0.153196,0.155365,-0.0021690000000000043,1.11654,1.11654,0.991764,0.0,0.002,0
0.372,186,2,0.912361,0.217338,0.217406,-6.799999999998474e-05,2.65291,0.1547,0.156923,-0.0022230000000000028,1.1184,1.1184,0.992253,0.0,0.002,0
0.374,187,2,0.917655,0.217649,0.217723,-7.399999999999074e-05,2.64081,0.156183,0.158461,-0.0022780000000000022,1.12044,1.12044,0.992862,0.0,0.002,0
0.376,188,2,0.922923,0.217962,0.218043,-8.099999999999774e-05,2.62796,0.157647,0.159983,-0.002335999999999977,1.12275,1.12275,0.993671,0.0,0.002,0
0.378,189,2,0.928166,0.218279,0.218366,-8.700000000000374e-05,2.61455,0.159096,0.161489,-0.0023930000000000062,1.12544,1.12544,0.994769,0.0,0.002,0
0.38,190,2,0.933381,0.218599,0.218692,-9.300000000000974e-05,2.60074,0.160534,0.162984,-0.00244999999999998,1.1286,1.1286,0.996248,0.0,0.002,0
0.382,191,2,0.938569,0.218921,0.219021,-9.999999999998899e-05,2.58677,0.161966,0.164472,-0.0025060000000000082,1.13234,1.13234,0.998208,0.0,0.002,0
0.384,192,2,0.943728,0.219247,0.219353,-0.00010599999999999499,2.57287,0.163398,0.165956,-0.0025580000000000047,1.13678,1.13678,1.00076,0.0,0.002,0
0.386,193,2,0.948861,0.219575,0.219687,-0.00011200000000000099,2.5593,0.164836,0.167445,-0.002609,1.14204,1.14204,1.00401,0.0,0.002,0
0.388,194,2,0.953966,0.219906,0.220025,-0.00011900000000000799,2.54636,0.166289,0.168943,-0.0026540000000000175,1.14827,1.14827,1.00809,0.0,0.002,0
0.39,195,2,0.959047,0.22024,0.220366,-0.000126000000000015,2.53437,0.167766,0.170458,-0.002692,1.1556,1.1556,1.01312,0.0,0.002,0
0.392,196,2,0.964104,0.220577,0.22071,-0.00013299999999999423,2.52367,0.169277,0.172001,-0.0027239999999999764,1.16417,1.16417,1.01923,0.0,0.002,0
0.394,197,2,0.969142,0.220917,0.221057,-0.00014000000000000123,2.51462,0.170833,0.17358,-0.0027469999999999994,1.17415,1.17415,1.02657,0.0,0.002,0
0.396,198,2,0.974164,0.22126,0.221408,-0.00014799999999998148,2.50762,0.172447,0.175207,-0.0027600000000000124,1.1857,1.1857,1.03529,0.0,0.002,0
0.398,199,2,0.979175,0.221607,0.221762,-0.00015499999999998848,2.5031,0.174133,0.176894,-0.0027609999999999857,1.19899,1.19899,1.04553,0.0,0.002,0
0.4,200,2,0.984179,0.221957,0.222119,-0.00016200000000002324,2.50149,0.175906,0.178655,-0.0027490000000000014,1.20643,1.20643,1.05747,0.0,0.002,0
0.402,201,2,0.989181,0.222311,0.22248,-0.00016900000000000248,2.50029,0.177697,0.180439,-0.0027419999999999944,1.20544,1.20544,1.0635,0.0,0.002,0
0.404,202,2,0.994178,0.222668,0.222844,-0.00017599999999998173,2.49673,0.179429,0.182175,-0.0027459999999999984,1.20409,1.20409,1.06109,0.0,0.002,0
0.406,203,2,0.999166,0.223028,0.223212,-0.00018399999999998973,2.49083,0.181098,0.18386,-0.0027619999999999867,1.20247,1.20247,1.05835,0.0,0.002,0
0.408,204,2,1.00414,0.223392,0.223583,-0.00019099999999999673,2.48266,0.182704,0.185494,-0.002789999999999987,1.20067,1.20067,1.05538,0.0,0.002,0
0.41,205,2,1.0091,0.223759,0.223957,-0.00019799999999997597,2.47229,0.184246,0.187075,-0.002828999999999998,1.19878,1.19878,1.05228,0.0,0.002,0
0.412,206,2,1.01403,0.224129,0.224334,-0.00020500000000001073,2.45983,0.185726,0.188603,-0.0028769999999999907,1.19687,1.19687,1.04912,0.0,0.002,0
0.414,207,2,1.01893,0.224502,0.224714,-0.00021199999999998997,2.44541,0.187145,0.190079,-0.002933999999999992,1.19502,1.19502,1.04599,0.0,0.002,0
0.416,208,2,1.02381,0.224878,0.225097,-0.00021899999999999697,2.42918,0.188506,0.191503,-0.0029969999999999997,1.19332,1.19332,1.04296,0.0,0.002,0
0.418,209,2,1.02865,0.225256,0.225483,-0.00022699999999997722,2.4113,0.18981,0.192878,-0.0030679999999999874,1.19185,1.19185,1.04011,0.0,0.002,0
0.42,210,2,1.03345,0.225637,0.225872,-0.00023499999999998522,2.39198,0.191062,0.194206,-0.00314399999999998,1.19073,1.19073,1.03755,0.0,0.002,0
0.422,211,2,1.03822,0.22602,0.226262,-0.00024199999999999222,2.37143,0.192268,0.195492,-0.0032240000000000046,1.19007,1.19007,1.03537,0.0,0.002,0
0.424,212,2,1.04294,0.226406,0.226656,-0.0002500000000000002,2.34989,0.193433,0.196738,-0.0033050000000000024,1.18998,1.18998,1.03367,0.0,0.002,0
0.426,213,2,1.04762,0.226794,0.227052,-0.0002580000000000082,2.32762,0.194564,0.197951,-0.003387000000000001,1.19059,1.19059,1.03259,0.0,0.002,0
0.428,214,2,1.05225,0.227184,0.22745,-0.0002660000000000162,2.30491,0.195669,0.199137,-0.003467999999999999,1.19206,1.19206,1.03223,0.0,0.002,0
0.43,215,2,1.05683,0.227577,0.227851,-0.00027399999999999647,2.28207,0.196758,0.200304,-0.0035460000000000214,1.19452,1.19452,1.03275,0.0,0.002,0
0.432,216,2,1.06138,0.227971,0.228254,-0.00028300000000000547,2.25942,0.197841,0.201459,-0.00361800000000001,1.19814,1.19814,1.03428,0.0,0.002,0
0.434,217,2,1.06587,0.228368,0.228659,-0.00029100000000001347,2.23732,0.19893,0.202613,-0.003682999999999992,1.20308,1.20308,1.03697,0.0,0.002,0
0.436,218,2,1.07033,0.228767,0.229066,-0.0002989999999999937,2.21615,0.200038,0.203777,-0.00373900000000002,1.20952,1.20952,1.04099,0.0,0.002,0
0.438,219,2,1.07474,0.229168,0.229476,-0.0003080000000000027,2.1963,0.201179,0.204964,-0.0037850000000000106,1.21764,1.21764,1.0465,0.0,0.002,0
0.44,220,2,1.07911,0.229572,0.229889,-0.0003170000000000117,2.1782,0.202368,0.206186,-0.003818000000000016,1.22763,1.22763,1.05367,0.0,0.002,0
0.442,221,2,1.08345,0.229978,0.230304,-0.0003260000000000207,2.16229,0.203623,0.207459,-0.003836000000000006,1.2397,1.2397,1.06268,0.0,0.002,0
0.444,222,2,1.08776,0.230386,0.230721,-0.00033500000000000196,2.14902,0.204962,0.2088,-0.003838000000000008,1.25404,1.25404,1.07373,0.0,0.002,0
0.446,223,2,1.09205,0.230797,0.231142,-0.0003449999999999842,2.1389,0.206404,0.210227,-0.003822999999999993,1.27088,1.27088,1.087,0.0,0.002,0
0.448,224,2,1.09632,0.231212,0.231565,-0.0003529999999999922,2.13244,0.207973,0.211758,-0.0037850000000000106,1.29043,1.29043,1.1027,0.0,0.002,0
0.45,225,2,1.10058,0.231629,0.231992,-0.0003630000000000022,2.13016,0.20969,0.213416,-0.003726000000000007,1.29853,1.29853,1.12103,0.0,0.002,0
0.452,226,2,1.10484,0.232051,0.232422,-0.00037099999999998245,2.12824,0.211425,0.215102,-0.003676999999999986,1.29107,1.29107,1.1278,0.0,0.002,0
0.454,227,2,1.10909,0.232475,0.232856,-0.0003810000000000202,2.1226,0.213031,0.216685,-0.0036539999999999906,1.28339,1.28339,1.11899,0.0,0.002,0
0.456,228,2,1.11333,0.232903,0.233292,-0.00038900000000000046,2.11341,0.21451,0.218164,-0.0036539999999999906,1.27566,1.27566,1.11004,0.0,0.002,0
0.458,229,2,1.11755,0.233333,0.233731,-0.0003979999999999817,2.10089,0.215867,0.219541,-0.003673999999999983,1.26801,1.26801,1.10113,0.0,0.002,0
0.46,230,2,1.12173,0.233766,0.234173,-0.0004069999999999907,2.08526,0.217104,0.220817,-0.003713000000000022,1.26055,1.26055,1.09237,0.0,0.002,0
0.462,231,2,1.12588,0.234201,0.234617,-0.0004159999999999997,2.06676,0.218227,0.221995,-0.0037679999999999936,1.25341,1.25341,1.0839,0.0,0.002,0
0.464,232,2,1.13,0.234639,0.235063,-0.0004240000000000077,2.04565,0.219241,0.22308,-0.003839000000000009,1.24668,1.24668,1.07581,0.0,0.002,0
0.466,233,2,1.13407,0.235078,0.235511,-0.00043299999999998895,2.02221,0.220155,0.224077,-0.003922000000000009,1.24048,1.24048,1.06821,0.0,0.002,0
0.468,234,2,1.13808,0.235519,0.235961,-0.00044199999999999795,1.99673,0.220975,0.22499,-0.004014999999999991,1.23494,1.23494,1.06122,0.0,0.002,0
0.47,235,2,1.14205,0.235962,0.236413,-0.00045100000000000695,1.96953,0.221713,0.225828,-0.0041150000000000075,1.23019,1.23019,1.05495,0.0,0.002,0
0.472,236,2,1.14596,0.236406,0.236866,-0.0004599999999999882,1.94094,0.222377,0.226597,-0.0042200000000000015,1.22637,1.22637,1.04953,0.0,0.002,0
0.474,237,2,1.14981,0.236852,0.23732,-0.0004679999999999962,1.91131,0.22298,0.227307,-0.0043269999999999975,1.22365,1.22365,1.0451,0.0,0.002,0
0.476,238,2,1.15361,0.237298,0.237776,-0.00047799999999997844,1.88102,0.223534,0.227967,-0.0044329999999999925,1.2222,1.2222,1.04181,0.0,0.002,0
0.478,239,2,1.15734,0.237746,0.238234,-0.00048799999999998844,1.85045,0.224055,0.228589,-0.0045339999999999825,1.2222,1.2222,1.03983,0.0,0.002,0
0.48,240,2,1.16101,0.238194,0.238692,-0.0004979999999999984,1.82,0.224558,0.229186,-0.004627999999999993,1.22385,1.22385,1.03933,0.0,0.002,0
0.482,241,2,1.16462,0.238644,0.239151,-0.0005070000000000074,1.7901,0.225059,0.229771,-0.004711999999999994,1.22734,1.22734,1.0405,0.0,0.002,0
0.484,242,2,1.16817,0.239095,0.239612,-0.0005169999999999897,1.7612,0.225577,0.230361,-0.0047840000000000105,1.2329,1.2329,1.04353,0.0,0.002,0
0.486,243,2,1.17166,0.239546,0.240074,-0.0005280000000000007,1.73376,0.226133,0.230972,-0.00483900000000001,1.24073,1.24073,1.04861,0.0,0.002,0
0.488,244,2,1.17511,0.239999,0.240537,-0.0005380000000000107,1.70825,0.226747,0.231624,-0.0048769999999999925,1.25107,1.25107,1.05595,0.0,0.002,0
0.49,245,2,1.1785,0.240453,0.241002,-0.0005489999999999939,1.68517,0.227442,0.232337,-0.004894999999999983,1.26415,1.26415,1.06577,0.0,0.002,0
0.492,246,2,1.18185,0.240909,0.241468,-0.0005589999999999762,1.66504,0.228244,0.233132,-0.0048880000000000035,1.28021,1.28021,1.07828,0.0,0.002,0
0.494,247,2,1.18516,0.241366,0.241936,-0.0005700000000000149,1.6484,0.229177,0.234035,-0.004858000000000001,1.2995,1.2995,1.0937,0.0,0.002,0
0.496,248,2,1.18844,0.241826,0.242407,-0.0005809999999999982,1.63579,0.230271,0.235069,-0.004797999999999997,1.32228,1.32228,1.11227,0.0,0.002,0
0.498,249,2,1.19171,0.242288,0.242879,-0.0005910000000000082,1.62779,0.231555,0.236262,-0.004706999999999989,1.34881,1.34881,1.13422,0.0,0.002,0
0.5,250,2,1.19496,0.242752,0.243354,-0.0006019999999999914,1.62499,0.233059,0.237645,-0.004586000000000007,1.35716,1.35716,1.1598,0.0,0.002,0
0.502,251,2,1.19821,0.24322,0.243832,-0.0006120000000000014,1.62246,0.234578,0.239059,-0.004480999999999985,1.34158,1.34158,1.16704,0.0,0.002,0
0.504,252,2,1.20145,0.24369,0.244313,-0.0006230000000000124,1.61509,0.235887,0.240305,-0.0044179999999999775,1.32607,1.32607,1.15033,0.0,0.002,0
0.506,253,2,1.20466,0.244163,0.244796,-0.0006330000000000224,1.6032,0.236994,0.241385,-0.004390999999999978,1.31087,1.31087,1.13383,0.0,0.002,0
0.508,254,2,1.20786,0.244638,0.24528,-0.0006420000000000037,1.58712,0.237907,0.242303,-0.004395999999999983,1.29615,1.29615,1.11776,0.0,0.002,0
0.51,255,2,1.21101,0.245115,0.245767,-0.0006520000000000137,1.56721,0.238637,0.243068,-0.004431000000000018,1.28207,1.28207,1.10231,0.0,0.002,0
0.512,256,2,1.21412,0.245593,0.246254,-0.0006609999999999949,1.54383,0.239196,0.243685,-0.004489000000000021,1.26877,1.26877,1.08762,0.0,0.002,0
0.514,257,2,1.21718,0.246071,0.246742,-0.0006709999999999772,1.51736,0.239594,0.244164,-0.004569999999999991,1.25638,1.25638,1.07383,0.0,0.002,0
0.516,258,2,1.22019,0.246551,0.247231,-0.0006800000000000139,1.48818,0.239846,0.244515,-0.0046690000000000065,1.24503,1.24503,1.06105,0.0,0.002,0
0.518,259,2,1.22314,0.247031,0.247721,-0.0006899999999999962,1.4567,0.239967,0.244748,-0.00478099999999998,1.23486,1.23486,1.04941,0.0,0.002,0
0.52,260,2,1.22602,0.247511,0.248211,-0.0006999999999999784,1.42333,0.239972,0.244875,-0.0049030000000000185,1.22604,1.22604,1.03906,0.0,0.002,0
0.522,261,2,1.22883,0.247991,0.2487,-0.0007090000000000152,1.3885,0.239879,0.244909,-0.005029999999999979,1.21874,1.21874,1.03014,0.0,0.002,0
0.524,262,2,1.23157,0.24847,0.24919,-0.0007199999999999984,1.35265,0.239706,0.244864,-0.005157999999999996,1.21315,1.21315,1.02281,0.0,0.002,0
0.526,263,2,1.23424,0.248949,0.24968,-0.0007310000000000094,1.31623,0.239473,0.244756,-0.00528300000000001,1.20948,1.20948,1.01726,0.0,0.002,0
0.528,264,2,1.23683,0.249428,0.250169,-0.0007409999999999639,1.27971,0.239201,0.244601,-0.005400000000000016,1.20794,1.20794,1.01367,0.0,0.002,0
0.53,265,2,1.23936,0.249906,0.250658,-0.0007520000000000027,1.24357,0.238913,0.244419,-0.005506000000000011,1.20876,1.20876,1.01226,0.0,0.002,0
0.532,266,2,1.24181,0.250384,0.251146,-0.0007619999999999849,1.20831,0.238634,0.244229,-0.005594999999999989,1.21218,1.21218,1.01323,0.0,0.002,0
0.534,267,2,1.24419,0.250861,0.251634,-0.0007730000000000237,1.17442,0.238388,0.244054,-0.005666000000000004,1.21844,1.21844,1.0168,0.0,0.002,0
0.536,268,2,1.24651,0.251337,0.252122,-0.0007850000000000357,1.14242,0.238204,0.243917,-0.005712999999999996,1.22779,1.22779,1.02319,0.0,0.002,0
0.538,269,2,1.24876,0.251814,0.25261,-0.0007960000000000189,1.11285,0.238109,0.243844,-0.005735000000000018,1.24048,1.24048,1.03265,0.0,0.002,0
0.54,270,2,1.25096,0.25229,0.253097,-0.0008070000000000022,1.08625,0.238135,0.243861,-0.005725999999999981,1.25679,1.25679,1.04541,0.0,0.002,0
0.542,271,2,1.25311,0.252766,0.253585,-0.0008190000000000142,1.06317,0.238312,0.243999,-0.005686999999999998,1.27698,1.27698,1.0617,0.0,0.002,0
0.544,272,2,1.25522,0.253243,0.254074,-0.0008310000000000262,1.04419,0.238675,0.244286,-0.005611000000000005,1.30132,1.30132,1.08178,0.0,0.002,0
0.546,273,2,1.25729,0.253721,0.254564,-0.0008430000000000382,1.02989,0.23926,0.244757,-0.005497000000000002,1.3301,1.3301,1.10589,0.0,0.002,0
0.548,274,2,1.25934,0.2542,0.255054,-0.0008540000000000214,1.02086,0.240102,0.245446,-0.005343999999999988,1.3636,1.3636,1.1343,0.0,0.002,0
0.55,275,2,1.26138,0.254682,0.255547,-0.0008650000000000047,1.01772,0.241241,0.246389,-0.005147999999999986,1.37166,1.37166,1.16725,0.0,0.002,0
0.552,276,2,1.26341,0.255165,0.256042,-0.0008770000000000167,1.01474,0.242389,0.247368,-0.004979000000000011,1.34699,1.34699,1.17455,0.0,0.002,0
0.554,277,2,1.26543,0.255651,0.256538,-0.0008869999999999711,1.0061,0.24324,0.248108,-0.0048679999999999835,1.32283,1.32283,1.1491,0.0,0.002,0
0.556,278,2,1.26743,0.256138,0.257035,-0.0008970000000000367,0.992249,0.243808,0.248616,-0.004808000000000007,1.29947,1.29947,1.12435,0.0,0.002,0
0.558,279,2,1.2694,0.256626,0.257533,-0.0009069999999999911,0.973625,0.24411,0.248903,-0.0047930000000000195,1.27713,1.27713,1.10057,0.0,0.002,0
0.56,280,2,1.27132,0.257114,0.258031,-0.0009170000000000011,0.950686,0.244164,0.24898,-0.004816000000000015,1.25599,1.25599,1.07801,0.0,0.002,0
0.562,281,2,1.2732,0.257603,0.258529,-0.0009259999999999824,0.923895,0.243988,0.248861,-0.0048729999999999885,1.23621,1.23621,1.05681,0.0,0.002,0
0.564,282,2,1.27502,0.25809,0.259026,-0.0009359999999999924,0.893721,0.243601,0.248561,-0.004959999999999992,1.21792,1.21792,1.03712,0.0,0.002,0
0.566,283,2,1.27677,0.258577,0.259522,-0.0009449999999999736,0.86064,0.243025,0.248094,-0.005069000000000018,1.20127,1.20127,1.01907,0.0,0.002,0
0.568,284,2,1.27846,0.259062,0.260017,-0.0009549999999999836,0.825134,0.242281,0.247477,-0.005196000000000006,1.18642,1.18642,1.00279,0.0,0.002,0
0.57,285,2,1.28007,0.259546,0.260511,-0.0009649999999999936,0.787692,0.241393,0.246727,-0.005334000000000005,1.17353,1.17353,0.988435,0.0,0.002,0
0.572,286,2,1.28161,0.260028,0.261002,-0.0009740000000000304,0.748808,0.240386,0.245863,-0.00547700000000001,1.1628,1.1628,0.976148,0.0,0.002,0
0.574,287,2,1.28307,0.260507,0.261492,-0.0009850000000000136,0.708986,0.239284,0.244905,-0.005621000000000015,1.15443,1.15443,0.966109,0.0,0.002,0
0.576,288,2,1.28444,0.260985,0.26198,-0.0009949999999999681,0.668734,0.238116,0.243874,-0.005758000000000013,1.14865,1.14865,0.958509,0.0,0.002,0
0.578,289,2,1.28574,0.26146,0.262465,-0.0010049999999999781,0.628568,0.236909,0.242793,-0.005884,1.14569,1.14569,0.95355,0.0,0.002,0
0.58,290,2,1.28696,0.261932,0.262949,-0.0010169999999999901,0.58901,0.235694,0.241687,-0.005993000000000026,1.14579,1.14579,0.951451,0.0,0.002,0
0.582,291,2,1.2881,0.262403,0.26343,-0.0010270000000000001,0.550589,0.234501,0.240582,-0.006081000000000003,1.1492,1.1492,0.952436,0.0,0.002,0
0.584,292,2,1.28916,0.26287,0.263909,-0.0010390000000000121,0.513839,0.233362,0.239505,-0.006142999999999982,1.15619,1.15619,0.956735,0.0,0.002,0
0.586,293,2,1.29015,0.263336,0.264386,-0.0010499999999999954,0.479304,0.232312,0.238486,-0.006174000000000013,1.16701,1.16701,0.964584,0.0,0.002,0
0.588,294,2,1.29108,0.2638,0.264861,-0.0010610000000000341,0.447532,0.231386,0.237558,-0.006171999999999983,1.18194,1.18194,0.976223,0.0,0.002,0
0.59,295,2,1.29195,0.264262,0.265335,-0.0010729999999999906,0.419078,0.230621,0.236752,-0.0061309999999999976,1.20124,1.20124,0.991893,0.0,0.002,0
0.592,296,2,1.29276,0.264722,0.265807,-0.0010850000000000026,0.394506,0.230055,0.236104,-0.006048999999999999,1.22518,1.22518,1.01184,0.0,0.002,0
0.594,297,2,1.29353,0.265182,0.266278,-0.0010960000000000414,0.374382,0.229727,0.235651,-0.005924000000000013,1.25404,1.25404,1.0363,0.0,0.002,0
0.596,298,2,1.29426,0.265641,0.266749,-0.0011079999999999979,0.359284,0.229679,0.235431,-0.005752000000000007,1.2881,1.2881,1.06552,0.0,0.002,0
0.598,299,2,1.29497,0.266101,0.26722,-0.0011190000000000366,0.349792,0.229954,0.235484,-0.005530000000000007,1.32764,1.32764,1.09976,0.0,0.002,0
0.6,300,2,1.29566,0.266562,0.267692,-0.0011299999999999644,0.346496,0.230595,0.235852,-0.005257000000000012,1.33479,1.33479,1.13926,0.0,0.002,0
0.602,301,2,1.29635,0.267023,0.268164,-0.0011410000000000031,0.343259,0.231237,0.236258,-0.005020999999999998,1.30101,1.30101,1.14611,0.0,0.002,0
0.604,302,2,1.29703,0.267486,0.268637,-0.0011510000000000131,0.333901,0.231498,0.236358,-0.004860000000000003,1.26829,1.26829,1.112,0.0,0.002,0
0.606,303,2,1.29769,0.267949,0.269109,-0.0011599999999999944,0.318954,0.231402,0.236165,-0.004763000000000017,1.23697,1.23697,1.0792,0.0,0.002,0
0.608,304,2,1.2983,0.268412,0.269581,-0.0011690000000000311,0.298952,0.230972,0.235695,-0.004722999999999977,1.2073,1.2073,1.04803,0.0,0.002,0
0.61,305,2,1.29888,0.268873,0.270051,-0.0011780000000000124,0.274425,0.230235,0.234967,-0.004732000000000014,1.17947,1.17947,1.01874,0.0,0.002,0
0.612,306,2,1.2994,0.269332,0.270519,-0.0011869999999999936,0.245907,0.229216,0.233999,-0.0047830000000000095,1.15363,1.15363,0.991493,0.0,0.002,0
0.614,307,2,1.29986,0.26979,0.270984,-0.0011940000000000284,0.21393,0.227944,0.232813,-0.0048689999999999845,1.12993,1.12993,0.966432,0.0,0.002,0
0.616,308,2,1.30025,0.270244,0.271447,-0.0012030000000000096,0.179025,0.226448,0.23143,-0.0049819999999999864,1.10849,1.10849,0.943677,0.0,0.002,0
0.618,309,2,1.30057,0.270695,0.271907,-0.0012119999999999909,0.141725,0.224755,0.229871,-0.005115999999999982,1.08948,1.08948,0.923349,0.0,0.002,0
0.62,310,2,1.30082,0.271143,0.272363,-0.0012199999999999989,0.102563,0.222898,0.22816,-0.005261999999999989,1.07304,1.07304,0.905579,0.0,0.002,0
0.622,311,2,1.30098,0.271587,0.272816,-0.00122899999999998,0.06207,0.220907,0.226321,-0.005414000000000002,1.05938,1.05938,0.890514,0.0,0.002,0
0.624,312,2,1.30107,0.272026,0.273264,-0.0012380000000000169,0.0207787,0.218816,0.224379,-0.005562999999999985,1.04868,1.04868,0.87832,0.0,0.002,0
0.626,313,2,1.30107,0.272462,0.273709,-0.0012469999999999981,-0.0207787,0.216657,0.222362,-0.005705000000000016,1.04118,1.04118,0.869181,0.0,0.002,0
0.628,314,2,1.30098,0.272893,0.27415,-0.0012570000000000081,-0.06207,0.214465,0.220296,-0.005831000000000003,1.0371,1.0371,0.863293,0.0,0.002,0
0.63,315,2,1.30082,0.27332,0.274586,-0.0012659999999999894,-0.102563,0.212277,0.218212,-0.005934999999999996,1.03668,1.03668,0.860865,0.0,0.002,0
0.632,316,2,1.30057,0.273742,0.275019,-0.0012770000000000281,-0.141725,0.210128,0.216141,-0.006012999999999991,1.04016,1.04016,0.86211,0.0,0.002,0
0.634,317,2,1.30025,0.27416,0.275447,-0.0012869999999999826,-0.179025,0.208057,0.214115,-0.006058000000000008,1.04779,1.04779,0.867249,0.0,0.002,0
0.636,318,2,1.29986,0.274575,0.275871,-0.0012959999999999638,-0.21393,0.206103,0.21217,-0.006066999999999989,1.05983,1.05983,0.876502,0.0,0.002,0
0.638,319,2,1.2994,0.274985,0.276292,-0.0013070000000000026,-0.245907,0.204306,0.21034,-0.006034000000000012,1.0765,1.0765,0.89009,0.0,0.002,0
0.64,320,2,1.29888,0.275392,0.276709,-0.001316999999999957,-0.274425,0.202706,0.208663,-0.00595699999999999,1.09808,1.09808,0.908233,0.0,0.002,0
0.642,321,2,1.2983,0.275796,0.277123,-0.0013270000000000226,-0.298952,0.201347,0.207179,-0.005832000000000004,1.1248,1.1248,0.931148,0.0,0.002,0
0.644,322,2,1.29769,0.276197,0.277535,-0.0013379999999999503,-0.318954,0.200271,0.205927,-0.005655999999999994,1.1569,1.1569,0.959053,0.0,0.002,0
0.646,323,2,1.29703,0.276597,0.277945,-0.0013480000000000159,-0.333901,0.199523,0.20495,-0.005426999999999987,1.19465,1.19465,0.992162,0.0,0.002,0
0.648,324,2,1.29635,0.276996,0.278354,-0.0013579999999999703,-0.343259,0.199148,0.204291,-0.005143000000000009,1.23827,1.23827,1.03069,0.0,0.002,0
0.65,325,2,1.29566,0.277394,0.278762,-0.0013680000000000359,-0.346496,0.199194,0.203994,-0.004799999999999999,1.24382,1.24382,1.07484,0.0,0.002,0
0.652,326,2,1.29497,0.277793,0.279169,-0.0013759999999999883,-0.349792,0.19923,0.203734,-0.004504000000000008,1.20206,1.20206,1.08063,0.0,0.002,0
0.654,327,2,1.29426,0.278191,0.279575,-0.0013839999999999963,-0.359284,0.198816,0.203113,-0.004296999999999995,1.16198,1.16198,1.03907,0.0,0.002,0
0.656,328,2,1.29353,0.278588,0.27998,-0.0013920000000000043,-0.374382,0.197985,0.20215,-0.004165000000000002,1.12396,1.12396,0.999493,0.0,0.002,0
0.658,329,2,1.29276,0.278982,0.280381,-0.0013989999999999836,-0.394506,0.196769,0.200869,-0.0040999999999999925,1.08824,1.08824,0.962237,0.0,0.002,0
0.66,330,2,1.29195,0.279374,0.28078,-0.0014059999999999628,-0.419078,0.195201,0.199292,-0.0040909999999999835,1.05501,1.05501,0.927545,0.0,0.002,0
0.662,331,2,1.29108,0.279763,0.281175,-0.0014120000000000243,-0.447532,0.193317,0.197447,-0.0041300000000000225,1.02441,1.02441,0.895578,0.0,0.002,0
0.664,332,2,1.29015,0.280147,0.281566,-0.0014190000000000036,-0.479304,0.19115,0.195359,-0.004209000000000018,0.996547,0.996547,0.866452,0.0,0.002,0
0.666,333,2,1.28916,0.280527,0.281952,-0.001424999999999954,-0.513839,0.188736,0.193055,-0.004319000000000017,0.971536,0.971536,0.84026,0.0,0.002,0
0.668,334,2,1.2881,0.280902,0.282333,-0.0014310000000000156,-0.550589,0.186112,0.190562,-0.0044500000000000095,0.949501,0.9495,0.817092,0.0,0.002,0
0.67,335,2,1.28696,0.281272,0.282709,-0.001436999999999966,-0.58901,0.183314,0.187908,-0.004593999999999987,0.93058,0.93058,0.797051,0.0,0.002,0
0.672,336,2,1.28574,0.281635,0.283079,-0.0014440000000000008,-0.628568,0.180379,0.185123,-0.004743999999999998,0.914933,0.914933,0.780254,0.0,0.002,0
0.674,337,2,1.28444,0.281993,0.283443,-0.0014500000000000068,-0.668734,0.177346,0.182235,-0.0048890000000000045,0.902736,0.902736,0.766835,0.0,0.002,0
0.676,338,2,1.28307,0.282345,0.283802,-0.001456999999999986,-0.708986,0.174253,0.179276,-0.005023,0.894179,0.894179,0.756948,0.0,0.002,0
0.678,339,2,1.28161,0.28269,0.284155,-0.001464999999999994,-0.748808,0.171139,0.176277,-0.005137999999999976,0.889461,0.889461,0.750758,0.0,0.002,0
0.68,340,2,1.28007,0.283029,0.284501,-0.0014720000000000288,-0.787692,0.168044,0.173272,-0.00522800000000001,0.888789,0.888789,0.748439,0.0,0.002,0
0.682,341,2,1.27846,0.283362,0.284842,-0.0014799999999999813,-0.825134,0.165008,0.170295,-0.005287000000000014,0.892369,0.892369,0.750171,0.0,0.002,0
0.684,342,2,1.27677,0.283689,0.285176,-0.0014869999999999606,-0.86064,0.162072,0.167381,-0.005309000000000008,0.90041,0.90041,0.756133,0.0,0.002,0
0.686,343,2,1.27502,0.284011,0.285506,-0.0014949999999999686,-0.893721,0.159277,0.164567,-0.005289999999999989,0.913115,0.913115,0.766505,0.0,0.002,0
0.688,344,2,1.2732,0.284327,0.285829,-0.0015020000000000033,-0.923895,0.156666,0.161892,-0.005226000000000008,0.930684,0.930684,0.781461,0.0,0.002,0
0.69,345,2,1.27132,0.284638,0.286148,-0.0015100000000000113,-0.950686,0.15428,0.159393,-0.005113000000000006,0.953312,0.953312,0.801171,0.0,0.002,0
0.692,346,2,1.2694,0.284944,0.286462,-0.0015180000000000193,-0.973625,0.152163,0.157111,-0.004948000000000008,0.981188,0.981188,0.825798,0.0,0.002,0
0.694,347,2,1.26743,0.285246,0.286773,-0.0015270000000000006,-0.992249,0.150359,0.155087,-0.00472800000000001,1.0145,1.0145,0.8555,0.0,0.002,0
0.696,348,2,1.26543,0.285546,0.287079,-0.001532999999999951,-1.0061,0.14891,0.153363,-0.0044530000000000125,1.05342,1.05342,0.890429,0.0,0.002,0
0.698,349,2,1.26341,0.285842,0.287383,-0.0015410000000000146,-1.01474,0.147862,0.151981,-0.0041190000000000115,1.09813,1.09813,0.930732,0.0,0.002,0
0.7,350,2,1.26138,0.286137,0.287685,-0.0015480000000000493,-1.01772,0.14726,0.150985,-0.003725000000000006,1.1014,1.1014,0.97655,0.0,0.002,0
0.702,351,2,1.25934,0.286431,0.287985,-0.0015539999999999998,-1.02086,0.146637,0.150022,-0.003384999999999999,1.05404,1.05404,0.980614,0.0,0.002,0
0.704,352,2,1.25729,0.286724,0.288283,-0.0015590000000000326,-1.02989,0.145522,0.148665,-0.003142999999999979,1.00899,1.00899,0.934019,0.0,0.002,0
0.706,353,2,1.25522,0.287013,0.288576,-0.001562999999999981,-1.04419,0.143956,0.146939,-0.0029829999999999857,0.966621,0.966621,0.890058,0.0,0.002,0
0.708,354,2,1.25311,0.287299,0.288866,-0.001566999999999985,-1.06317,0.141978,0.144874,-0.0028960000000000097,0.927166,0.927166,0.849069,0.0,0.002,0
0.71,355,2,1.25096,0.287581,0.289151,-0.0015700000000000158,-1.08625,0.139629,0.142498,-0.0028690000000000104,0.890776,0.890776,0.811267,0.0,0.002,0
0.712,356,2,1.24876,0.287857,0.289431,-0.0015740000000000198,-1.11285,0.13695,0.139842,-0.0028920000000000057,0.857549,0.857549,0.776778,0.0,0.002,0
0.714,357,2,1.24651,0.288128,0.289705,-0.001576999999999995,-1.14242,0.133981,0.136938,-0.002957000000000015,0.827558,0.827558,0.745675,0.0,0.002,0
0.716,358,2,1.24419,0.288393,0.289972,-0.001578999999999997,-1.17442,0.130763,0.133816,-0.003053,0.80087,0.80087,0.718008,0.0,0.002,0
0.718,359,2,1.24181,0.288651,0.290233,-0.0015820000000000278,-1.20831,0.127337,0.130508,-0.003171000000000007,0.777562,0.777562,0.693817,0.0,0.002,0
0.72,360,2,1.23936,0.288902,0.290488,-0.0015860000000000318,-1.24357,0.123743,0.127045,-0.0033019999999999855,0.757725,0.757725,0.673156,0.0,0.002,0
0.722,361,2,1.23683,0.289146,0.290734,-0.0015879999999999783,-1.27971,0.120024,0.123459,-0.0034349999999999936,0.741467,0.741467,0.656089,0.0,0.002,0
0.724,362,2,1.23424,0.289382,0.290974,-0.0015920000000000378,-1.31623,0.116218,0.119782,-0.0035639999999999977,0.728911,0.728911,0.642699,0.0,0.002,0
0.726,363,2,1.23157,0.289611,0.291206,-0.001595000000000013,-1.35265,0.112369,0.116047,-0.0036780000000000007,0.720193,0.720193,0.633086,0.0,0.002,0
0.728,364,2,1.22883,0.289832,0.291431,-0.001599000000000017,-1.3885,0.108515,0.112288,-0.0037729999999999986,0.715453,0.715453,0.627355,0.0,0.002,0
0.73,365,2,1.22602,0.290045,0.291648,-0.001603000000000021,-1.42333,0.104699,0.108537,-0.003837999999999994,0.714833,0.714833,0.625623,0.0,0.002,0
0.732,366,2,1.22314,0.290251,0.291857,-0.0016059999999999963,-1.4567,0.10096,0.104831,-0.0038709999999999994,0.718476,0.718476,0.628004,0.0,0.002,0
0.734,367,2,1.22019,0.290449,0.29206,-0.0016109999999999736,-1.48818,0.0973387,0.101203,-0.003864300000000001,0.726517,0.726517,0.634612,0.0,0.002,0
0.736,368,2,1.21718,0.29064,0.292255,-0.0016149999999999776,-1.51736,0.093876,0.0976919,-0.003815899999999997,0.739083,0.739083,0.645554,0.0,0.002,0
0.738,369,2,1.21412,0.290825,0.292444,-0.0016189999999999816,-1.54383,0.0906116,0.0943323,-0.0037206999999999935,0.756294,0.756294,0.660929,0.0,0.002,0
0.74,370,2,1.21101,0.291003,0.292626,-0.0016229999999999856,-1.56721,0.0875853,0.0911616,-0.0035762999999999906,0.778259,0.778259,0.680828,0.0,0.002,0
0.742,371,2,1.20786,0.291175,0.292803,-0.0016279999999999628,-1.58712,0.0848369,0.0882172,-0.003380299999999989,0.805079,0.805079,0.70533,0.0,0.002,0
0.744,372,2,1.20466,0.291342,0.292974,-0.0016320000000000223,-1.6032,0.0824054,0.0855367,-0.0031312999999999896,0.836842,0.836842,0.734505,0.0,0.002,0
0.746,373,2,1.20145,0.291505,0.29314,-0.0016349999999999976,-1.61509,0.08033,0.0831577,-0.0028277000000000024,0.873628,0.873628,0.768412,0.0,0.002,0
0.748,374,2,1.19821,0.291664,0.293302,-0.0016380000000000283,-1.62246,0.0786491,0.0811181,-0.002468999999999999,0.91551,0.91551,0.807102,0.0,0.002,0
0.75,375,2,1.19496,0.29182,0.293461,-0.0016410000000000036,-1.62499,0.0774011,0.0794556,-0.0020545000000000008,0.915863,0.915863,0.850616,0.0,0.002,0
0.752,376,2,1.19171,0.291974,0.293617,-0.0016430000000000056,-1.62779,0.0761194,0.0778159,-0.0016964999999999897,0.86648,0.86648,0.852299,0.0,0.002,0
0.754,377,2,1.18844,0.292124,0.293768,-0.0016439999999999788,-1.63579,0.0743428,0.0757806,-0.001437800000000003,0.819978,0.819978,0.804227,0.0,0.002,0
0.756,378,2,1.18516,0.292271,0.293915,-0.0016439999999999788,-1.6484,0.0721172,0.07338,-0.0012627999999999945,0.776669,0.776669,0.759353,0.0,0.002,0
0.758,379,2,1.18185,0.292412,0.294056,-0.0016439999999999788,-1.66504,0.0694879,0.0706468,-0.0011588999999999905,0.736739,0.736739,0.717965,0.0,0.002,0
0.76,380,2,1.1785,0.292548,0.294192,-0.0016440000000000343,-1.68517,0.0664999,0.0676145,-0.0011145999999999934,0.700286,0.700286,0.680222,0.0,0.002,0
0.762,381,2,1.17511,0.292678,0.29432,-0.0016420000000000323,-1.70825,0.0631975,0.0643171,-0.0011195999999999984,0.667349,0.667349,0.646194,0.0,0.002,0
0.764,382,2,1.17166,0.292801,0.294442,-0.0016410000000000036,-1.73376,0.0596246,0.0607884,-0.0011637999999999996,0.637942,0.637942,0.615896,0.0,0.002,0
0.766,383,2,1.16817,0.292916,0.294556,-0.0016399999999999748,-1.7612,0.0558245,0.0570617,-0.0012372000000000008,0.612068,0.612068,0.589311,0.0,0.002,0
0.768,384,2,1.16462,0.293024,0.294662,-0.0016379999999999728,-1.7901,0.0518398,0.0531701,-0.0013302999999999995,0.589737,0.589737,0.566418,0.0,0.002,0
0.77,385,2,1.16101,0.293124,0.294761,-0.0016369999999999996,-1.82,0.0477125,0.049146,-0.0014335000000000042,0.570971,0.570971,0.547201,0.0,0.002,0
0.772,386,2,1.15734,0.293215,0.294851,-0.0016359999999999708,-1.85045,0.0434837,0.0450216,-0.0015379000000000018,0.555804,0.555804,0.531654,0.0,0.002,0
0.774,387,2,1.15361,0.293298,0.294932,-0.0016340000000000243,-1.88102,0.039194,0.0408291,-0.0016351000000000004,0.544282,0.544282,0.519787,0.0,0.002,0
0.776,388,2,1.14981,0.293372,0.295005,-0.0016329999999999956,-1.91131,0.034883,0.0366004,-0.0017174000000000009,0.536457,0.536457,0.511619,0.0,0.002,0
0.778,389,2,1.14596,0.293437,0.29507,-0.0016329999999999956,-1.94094,0.0305895,0.0323674,-0.001777899999999999,0.532382,0.532382,0.507176,0.0,0.002,0
0.78,390,2,1.14205,0.293494,0.295127,-0.0016329999999999956,-1.96953,0.0263513,0.0281619,-0.001810599999999999,0.53211,0.53211,0.506488,0.0,0.002,0
0.782,391,2,1.13808,0.293543,0.295175,-0.0016320000000000223,-1.99673,0.0222054,0.0240158,-0.0018104000000000002,0.535684,0.535684,0.50958,0.0,0.002,0
0.784,392,2,1.13407,0.293583,0.295215,-0.0016320000000000223,-2.02221,0.0181877,0.0199608,-0.0017730999999999997,0.54314,0.54314,0.516472,0.0,0.002,0
0.786,393,2,1.13,0.293615,0.295247,-0.0016319999999999668,-2.04565,0.014333,0.0160285,-0.0016955000000000008,0.554499,0.554499,0.527171,0.0,0.002,0
0.788,394,2,1.12588,0.29364,0.295271,-0.0016309999999999936,-2.06676,0.0106752,0.0122499,-0.0015747,0.569769,0.569769,0.541676,0.0,0.002,0
0.79,395,2,1.12173,0.293658,0.295288,-0.0016300000000000203,-2.08526,0.00724685,0.00865601,-0.0014091600000000004,0.588946,0.588946,0.55997,0.0,0.002,0
0.792,396,2,1.11755,0.29367,0.295299,-0.0016289999999999916,-2.10089,0.00407941,0.00527701,-0.0011976,0.612007,0.612007,0.582021,0.0,0.002,0
0.794,397,2,1.11333,0.293675,0.295303,-0.0016279999999999628,-2.11341,0.00120308,0.00214254,-0.00093946,0.638918,0.638918,0.607785,0.0,0.002,0
0.796,398,2,1.10909,0.293675,0.295302,-0.0016269999999999896,-2.1226,-0.00135323,-0.000718511,-0.000634719,0.669629,0.669629,0.637204,0.0,0.002,0
0.798,399,2,1.10484,0.29367,0.295295,-0.0016249999999999876,-2.12824,-0.00356194,-0.00327816,-0.00028377999999999997,0.704077,0.704077,0.670204,0.0,0.002,0
0.8,400,2,1.10058,0.293661,0.295284,-0.0016229999999999856,-2.13016,-0.00539689,-0.00550939,0.00011250000000000062,0.701005,0.701005,0.7067,0.0,0.002,0
0.802,401,2,1.09632,0.293648,0.295269,-0.0016209999999999836,-2.13244,-0.00727812,-0.00773231,0.00045419000000000015,0.65422,0.65422,0.705412,0.0,0.002,0
0.804,402,2,1.09205,0.293631,0.295248,-0.001617000000000035,-2.1389,-0.00960964,-0.0103142,0.0007045600000000016,0.610719,0.610719,0.660405,0.0,0.002,0
0.806,403,2,1.08776,0.293609,0.295222,-0.0016129999999999756,-2.14902,-0.0123431,-0.0132219,0.0008788000000000008,0.570727,0.570727,0.61897,0.0,0.002,0
0.808,404,2,1.08345,0.293582,0.295189,-0.0016069999999999696,-2.16229,-0.0154313,-0.0164208,0.000989499999999999,0.534349,0.534349,0.581305,0.0,0.002,0
0.81,405,2,1.07911,0.293547,0.295149,-0.0016019999999999923,-2.1782,-0.0188283,-0.0198759,0.0010475999999999992,0.501604,0.501604,0.547486,0.0,0.002,0
0.812,406,2,1.07474,0.293506,0.295102,-0.0015959999999999863,-2.1963,-0.0224894,-0.0235524,0.0010630000000000014,0.472458,0.472458,0.517505,0.0,0.002,0
0.814,407,2,1.07033,0.293457,0.295047,-0.0015899999999999803,-2.21615,-0.026371,-0.0274167,0.0010457,0.446847,0.446847,0.4913,0.0,0.002,0
0.816,408,2,1.06587,0.293401,0.294984,-0.001583000000000001,-2.23732,-0.0304313,-0.0314359,0.0010046000000000013,0.424698,0.424698,0.46878,0.0,0.002,0
0.818,409,2,1.06138,0.293335,0.294913,-0.0015779999999999683,-2.25942,-0.0346297,-0.0355782,0.000948499999999998,0.405938,0.405938,0.449847,0.0,0.002,0
0.82,410,2,1.05683,0.293262,0.294833,-0.001570999999999989,-2.28207,-0.038927,-0.0398131,0.0008860999999999938,0.3905,0.3905,0.434401,0.0,0.002,0
0.822,411,2,1.05225,0.29318,0.294745,-0.001564999999999983,-2.30491,-0.0432858,-0.0441109,0.0008251000000000022,0.378325,0.378325,0.42235,0.0,0.002,0
0.824,412,2,1.04762,0.293089,0.294648,-0.0015590000000000326,-2.32762,-0.0476702,-0.0484429,0.0007726999999999942,0.369358,0.369358,0.413614,0.0,0.002,0
0.826,413,2,1.04294,0.292989,0.294543,-0.0015539999999999998,-2.34989,-0.0520461,-0.0527815,0.0007354000000000041,0.363546,0.363546,0.408113,0.0,0.002,0
0.828,414,2,1.03822,0.292881,0.294429,-0.0015479999999999938,-2.37143,-0.0563809,-0.0570996,0.0007187000000000027,0.360831,0.360831,0.405771,0.0,0.002,0
0.83,415,2,1.03345,0.292764,0.294306,-0.0015419999999999878,-2.39198,-0.0606441,-0.0613713,0.0007271999999999973,0.361147,0.361147,0.40651,0.0,0.002,0
0.832,416,2,1.02865,0.292638,0.294175,-0.0015370000000000106,-2.4113,-0.0648069,-0.0655715,0.0007646000000000042,0.364418,0.364418,0.410244,0.0,0.002,0
0.834,417,2,1.02381,0.292504,0.294035,-0.0015310000000000046,-2.42918,-0.0688425,-0.0696762,0.0008336999999999928,0.370551,0.370551,0.416875,0.0,0.002,0
0.836,418,2,1.01893,0.292363,0.293888,-0.0015249999999999986,-2.44541,-0.0727262,-0.0736624,0.0009361999999999981,0.379436,0.379437,0.426292,0.0,0.002,0
0.838,419,2,1.01403,0.292214,0.293733,-0.001519000000000048,-2.45983,-0.0764352,-0.0775086,0.0010734000000000021,0.390948,0.390948,0.438366,0.0,0.002,0
0.84,420,2,1.0091,0.292057,0.293571,-0.0015140000000000153,-2.47229,-0.0799488,-0.0811946,0.0012458000000000052,0.404941,0.404941,0.452955,0.0,0.002,0
0.842,421,2,1.00414,0.291894,0.293401,-0.001507000000000036,-2.48266,-0.0832488,-0.0847016,0.001452800000000004,0.421249,0.421249,0.469896,0.0,0.002,0
0.844,422,2,0.999166,0.291724,0.293225,-0.00150100000000003,-2.49083,-0.0863191,-0.0880126,0.0016935000000000006,0.439689,0.439689,0.48901,0.0,0.002,0
0.846,423,2,0.994178,0.291549,0.293043,-0.0014939999999999953,-2.49673,-0.0891457,-0.0911126,0.0019669000000000075,0.460062,0.460062,0.5101,0.0,0.002,0
0.848,424,2,0.989181,0.291368,0.292855,-0.0014869999999999606,-2.50029,-0.0917173,-0.0939882,0.0022708999999999924,0.482146,0.482146,0.532952,0.0,0.002,0
0.85,425,2,0.984179,0.291182,0.292662,-0.0014799999999999813,-2.50149,-0.0940251,-0.0966283,0.0026032,0.475321,0.475321,0.557336,0.0,0.002,0
0.852,426,2,0.979175,0.290992,0.292463,-0.001471,-2.5031,-0.0963906,-0.0992791,0.0028884999999999883,0.436464,0.436464,0.552624,0.0,0.002,0
0.854,427,2,0.974164,0.290796,0.292259,-0.001462999999999992,-2.50762,-0.0991081,-0.102209,0.0031008999999999898,0.401053,0.401053,0.515888,0.0,0.002,0
0.856,428,2,0.969142,0.290595,0.292048,-0.001452999999999982,-2.51462,-0.102131,-0.105386,0.003254999999999994,0.369181,0.369181,0.482821,0.0,0.002,0
0.858,429,2,0.964104,0.290388,0.29183,-0.0014419999999999988,-2.52367,-0.105415,-0.108775,0.003360000000000002,0.340844,0.340844,0.45349,0.0,0.002,0
0.86,430,2,0.959047,0.290173,0.291606,-0.001432999999999962,-2.53437,-0.108917,-0.112344,0.0034269999999999995,0.315966,0.315966,0.427865,0.0,0.002,0
0.862,431,2,0.953966,0.289952,0.291374,-0.0014220000000000343,-2.54636,-0.112596,-0.116059,0.003462999999999994,0.294424,0.294424,0.405841,0.0,0.002,0
0.864,432,2,0.948861,0.289723,0.291134,-0.0014109999999999956,-2.5593,-0.116414,-0.119892,0.003477999999999995,0.276069,0.276069,0.387272,0.0,0.002,0
0.866,433,2,0.943728,0.289486,0.290886,-0.0013999999999999568,-2.57287,-0.120335,-0.123813,0.003478000000000009,0.26074,0.26074,0.371983,0.0,0.002,0
0.868,434,2,0.938569,0.289242,0.290631,-0.0013889999999999736,-2.58677,-0.124324,-0.127794,0.003469999999999987,0.24827,0.24827,0.35979,0.0,0.002,0
0.87,435,2,0.933381,0.288989,0.290367,-0.0013779999999999903,-2.60074,-0.12835,-0.131812,0.0034620000000000206,0.238492,0.238492,0.350505,0.0,0.002,0
0.872,436,2,0.928166,0.288728,0.290095,-0.001367000000000007,-2.61455,-0.132384,-0.135841,0.003456999999999988,0.231238,0.231238,0.343941,0.0,0.002,0
0.874,437,2,0.922923,0.288459,0.289816,-0.001356999999999997,-2.62796,-0.1364,-0.139862,0.003461999999999993,0.226339,0.226339,0.339912,0.0,0.002,0
0.876,438,2,0.917655,0.288183,0.289528,-0.001344999999999985,-2.64081,-0.140372,-0.143853,0.003481000000000012,0.223618,0.223618,0.338229,0.0,0.002,0
0.878,439,2,0.912361,0.287898,0.289232,-0.0013340000000000019,-2.65291,-0.144279,-0.147796,0.00351700000000002,0.222887,0.222887,0.3387,0.0,0.002,0
0.88,440,2,0.907043,0.287606,0.288929,-0.0013230000000000186,-2.66413,-0.148104,-0.151676,0.003571999999999992,0.223945,0.223945,0.341123,0.0,0.002,0
0.882,441,2,0.901705,0.287306,0.288618,-0.0013119999999999798,-2.67436,-0.151829,-0.155478,0.0036490000000000133,0.226575,0.226575,0.345286,0.0,0.002,0
0.884,442,2,0.896347,0.286998,0.2883,-0.0013020000000000254,-2.68351,-0.155442,-0.159189,0.0037470000000000003,0.230541,0.230541,0.350957,0.0,0.002,0
0.886,443,2,0.890972,0.286684,0.287974,-0.0012900000000000134,-2.69152,-0.158932,-0.1628,0.0038680000000000103,0.235585,0.235585,0.357892,0.0,0.002,0
0.888,444,2,0.885581,0.286363,0.287641,-0.0012780000000000014,-2.69834,-0.162293,-0.166303,0.0040100000000000136,0.24143,0.24143,0.365826,0.0,0.002,0
0.89,445,2,0.880179,0.286035,0.287302,-0.0012670000000000181,-2.70397,-0.165521,-0.169692,0.004171000000000008,0.247775,0.247775,0.374473,0.0,0.002,0
0.892,446,2,0.874766,0.285701,0.286956,-0.0012550000000000061,-2.70843,-0.168616,-0.172965,0.0043490000000000195,0.254297,0.254297,0.383529,0.0,0.002,0
0.894,447,2,0.869346,0.28536,0.286604,-0.0012440000000000229,-2.71174,-0.171578,-0.176122,0.0045439999999999925,0.260654,0.260654,0.392669,0.0,0.002,0
0.896,448,2,0.86392,0.285014,0.286246,-0.0012320000000000109,-2.71399,-0.174416,-0.179165,0.004749000000000003,0.266479,0.266479,0.401551,0.0,0.002,0
0.898,449,2,0.858491,0.284663,0.285881,-0.0012179999999999969,-2.71524,-0.177137,-0.182101,0.004964000000000024,0.271387,0.271386,0.409811,0.0,0.002,0
0.9,450,2,0.85306,0.284306,0.285511,-0.0012050000000000116,-2.71563,-0.179755,-0.184939,0.005183999999999994,0.260727,0.260727,0.417068,0.0,0.002,0
0.902,451,2,0.847628,0.283944,0.285136,-0.0011920000000000264,-2.71648,-0.18244,-0.187811,0.005371000000000015,0.235409,0.23541,0.408679,0.0,0.002,0
0.904,452,2,0.842193,0.283576,0.284754,-0.0011780000000000124,-2.71878,-0.185324,-0.190839,0.00551500000000002,0.213383,0.213383,0.385658,0.0,0.002,0
0.906,453,2,0.836752,0.283202,0.284366,-0.0011639999999999984,-2.72221,-0.188367,-0.193993,0.005625999999999992,0.194575,0.194575,0.366054,0.0,0.002,0
0.908,454,2,0.831303,0.282822,0.283972,-0.0011499999999999844,-2.72648,-0.191531,-0.197244,0.005712999999999996,0.178849,0.178849,0.349769,0.0,0.002,0
0.91,455,2,0.825846,0.282436,0.283571,-0.0011349999999999971,-2.73129,-0.194782,-0.200564,0.005781999999999982,0.166019,0.166019,0.336644,0.0,0.002,0
0.912,456,2,0.820378,0.282043,0.283163,-0.0011200000000000099,-2.73642,-0.19809,-0.203928,0.00583800000000001,0.155869,0.155869,0.32647,0.0,0.002,0
0.914,457,2,0.8149,0.281644,0.282748,-0.0011039999999999939,-2.74164,-0.201424,-0.207313,0.005889000000000005,0.148162,0.148162,0.319012,0.0,0.002,0
0.916,458,2,0.809412,0.281238,0.282327,-0.0010890000000000066,-2.74675,-0.204759,-0.210696,0.005936999999999998,0.142644,0.142644,0.314012,0.0,0.002,0
0.918,459,2,0.803913,0.280825,0.281899,-0.0010740000000000194,-2.75158,-0.208074,-0.21406,0.005985999999999991,0.139054,0.139054,0.311201,0.0,0.002,0
0.92,460,2,0.798406,0.280405,0.281464,-0.0010589999999999766,-2.75601,-0.211347,-0.217389,0.006041999999999992,0.13712,0.13712,0.310303,0.0,0.002,0
0.922,461,2,0.79289,0.279979,0.281022,-0.0010430000000000161,-2.7599,-0.214564,-0.220669,0.006104999999999999,0.13656,0.13656,0.311032,0.0,0.002,0
0.924,462,2,0.787366,0.279547,0.280575,-0.0010280000000000289,-2.76319,-0.21771,-0.223888,0.006178000000000017,0.137079,0.137079,0.313095,0.0,0.002,0
0.926,463,2,0.781837,0.279109,0.280121,-0.0010120000000000129,-2.7658,-0.220777,-0.227039,0.00626199999999999,0.13837,0.13837,0.31619,0.0,0.002,0
0.928,464,2,0.776304,0.278664,0.27966,-0.0009959999999999969,-2.7677,-0.223759,-0.230116,0.006356999999999974,0.140107,0.140107,0.320002,0.0,0.002,0
0.93,465,2,0.770767,0.278214,0.279194,-0.0009799999999999809,-2.76889,-0.226653,-0.233115,0.0064619999999999955,0.141945,0.141945,0.3242,0.0,0.002,0
0.932,466,2,0.765229,0.277758,0.278722,-0.0009640000000000204,-2.76938,-0.22946,-0.236038,0.0065780000000000005,0.143519,0.143519,0.328438,0.0,0.002,0
0.934,467,2,0.75969,0.277296,0.278244,-0.0009480000000000044,-2.76923,-0.232186,-0.238887,0.006700999999999985,0.14444,0.14444,0.332349,0.0,0.002,0
0.936,468,2,0.754152,0.276829,0.277761,-0.0009319999999999884,-2.7685,-0.234839,-0.241669,0.006830000000000003,0.144299,0.144299,0.33555,0.0,0.002,0
0.938,469,2,0.748616,0.276357,0.277272,-0.0009149999999999991,-2.7673,-0.237431,-0.244392,0.006960999999999995,0.14266,0.14266,0.337634,0.0,0.002,0
0.94,470,2,0.743083,0.275879,0.276778,-0.0008990000000000387,-2.76576,-0.23998,-0.247072,0.007092000000000015,0.139067,0.139067,0.338174,0.0,0.002,0
0.942,471,2,0.737553,0.275397,0.276279,-0.0008819999999999939,-2.76402,-0.242507,-0.249724,0.007217000000000001,0.133037,0.133037,0.336724,0.0,0.002,0
0.944,472,2,0.732027,0.274909,0.275774,-0.0008650000000000047,-2.76227,-0.245036,-0.25237,0.007333999999999979,0.124066,0.124066,0.332816,0.0,0.002,0
0.946,473,2,0.726504,0.274416,0.275264,-0.0008480000000000154,-2.76071,-0.247597,-0.255033,0.007435999999999998,0.111627,0.111627,0.325962,0.0,0.002,0
0.948,474,2,0.720984,0.273919,0.274748,-0.0008289999999999687,-2.75958,-0.250223,-0.257743,0.007520000000000027,0.0951698,0.0951698,0.315654,0.0,0.002,0
0.95,475,2,0.715465,0.273416,0.274227,-0.0008110000000000062,-2.75915,-0.252952,-0.260532,0.007579999999999976,0.0808835,0.0808835,0.301364,0.0,0.002,0
0.952,476,2,0.709947,0.272907,0.2737,-0.0007929999999999882,-2.75917,-0.255754,-0.263381,0.007626999999999995,0.0744758,0.0744758,0.289309,0.0,0.002,0
0.954,477,2,0.704429,0.272393,0.273168,-0.0007750000000000257,-2.75911,-0.25855,-0.266223,0.007672999999999985,0.07084,0.07084,0.285181,0.0,0.002,0
0.956,478,2,0.698911,0.271873,0.27263,-0.0007570000000000077,-2.75876,-0.261313,-0.269033,0.007720000000000005,0.0697085,0.0697085,0.283818,0.0,0.002,0
0.958,479,2,0.693394,0.271347,0.272086,-0.0007389999999999897,-2.75797,-0.264017,-0.271792,0.007774999999999976,0.0707974,0.0707974,0.284935,0.0,0.002,0
0.96,480,2,0.687879,0.270817,0.271537,-0.0007199999999999984,-2.7566,-0.266643,-0.274482,0.007838999999999985,0.0738101,0.0738101,0.288231,0.0,0.002,0
0.962,481,2,0.682368,0.270281,0.270983,-0.0007019999999999804,-2.75454,-0.269172,-0.277086,0.007913999999999977,0.0784374,0.0784374,0.293396,0.0,0.002,0
0.964,482,2,0.676862,0.26974,0.270424,-0.0006840000000000179,-2.75171,-0.271591,-0.279593,0.008001999999999954,0.0843577,0.0843577,0.300106,0.0,0.002,0
0.966,483,2,0.671362,0.269195,0.26986,-0.0006649999999999712,-2.74804,-0.27389,-0.281993,0.008102999999999971,0.0912345,0.0912345,0.308032,0.0,0.002,0
0.968,484,2,0.66587,0.268645,0.269291,-0.0006459999999999799,-2.7435,-0.276061,-0.284279,0.008218000000000003,0.0987148,0.0987148,0.316829,0.0,0.002,0
0.97,485,2,0.660388,0.26809,0.268719,-0.0006289999999999907,-2.7381,-0.278103,-0.286448,0.008344999999999991,0.106427,0.106427,0.326138,0.0,0.002,0
0.972,486,2,0.654918,0.267532,0.268142,-0.0006099999999999994,-2.73184,-0.280016,-0.288499,0.008483000000000018,0.113978,0.113978,0.335585,0.0,0.002,0
0.974,487,2,0.649461,0.26697,0.267561,-0.0005910000000000082,-2.72479,-0.281806,-0.290436,0.008630000000000027,0.120954,0.120954,0.344778,0.0,0.002,0
0.976,488,2,0.644019,0.266405,0.266976,-0.0005709999999999882,-2.717,-0.283481,-0.292265,0.008784000000000014,0.126918,0.126918,0.353303,0.0,0.002,0
0.978,489,2,0.638594,0.265837,0.266388,-0.0005510000000000237,-2.70858,-0.285055,-0.293996,0.008940999999999977,0.131407,0.131407,0.36073,0.0,0.002,0
0.98,490,2,0.633185,0.265265,0.265797,-0.0005320000000000324,-2.69966,-0.286546,-0.295642,0.009095999999999993,0.133937,0.133937,0.366604,0.0,0.002,0
0.982,491,2,0.627795,0.26469,0.265202,-0.0005120000000000124,-2.69039,-0.287975,-0.297222,0.009247000000000005,0.133998,0.133998,0.370451,0.0,0.002,0
0.984,492,2,0.622424,0.264113,0.264605,-0.0004919999999999924,-2.68095,-0.289369,-0.298757,0.009388000000000007,0.131056,0.131056,0.371775,0.0,0.002,0
0.986,493,2,0.617072,0.263533,0.264004,-0.0004709999999999992,-2.67153,-0.290758,-0.300272,0.009513999999999967,0.124555,0.124555,0.370061,0.0,0.002,0
0.988,494,2,0.611738,0.26295,0.263401,-0.0004509999999999792,-2.66239,-0.292179,-0.301798,0.009618999999999989,0.113913,0.113913,0.364772,0.0,0.002,0
0.99,495,2,0.606422,0.262364,0.262794,-0.00043000000000004146,-2.65376,-0.293671,-0.30337,0.009698999999999958,0.0985264,0.0985264,0.355352,0.0,0.002,0
0.992,496,2,0.601122,0.261775,0.262184,-0.0004089999999999927,-2.64594,-0.295278,-0.305026,0.009748000000000034,0.0777674,0.0777674,0.341222,0.0,0.002,0
0.994,497,2,0.595837,0.261183,0.26157,-0.0003870000000000262,-2.63923,-0.297052,-0.30681,0.009758000000000044,0.0509854,0.0509854,0.321788,0.0,0.002,0
0.996,498,2,0.590564,0.260587,0.260953,-0.00036599999999997745,-2.63397,-0.299046,-0.308771,0.00972500000000004,0.0175068,0.0175068,0.296434,0.0,0.002,0
0.998,499,2,0.5853,0.259987,0.260331,-0.00034399999999995545,-2.63053,-0.301321,-0.310962,0.00964100000000001,-0.0233648,-0.0233648,0.264524,0.0,0.002,0
