case,joint,joint_id,delay_steps,delay_s,eig_index,eig_real,eig_imag,eig_abs,eig_angle_rad
A,Hip,1,0,0.0,0,0.23499848376066684,0.3078544172730617,0.3872965654435226,0.9188103091012655
A,Hip,1,0,0.0,1,0.23499848376066684,-0.3078544172730617,0.3872965654435226,-0.9188103091012655
A,Hip,1,0,0.0,2,0.9807101114020009,0.03284078933800663,0.9812598229064862,0.03347423640979116
A,Hip,1,0,0.0,3,0.9807101114020009,-0.03284078933800663,0.9812598229064862,-0.03347423640979116
A,Hip,1,0,0.0,4,0.7829027397244854,0.0,0.7829027397244854,0.0
A,Hip,1,0,0.0,5,0.19029091246171215,0.0,0.19029091246171215,0.0
A,Hip,1,1,0.002,0,0.9809137406883222,0.03376542352147184,0.9814947124140513,0.03440883264773369
A,Hip,1,1,0.002,1,0.9809137406883222,-0.03376542352147184,0.9814947124140513,-0.03440883264773369
A,Hip,1,1,0.002,2,0.7933407532602192,0.0,0.7933407532602192,0.0
A,Hip,1,1,0.002,3,0.23392832898509025,0.30851331739770776,0.38717299765543484,0.9220399906815281
A,Hip,1,1,0.002,4,0.23392832898509025,-0.30851331739770776,0.38717299765543484,-0.9220399906815281
A,Hip,1,1,0.002,5,0.18520450191072158,0.0,0.18520450191072158,0.0
A,Hip,1,1,0.002,6,-0.003618552006259612,0.0,0.003618552006259612,3.141592653589793
A,Hip,1,1,0.002,7,2.3363703900992134e-14,0.0,2.3363703900992134e-14,0.0
A,Hip,1,2,0.004,0,0.9811923716881512,0.0347421203119937,0.9818072545987793,0.03539327570893227
A,Hip,1,2,0.004,1,0.9811923716881512,-0.0347421203119937,0.9818072545987793,-0.03539327570893227
A,Hip,1,2,0.004,2,0.8057140076069201,0.0,0.8057140076069201,0.0
A,Hip,1,2,0.004,3,0.23336282575861644,0.31159715577911457,0.3892955123497831,0.9279837255061921
A,Hip,1,2,0.004,4,0.23336282575861644,-0.31159715577911457,0.3892955123497831,-0.9279837255061921
A,Hip,1,2,0.004,5,0.16107501542580763,0.0,0.16107501542580763,0.0
A,Hip,1,2,0.004,6,0.004355712292572157,0.0634872018188411,0.06363644415240315,1.5022959477663527
A,Hip,1,2,0.004,7,0.004355712292572157,-0.0634872018188411,0.06363644415240315,-1.5022959477663527
A,Hip,1,2,0.004,8,6.310240150315656e-14,1.0637320847279723e-07,1.0637320847281593e-07,1.5707957335778413
A,Hip,1,2,0.004,9,6.310240150315656e-14,-1.0637320847279723e-07,1.0637320847281593e-07,-1.5707957335778413
A,Hip,1,5,0.01,0,0.9826589379443085,0.03791186905059664,0.9833900030693549,0.038561777580575406
A,Hip,1,5,0.01,1,0.9826589379443085,-0.03791186905059664,0.9833900030693549,-0.038561777580575406
A,Hip,1,5,0.01,2,0.848641998502494,0.0,0.848641998502494,0.0
A,Hip,1,5,0.01,3,0.3366521109500578,0.34280355266427265,0.480467396944243,0.7944514011332328
A,Hip,1,5,0.01,4,0.3366521109500578,-0.34280355266427265,0.480467396944243,-0.7944514011332328
A,Hip,1,5,0.01,5,-0.318567116110977,0.0,0.318567116110977,3.141592653589793
A,Hip,1,5,0.01,6,-0.12638802320346826,0.31271187878021334,0.33728719444937616,1.9548903289432624
A,Hip,1,5,0.01,7,-0.12638802320346826,-0.31271187878021334,0.33728719444937616,-1.9548903289432624
A,Hip,1,5,0.01,8,0.19730815091442,0.282729689886434,0.3447703350935905,0.9615023172294586
A,Hip,1,5,0.01,9,0.19730815091442,-0.282729689886434,0.3447703350935905,-0.9615023172294586
A,Hip,1,5,0.01,10,0.09407360713409176,0.0,0.09407360713409176,0.0
A,Hip,1,5,0.01,11,-0.0014410281546554983,0.0010500246436228903,0.0017830069811207157,2.5118873169998164
A,Hip,1,5,0.01,12,-0.0014410281546554983,-0.0010500246436228903,0.0017830069811207157,-2.5118873169998164
A,Hip,1,5,0.01,13,0.0005535806905406239,0.00168985477039797,0.0017782184134622525,1.2542230243906882
A,Hip,1,5,0.01,14,0.0005535806905406239,-0.00168985477039797,0.0017782184134622525,-1.2542230243906882
A,Hip,1,5,0.01,15,0.001774894703519417,0.0,0.001774894703519417,0.0
A,Knee,2,0,0.0,0,0.23501579741701406,0.307866731094387,0.3873168588511202,0.9187940674289321
A,Knee,2,0,0.0,1,0.23501579741701406,-0.307866731094387,0.3873168588511202,-0.9187940674289321
A,Knee,2,0,0.0,2,0.9534227723884481,0.03841860176523109,0.9541965058993194,0.040273663880595494
A,Knee,2,0,0.0,3,0.9534227723884481,-0.03841860176523109,0.9541965058993194,-0.040273663880595494
A,Knee,2,0,0.0,4,0.7745624768450471,0.0,0.7745624768450471,0.0
A,Knee,2,0,0.0,5,0.19082473521917273,0.0,0.19082473521917273,0.0
A,Knee,2,1,0.002,0,0.9505396148268214,0.04130602276838833,0.9514366751771053,0.04342801839991999
A,Knee,2,1,0.002,1,0.9505396148268214,-0.04130602276838833,0.9514366751771053,-0.04342801839991999
A,Knee,2,1,0.002,2,0.8085490009045921,0.0,0.8085490009045921,0.0
A,Knee,2,1,0.002,3,0.23221188081849475,0.3093953559644906,0.38684343588286035,0.926953242239821
A,Knee,2,1,0.002,4,0.23221188081849475,-0.3093953559644906,0.38684343588286035,-0.926953242239821
A,Knee,2,1,0.002,5,0.17788234148002446,0.0,0.17788234148002446,0.0
A,Knee,2,1,0.002,6,-0.009669982000108105,0.0,0.009669982000108105,3.141592653589793
A,Knee,2,1,0.002,7,3.2898345958528332e-15,0.0,3.2898345958528332e-15,0.0
A,Knee,2,2,0.004,0,0.9469265672759359,0.04583591648382581,0.9480352604481016,0.048367180608628345
A,Knee,2,2,0.004,1,0.9469265672759359,-0.04583591648382581,0.9480352604481016,-0.048367180608628345
A,Knee,2,2,0.004,2,0.8477487786086234,0.0,0.8477487786086234,0.0
A,Knee,2,2,0.004,3,0.2296520961794301,0.31640386226891626,0.39096226075964613,0.9429511804225567
A,Knee,2,2,0.004,4,0.2296520961794301,-0.31640386226891626,0.39096226075964613,-0.9429511804225567
A,Knee,2,2,0.004,5,0.005323041840266813,0.11112171048897129,0.11124913175583882,1.5229301100478843
A,Knee,2,2,0.004,6,0.005323041840266813,-0.11112171048897129,0.11124913175583882,-1.5229301100478843
A,Knee,2,2,0.004,7,0.13071216247522385,0.0,0.13071216247522385,0.0
A,Knee,2,2,0.004,8,1.683491191319027e-14,7.616041736788247e-08,7.616041736788433e-08,1.5707961057494704
A,Knee,2,2,0.004,9,1.683491191319027e-14,-7.616041736788247e-08,7.616041736788433e-08,-1.5707961057494704
A,Knee,2,5,0.01,0,0.9525868562080744,0.07339306168387538,0.9554099958257272,0.07689414726733486
A,Knee,2,5,0.01,1,0.9525868562080744,-0.07339306168387538,0.9554099958257272,-0.07689414726733486
A,Knee,2,5,0.01,2,0.9252149618366117,0.0,0.9252149618366117,0.0
A,Knee,2,5,0.01,3,0.3662868489621738,0.42141981259919553,0.5583553654920667,0.8552759500853542
A,Knee,2,5,0.01,4,0.3662868489621738,-0.42141981259919553,0.5583553654920667,-0.8552759500853542
A,Knee,2,5,0.01,5,-0.3805370238671873,0.0,0.3805370238671873,3.141592653589793
A,Knee,2,5,0.01,6,-0.1602613906615145,0.3718097071466672,0.4048779713262417,1.9777639046746291
A,Knee,2,5,0.01,7,-0.1602613906615145,-0.3718097071466672,0.4048779713262417,-1.9777639046746291
A,Knee,2,5,0.01,8,0.193538489448433,0.2924239650038796,0.35066924901760554,0.9861412533003037
A,Knee,2,5,0.01,9,0.193538489448433,-0.2924239650038796,0.35066924901760554,-0.9861412533003037
A,Knee,2,5,0.01,10,0.09328480582703218,0.0,0.09328480582703218,0.0
A,Knee,2,5,0.01,11,-0.0008743025141661605,0.0,0.0008743025141661605,3.141592653589793
A,Knee,2,5,0.01,12,-0.0002771348014649938,0.0008337415059055146,0.0008785946715366745,1.8917057009514
A,Knee,2,5,0.01,13,-0.0002771348014649938,-0.0008337415059055146,0.0008785946715366745,-1.8917057009514
A,Knee,2,5,0.01,14,0.0007142860407227051,0.0005235350996382131,0.0008856034939658446,0.6324987342860935
A,Knee,2,5,0.01,15,0.0007142860407227051,-0.0005235350996382131,0.0008856034939658446,-0.6324987342860935
B,Hip,1,0,0.0,0,0.14999924545321056,0.3570701423614921,0.38729686314581574,1.17309742881977
B,Hip,1,0,0.0,1,0.14999924545321056,-0.3570701423614921,0.38729686314581574,-1.17309742881977
B,Hip,1,0,0.0,2,0.9807101114020009,0.03284078933800504,0.9812598229064862,0.03347423640978954
B,Hip,1,0,0.0,3,0.9807101114020009,-0.03284078933800504,0.9812598229064862,-0.03347423640978954
B,Hip,1,0,0.0,4,0.7252843493316891,0.0,0.7252843493316891,0.0
B,Hip,1,0,0.0,5,0.20540777946942052,0.0,0.20540777946942052,0.0
B,Hip,1,1,0.002,0,0.9808976529879725,0.03373856340787092,0.9814777105457566,0.03438204572799705
B,Hip,1,1,0.002,1,0.9808976529879725,-0.03373856340787092,0.9814777105457566,-0.03438204572799705
B,Hip,1,1,0.002,2,0.7392676056374962,0.0,0.7392676056374962,0.0
B,Hip,1,1,0.002,3,0.14892185810307168,0.35749984322130307,0.3872774944715064,1.1760919902011548
B,Hip,1,1,0.002,4,0.14892185810307168,-0.35749984322130307,0.3872774944715064,-1.1760919902011548
B,Hip,1,1,0.002,5,0.19774805323100622,0.0,0.19774805323100622,0.0
B,Hip,1,1,0.002,6,-0.004543838539059622,0.0,0.004543838539059622,3.141592653589793
B,Hip,1,1,0.002,7,-1.894620021509527e-15,0.0,1.894620021509527e-15,3.141592653589793
B,Hip,1,2,0.004,0,0.9811526823264096,0.03468749028347394,0.9817656584024901,0.0353390964133717
B,Hip,1,2,0.004,1,0.9811526823264096,-0.03468749028347394,0.9817656584024901,-0.0353390964133717
B,Hip,1,2,0.004,2,0.7566883907747717,0.0,0.7566883907747717,0.0
B,Hip,1,2,0.004,3,0.14860993442080805,0.3604888894331276,0.3899194173329748,1.179778231161673
B,Hip,1,2,0.004,4,0.14860993442080805,-0.3604888894331276,0.3899194173329748,-1.179778231161673
B,Hip,1,2,0.004,5,0.1645097297251732,0.0,0.1645097297251732,0.0
B,Hip,1,2,0.004,6,0.005693744258623699,0.07230891477666974,0.07253273660811578,1.4922165246644243
B,Hip,1,2,0.004,7,0.005693744258623699,-0.07230891477666974,0.07253273660811578,-1.4922165246644243
B,Hip,1,2,0.004,8,-8.968176274482985e-08,0.0,8.968176274482985e-08,3.141592653589793
B,Hip,1,2,0.004,9,8.96816668549188e-08,0.0,8.96816668549188e-08,0.0
B,Hip,1,5,0.01,0,0.9824890803143231,0.0377921482425035,0.9832156627137649,0.038446763731982116
B,Hip,1,5,0.01,1,0.9824890803143231,-0.0377921482425035,0.9832156627137649,-0.038446763731982116
B,Hip,1,5,0.01,2,0.8182010532277835,0.0,0.8182010532277835,0.0
B,Hip,1,5,0.01,3,0.32564596571278503,0.36109908736392315,0.48624874897532694,0.8369772407743064
B,Hip,1,5,0.01,4,0.32564596571278503,-0.36109908736392315,0.48624874897532694,-0.8369772407743064
B,Hip,1,5,0.01,5,-0.3337310003639448,0.0,0.3337310003639448,3.141592653589793
B,Hip,1,5,0.01,6,-0.13280426943511825,0.3280950685180387,0.3539538783034479,1.9554112146356664
B,Hip,1,5,0.01,7,-0.13280426943511825,-0.3280950685180387,0.3539538783034479,-1.9554112146356664
B,Hip,1,5,0.01,8,0.13154095197596977,0.33676650130390645,0.3615448775010073,1.1984196825211322
B,Hip,1,5,0.01,9,0.13154095197596977,-0.33676650130390645,0.3615448775010073,-1.1984196825211322
B,Hip,1,5,0.01,10,0.0938973322778119,0.0,0.0938973322778119,0.0
B,Hip,1,5,0.01,11,-0.0017694105907656594,0.0,0.0017694105907656594,3.141592653589793
B,Hip,1,5,0.01,12,-0.0005392300228795438,0.0016805602860208207,0.0017649509603739862,1.8812821325860447
B,Hip,1,5,0.01,13,-0.0005392300228795438,-0.0016805602860208207,0.0017649509603739862,-1.8812821325860447
B,Hip,1,5,0.01,14,0.0014239354352433226,0.0010293019569158032,0.001757001605648752,0.6259022109593204
B,Hip,1,5,0.01,15,0.0014239354352433226,-0.0010293019569158032,0.001757001605648752,-0.6259022109593204
B,Knee,2,0,0.0,0,0.23501579741701406,0.307866731094387,0.3873168588511202,0.9187940674289321
B,Knee,2,0,0.0,1,0.23501579741701406,-0.307866731094387,0.3873168588511202,-0.9187940674289321
B,Knee,2,0,0.0,2,0.9534227723884481,0.03841860176523109,0.9541965058993194,0.040273663880595494
B,Knee,2,0,0.0,3,0.9534227723884481,-0.03841860176523109,0.9541965058993194,-0.040273663880595494
B,Knee,2,0,0.0,4,0.7745624768450471,0.0,0.7745624768450471,0.0
B,Knee,2,0,0.0,5,0.19082473521917273,0.0,0.19082473521917273,0.0
B,Knee,2,1,0.002,0,0.9505396148268214,0.04130602276838833,0.9514366751771053,0.04342801839991999
B,Knee,2,1,0.002,1,0.9505396148268214,-0.04130602276838833,0.9514366751771053,-0.04342801839991999
B,Knee,2,1,0.002,2,0.8085490009045921,0.0,0.8085490009045921,0.0
B,Knee,2,1,0.002,3,0.23221188081849475,0.3093953559644906,0.38684343588286035,0.926953242239821
B,Knee,2,1,0.002,4,0.23221188081849475,-0.3093953559644906,0.38684343588286035,-0.926953242239821
B,Knee,2,1,0.002,5,0.17788234148002446,0.0,0.17788234148002446,0.0
B,Knee,2,1,0.002,6,-0.009669982000108105,0.0,0.009669982000108105,3.141592653589793
B,Knee,2,1,0.002,7,3.2898345958528332e-15,0.0,3.2898345958528332e-15,0.0
B,Knee,2,2,0.004,0,0.9469265672759359,0.04583591648382581,0.9480352604481016,0.048367180608628345
B,Knee,2,2,0.004,1,0.9469265672759359,-0.04583591648382581,0.9480352604481016,-0.048367180608628345
B,Knee,2,2,0.004,2,0.8477487786086234,0.0,0.8477487786086234,0.0
B,Knee,2,2,0.004,3,0.2296520961794301,0.31640386226891626,0.39096226075964613,0.9429511804225567
B,Knee,2,2,0.004,4,0.2296520961794301,-0.31640386226891626,0.39096226075964613,-0.9429511804225567
B,Knee,2,2,0.004,5,0.005323041840266813,0.11112171048897129,0.11124913175583882,1.5229301100478843
B,Knee,2,2,0.004,6,0.005323041840266813,-0.11112171048897129,0.11124913175583882,-1.5229301100478843
B,Knee,2,2,0.004,7,0.13071216247522385,0.0,0.13071216247522385,0.0
B,Knee,2,2,0.004,8,1.683491191319027e-14,7.616041736788247e-08,7.616041736788433e-08,1.5707961057494704
B,Knee,2,2,0.004,9,1.683491191319027e-14,-7.616041736788247e-08,7.616041736788433e-08,-1.5707961057494704
B,Knee,2,5,0.01,0,0.9525868562080744,0.07339306168387538,0.9554099958257272,0.07689414726733486
B,Knee,2,5,0.01,1,0.9525868562080744,-0.07339306168387538,0.9554099958257272,-0.07689414726733486
B,Knee,2,5,0.01,2,0.9252149618366117,0.0,0.9252149618366117,0.0
B,Knee,2,5,0.01,3,0.3662868489621738,0.42141981259919553,0.5583553654920667,0.8552759500853542
B,Knee,2,5,0.01,4,0.3662868489621738,-0.42141981259919553,0.5583553654920667,-0.8552759500853542
B,Knee,2,5,0.01,5,-0.3805370238671873,0.0,0.3805370238671873,3.141592653589793
B,Knee,2,5,0.01,6,-0.1602613906615145,0.3718097071466672,0.4048779713262417,1.9777639046746291
B,Knee,2,5,0.01,7,-0.1602613906615145,-0.3718097071466672,0.4048779713262417,-1.9777639046746291
B,Knee,2,5,0.01,8,0.193538489448433,0.2924239650038796,0.35066924901760554,0.9861412533003037
B,Knee,2,5,0.01,9,0.193538489448433,-0.2924239650038796,0.35066924901760554,-0.9861412533003037
B,Knee,2,5,0.01,10,0.09328480582703218,0.0,0.09328480582703218,0.0
B,Knee,2,5,0.01,11,-0.0008743025141661605,0.0,0.0008743025141661605,3.141592653589793
B,Knee,2,5,0.01,12,-0.0002771348014649938,0.0008337415059055146,0.0008785946715366745,1.8917057009514
B,Knee,2,5,0.01,13,-0.0002771348014649938,-0.0008337415059055146,0.0008785946715366745,-1.8917057009514
B,Knee,2,5,0.01,14,0.0007142860407227051,0.0005235350996382131,0.0008856034939658446,0.6324987342860935
B,Knee,2,5,0.01,15,0.0007142860407227051,-0.0005235350996382131,0.0008856034939658446,-0.6324987342860935
C,Hip,1,0,0.0,0,0.23499848376066684,0.3078544172730617,0.3872965654435226,0.9188103091012655
C,Hip,1,0,0.0,1,0.23499848376066684,-0.3078544172730617,0.3872965654435226,-0.9188103091012655
C,Hip,1,0,0.0,2,0.9807101114020009,0.03284078933800663,0.9812598229064862,0.03347423640979116
C,Hip,1,0,0.0,3,0.9807101114020009,-0.03284078933800663,0.9812598229064862,-0.03347423640979116
C,Hip,1,0,0.0,4,0.7829027397244854,0.0,0.7829027397244854,0.0
C,Hip,1,0,0.0,5,0.19029091246171215,0.0,0.19029091246171215,0.0
C,Hip,1,1,0.002,0,0.9809137406883222,0.03376542352147184,0.9814947124140513,0.03440883264773369
C,Hip,1,1,0.002,1,0.9809137406883222,-0.03376542352147184,0.9814947124140513,-0.03440883264773369
C,Hip,1,1,0.002,2,0.7933407532602192,0.0,0.7933407532602192,0.0
C,Hip,1,1,0.002,3,0.23392832898509025,0.30851331739770776,0.38717299765543484,0.9220399906815281
C,Hip,1,1,0.002,4,0.23392832898509025,-0.30851331739770776,0.38717299765543484,-0.9220399906815281
C,Hip,1,1,0.002,5,0.18520450191072158,0.0,0.18520450191072158,0.0
C,Hip,1,1,0.002,6,-0.003618552006259612,0.0,0.003618552006259612,3.141592653589793
C,Hip,1,1,0.002,7,2.3363703900992134e-14,0.0,2.3363703900992134e-14,0.0
C,Hip,1,2,0.004,0,0.9811923716881512,0.0347421203119937,0.9818072545987793,0.03539327570893227
C,Hip,1,2,0.004,1,0.9811923716881512,-0.0347421203119937,0.9818072545987793,-0.03539327570893227
C,Hip,1,2,0.004,2,0.8057140076069201,0.0,0.8057140076069201,0.0
C,Hip,1,2,0.004,3,0.23336282575861644,0.31159715577911457,0.3892955123497831,0.9279837255061921
C,Hip,1,2,0.004,4,0.23336282575861644,-0.31159715577911457,0.3892955123497831,-0.9279837255061921
C,Hip,1,2,0.004,5,0.16107501542580763,0.0,0.16107501542580763,0.0
C,Hip,1,2,0.004,6,0.004355712292572157,0.0634872018188411,0.06363644415240315,1.5022959477663527
C,Hip,1,2,0.004,7,0.004355712292572157,-0.0634872018188411,0.06363644415240315,-1.5022959477663527
C,Hip,1,2,0.004,8,6.310240150315656e-14,1.0637320847279723e-07,1.0637320847281593e-07,1.5707957335778413
C,Hip,1,2,0.004,9,6.310240150315656e-14,-1.0637320847279723e-07,1.0637320847281593e-07,-1.5707957335778413
C,Hip,1,5,0.01,0,0.9826589379443085,0.03791186905059664,0.9833900030693549,0.038561777580575406
C,Hip,1,5,0.01,1,0.9826589379443085,-0.03791186905059664,0.9833900030693549,-0.038561777580575406
C,Hip,1,5,0.01,2,0.848641998502494,0.0,0.848641998502494,0.0
C,Hip,1,5,0.01,3,0.3366521109500578,0.34280355266427265,0.480467396944243,0.7944514011332328
C,Hip,1,5,0.01,4,0.3366521109500578,-0.34280355266427265,0.480467396944243,-0.7944514011332328
C,Hip,1,5,0.01,5,-0.318567116110977,0.0,0.318567116110977,3.141592653589793
C,Hip,1,5,0.01,6,-0.12638802320346826,0.31271187878021334,0.33728719444937616,1.9548903289432624
C,Hip,1,5,0.01,7,-0.12638802320346826,-0.31271187878021334,0.33728719444937616,-1.9548903289432624
C,Hip,1,5,0.01,8,0.19730815091442,0.282729689886434,0.3447703350935905,0.9615023172294586
C,Hip,1,5,0.01,9,0.19730815091442,-0.282729689886434,0.3447703350935905,-0.9615023172294586
C,Hip,1,5,0.01,10,0.09407360713409176,0.0,0.09407360713409176,0.0
C,Hip,1,5,0.01,11,-0.0014410281546554983,0.0010500246436228903,0.0017830069811207157,2.5118873169998164
C,Hip,1,5,0.01,12,-0.0014410281546554983,-0.0010500246436228903,0.0017830069811207157,-2.5118873169998164
C,Hip,1,5,0.01,13,0.0005535806905406239,0.00168985477039797,0.0017782184134622525,1.2542230243906882
C,Hip,1,5,0.01,14,0.0005535806905406239,-0.00168985477039797,0.0017782184134622525,-1.2542230243906882
C,Hip,1,5,0.01,15,0.001774894703519417,0.0,0.001774894703519417,0.0
C,Knee,2,0,0.0,0,0.3200292759734513,0.21817363783744562,0.38732218336588514,0.5983588632010859
C,Knee,2,0,0.0,1,0.3200292759734513,-0.21817363783744562,0.38732218336588514,-0.5983588632010859
C,Knee,2,0,0.0,2,0.953422772388447,0.03841860176521923,0.9541965058993178,0.04027366388058312
C,Knee,2,0,0.0,3,0.953422772388447,-0.03841860176521923,0.9541965058993178,-0.04027366388058312
C,Knee,2,0,0.0,4,0.8297275454548483,0.0,0.8297275454548483,0.0
C,Knee,2,0,0.0,5,0.17813270949649973,0.0,0.17813270949649973,0.0
C,Knee,2,1,0.002,0,0.9503945780522152,0.041992204223763374,0.9513218168457077,0.04415524994154092
C,Knee,2,1,0.002,1,0.9503945780522152,-0.041992204223763374,0.9513218168457077,-0.04415524994154092
C,Knee,2,1,0.002,2,0.8570119227925157,0.0,0.8570119227925157,0.0
C,Knee,2,1,0.002,3,0.31716833782886733,0.22106505735411155,0.38660770052354515,0.608706998904234
C,Knee,2,1,0.002,4,0.31716833782886733,-0.22106505735411155,0.38660770052354515,-0.608706998904234
C,Knee,2,1,0.002,5,0.16980492500952774,0.0,0.16980492500952774,0.0
C,Knee,2,1,0.002,6,-0.007178327889063376,0.0,0.007178327889063376,3.141592653589793
C,Knee,2,1,0.002,7,2.98900786870985e-15,0.0,2.98900786870985e-15,0.0
C,Knee,2,2,0.004,0,0.947200559283498,0.048010582150126074,0.948416530594741,0.05064347716522245
C,Knee,2,2,0.004,1,0.947200559283498,-0.048010582150126074,0.948416530594741,-0.05064347716522245
C,Knee,2,2,0.004,2,0.8868965654415557,0.0,0.8868965654415557,0.0
C,Knee,2,2,0.004,3,0.31443469839507543,0.22930134984639558,0.38916357562878506,0.6300879940892918
C,Knee,2,2,0.004,4,0.31443469839507543,-0.22930134984639558,0.38916357562878506,-0.6300879940892918
C,Knee,2,2,0.004,5,0.13461953255987244,0.0,0.13461953255987244,0.0
C,Knee,2,2,0.004,6,0.004988869158279027,0.093075071391516,0.09320867840504031,1.5172470830637816
C,Knee,2,2,0.004,7,0.004988869158279027,-0.093075071391516,0.09320867840504031,-1.5172470830637816
C,Knee,2,2,0.004,8,5.169743267049503e-15,4.186040407578689e-08,4.186040407578721e-08,1.570796203295294
C,Knee,2,2,0.004,9,5.169743267049503e-15,-4.186040407578689e-08,4.186040407578721e-08,-1.570796203295294
C,Knee,2,5,0.01,0,0.957887807876168,0.07148170423901123,0.9605512409646473,0.07448623573818029
C,Knee,2,5,0.01,1,0.957887807876168,-0.07148170423901123,0.9605512409646473,-0.07448623573818029
C,Knee,2,5,0.01,2,0.9329165967620179,0.0,0.9329165967620179,0.0
C,Knee,2,5,0.01,3,0.3785055853860828,0.36729605248355734,0.5274209593279977,0.7703691149932067
C,Knee,2,5,0.01,4,0.3785055853860828,-0.36729605248355734,0.5274209593279977,-0.7703691149932067
C,Knee,2,5,0.01,5,-0.3590646105342652,0.0,0.3590646105342652,3.141592653589793
C,Knee,2,5,0.01,6,-0.1493403806990032,0.35058190622699076,0.3810645906943779,1.9734955436709436
C,Knee,2,5,0.01,7,-0.1493403806990032,-0.35058190622699076,0.3810645906943779,-1.9734955436709436
C,Knee,2,5,0.01,8,0.256650053923987,0.2348954749195831,0.34791541258886755,0.7411695199877452
C,Knee,2,5,0.01,9,0.256650053923987,-0.2348954749195831,0.34791541258886755,-0.7411695199877452
C,Knee,2,5,0.01,10,0.09350623255307075,0.0,0.09350623255307075,0.0
C,Knee,2,5,0.01,11,-0.0011346774438398964,0.0008260343153026644,0.0014035047529725657,2.512327113882682
C,Knee,2,5,0.01,12,-0.0011346774438398964,-0.0008260343153026644,0.0014035047529725657,-2.512327113882682
C,Knee,2,5,0.01,13,0.0004350874762454897,0.0013316609198137526,0.0014009360861027454,1.2550046347230541
C,Knee,2,5,0.01,14,0.0004350874762454897,-0.0013316609198137526,0.0014009360861027454,-1.2550046347230541
C,Knee,2,5,0.01,15,0.0013991798550443476,0.0,0.0013991798550443476,0.0
D,Hip,1,0,0.0,0,0.14999924545321056,0.3570701423614921,0.38729686314581574,1.17309742881977
D,Hip,1,0,0.0,1,0.14999924545321056,-0.3570701423614921,0.38729686314581574,-1.17309742881977
D,Hip,1,0,0.0,2,0.9807101114020009,0.03284078933800504,0.9812598229064862,0.03347423640978954
D,Hip,1,0,0.0,3,0.9807101114020009,-0.03284078933800504,0.9812598229064862,-0.03347423640978954
D,Hip,1,0,0.0,4,0.7252843493316891,0.0,0.7252843493316891,0.0
D,Hip,1,0,0.0,5,0.20540777946942052,0.0,0.20540777946942052,0.0
D,Hip,1,1,0.002,0,0.9808976529879725,0.03373856340787092,0.9814777105457566,0.03438204572799705
D,Hip,1,1,0.002,1,0.9808976529879725,-0.03373856340787092,0.9814777105457566,-0.03438204572799705
D,Hip,1,1,0.002,2,0.7392676056374962,0.0,0.7392676056374962,0.0
D,Hip,1,1,0.002,3,0.14892185810307168,0.35749984322130307,0.3872774944715064,1.1760919902011548
D,Hip,1,1,0.002,4,0.14892185810307168,-0.35749984322130307,0.3872774944715064,-1.1760919902011548
D,Hip,1,1,0.002,5,0.19774805323100622,0.0,0.19774805323100622,0.0
D,Hip,1,1,0.002,6,-0.004543838539059622,0.0,0.004543838539059622,3.141592653589793
D,Hip,1,1,0.002,7,-1.894620021509527e-15,0.0,1.894620021509527e-15,3.141592653589793
D,Hip,1,2,0.004,0,0.9811526823264096,0.03468749028347394,0.9817656584024901,0.0353390964133717
D,Hip,1,2,0.004,1,0.9811526823264096,-0.03468749028347394,0.9817656584024901,-0.0353390964133717
D,Hip,1,2,0.004,2,0.7566883907747717,0.0,0.7566883907747717,0.0
D,Hip,1,2,0.004,3,0.14860993442080805,0.3604888894331276,0.3899194173329748,1.179778231161673
D,Hip,1,2,0.004,4,0.14860993442080805,-0.3604888894331276,0.3899194173329748,-1.179778231161673
D,Hip,1,2,0.004,5,0.1645097297251732,0.0,0.1645097297251732,0.0
D,Hip,1,2,0.004,6,0.005693744258623699,0.07230891477666974,0.07253273660811578,1.4922165246644243
D,Hip,1,2,0.004,7,0.005693744258623699,-0.07230891477666974,0.07253273660811578,-1.4922165246644243
D,Hip,1,2,0.004,8,-8.968176274482985e-08,0.0,8.968176274482985e-08,3.141592653589793
D,Hip,1,2,0.004,9,8.96816668549188e-08,0.0,8.96816668549188e-08,0.0
D,Hip,1,5,0.01,0,0.9824890803143231,0.0377921482425035,0.9832156627137649,0.038446763731982116
D,Hip,1,5,0.01,1,0.9824890803143231,-0.0377921482425035,0.9832156627137649,-0.038446763731982116
D,Hip,1,5,0.01,2,0.8182010532277835,0.0,0.8182010532277835,0.0
D,Hip,1,5,0.01,3,0.32564596571278503,0.36109908736392315,0.48624874897532694,0.8369772407743064
D,Hip,1,5,0.01,4,0.32564596571278503,-0.36109908736392315,0.48624874897532694,-0.8369772407743064
D,Hip,1,5,0.01,5,-0.3337310003639448,0.0,0.3337310003639448,3.141592653589793
D,Hip,1,5,0.01,6,-0.13280426943511825,0.3280950685180387,0.3539538783034479,1.9554112146356664
D,Hip,1,5,0.01,7,-0.13280426943511825,-0.3280950685180387,0.3539538783034479,-1.9554112146356664
D,Hip,1,5,0.01,8,0.13154095197596977,0.33676650130390645,0.3615448775010073,1.1984196825211322
D,Hip,1,5,0.01,9,0.13154095197596977,-0.33676650130390645,0.3615448775010073,-1.1984196825211322
D,Hip,1,5,0.01,10,0.0938973322778119,0.0,0.0938973322778119,0.0
D,Hip,1,5,0.01,11,-0.0017694105907656594,0.0,0.0017694105907656594,3.141592653589793
D,Hip,1,5,0.01,12,-0.0005392300228795438,0.0016805602860208207,0.0017649509603739862,1.8812821325860447
D,Hip,1,5,0.01,13,-0.0005392300228795438,-0.0016805602860208207,0.0017649509603739862,-1.8812821325860447
D,Hip,1,5,0.01,14,0.0014239354352433226,0.0010293019569158032,0.001757001605648752,0.6259022109593204
D,Hip,1,5,0.01,15,0.0014239354352433226,-0.0010293019569158032,0.001757001605648752,-0.6259022109593204
D,Knee,2,0,0.0,0,0.3200292759734513,0.21817363783744562,0.38732218336588514,0.5983588632010859
D,Knee,2,0,0.0,1,0.3200292759734513,-0.21817363783744562,0.38732218336588514,-0.5983588632010859
D,Knee,2,0,0.0,2,0.953422772388447,0.03841860176521923,0.9541965058993178,0.04027366388058312
D,Knee,2,0,0.0,3,0.953422772388447,-0.03841860176521923,0.9541965058993178,-0.04027366388058312
D,Knee,2,0,0.0,4,0.8297275454548483,0.0,0.8297275454548483,0.0
D,Knee,2,0,0.0,5,0.17813270949649973,0.0,0.17813270949649973,0.0
D,Knee,2,1,0.002,0,0.9503945780522152,0.041992204223763374,0.9513218168457077,0.04415524994154092
D,Knee,2,1,0.002,1,0.9503945780522152,-0.041992204223763374,0.9513218168457077,-0.04415524994154092
D,Knee,2,1,0.002,2,0.8570119227925157,0.0,0.8570119227925157,0.0
D,Knee,2,1,0.002,3,0.31716833782886733,0.22106505735411155,0.38660770052354515,0.608706998904234
D,Knee,2,1,0.002,4,0.31716833782886733,-0.22106505735411155,0.38660770052354515,-0.608706998904234
D,Knee,2,1,0.002,5,0.16980492500952774,0.0,0.16980492500952774,0.0
D,Knee,2,1,0.002,6,-0.007178327889063376,0.0,0.007178327889063376,3.141592653589793
D,Knee,2,1,0.002,7,2.98900786870985e-15,0.0,2.98900786870985e-15,0.0
D,Knee,2,2,0.004,0,0.947200559283498,0.048010582150126074,0.948416530594741,0.05064347716522245
D,Knee,2,2,0.004,1,0.947200559283498,-0.048010582150126074,0.948416530594741,-0.05064347716522245
D,Knee,2,2,0.004,2,0.8868965654415557,0.0,0.8868965654415557,0.0
D,Knee,2,2,0.004,3,0.31443469839507543,0.22930134984639558,0.38916357562878506,0.6300879940892918
D,Knee,2,2,0.004,4,0.31443469839507543,-0.22930134984639558,0.38916357562878506,-0.6300879940892918
D,Knee,2,2,0.004,5,0.13461953255987244,0.0,0.13461953255987244,0.0
D,Knee,2,2,0.004,6,0.004988869158279027,0.093075071391516,0.09320867840504031,1.5172470830637816
D,Knee,2,2,0.004,7,0.004988869158279027,-0.093075071391516,0.09320867840504031,-1.5172470830637816
D,Knee,2,2,0.004,8,5.169743267049503e-15,4.186040407578689e-08,4.186040407578721e-08,1.570796203295294
D,Knee,2,2,0.004,9,5.169743267049503e-15,-4.186040407578689e-08,4.186040407578721e-08,-1.570796203295294
D,Knee,2,5,0.01,0,0.957887807876168,0.07148170423901123,0.9605512409646473,0.07448623573818029
D,Knee,2,5,0.01,1,0.957887807876168,-0.07148170423901123,0.9605512409646473,-0.07448623573818029
D,Knee,2,5,0.01,2,0.9329165967620179,0.0,0.9329165967620179,0.0
D,Knee,2,5,0.01,3,0.3785055853860828,0.36729605248355734,0.5274209593279977,0.7703691149932067
D,Knee,2,5,0.01,4,0.3785055853860828,-0.36729605248355734,0.5274209593279977,-0.7703691149932067
D,Knee,2,5,0.01,5,-0.3590646105342652,0.0,0.3590646105342652,3.141592653589793
D,Knee,2,5,0.01,6,-0.1493403806990032,0.35058190622699076,0.3810645906943779,1.9734955436709436
D,Knee,2,5,0.01,7,-0.1493403806990032,-0.35058190622699076,0.3810645906943779,-1.9734955436709436
D,Knee,2,5,0.01,8,0.256650053923987,0.2348954749195831,0.34791541258886755,0.7411695199877452
D,Knee,2,5,0.01,9,0.256650053923987,-0.2348954749195831,0.34791541258886755,-0.7411695199877452
D,Knee,2,5,0.01,10,0.09350623255307075,0.0,0.09350623255307075,0.0
D,Knee,2,5,0.01,11,-0.0011346774438398964,0.0008260343153026644,0.0014035047529725657,2.512327113882682
D,Knee,2,5,0.01,12,-0.0011346774438398964,-0.0008260343153026644,0.0014035047529725657,-2.512327113882682
D,Knee,2,5,0.01,13,0.0004350874762454897,0.0013316609198137526,0.0014009360861027454,1.2550046347230541
D,Knee,2,5,0.01,14,0.0004350874762454897,-0.0013316609198137526,0.0014009360861027454,-1.2550046347230541
D,Knee,2,5,0.01,15,0.0013991798550443476,0.0,0.0013991798550443476,0.0
