cycle,t,joint_id,motor_q,motor_dq,motor_tau,motor_kp,motor_kd,tau_applied,tau_dist,tau_total,disturbance_scale,q_ref_shaped,dq_ref_shaped,q_actual,dq_actual,q_error_shaped,dq_error_shaped,kp_cmd,kd_cmd,tau_cmd,debug_9,debug_10,debug_11,debug_12,debug_13,debug_14,debug_15,debug_16,debug_17,debug_18,debug_19,debug_20,debug_21,debug_22,debug_23,debug_24,debug_25,debug_26,debug_27,debug_28,debug_29,debug_30,debug_31,debug_32,flags,joint_flags
0,0,1,-0.485900014639,0,0,120,5,-1.75666809099e-06,0,-1.75666809099e-06,0,-0.4859,0,-0.4859,0,0,0,120,5,0,-0.4859,0,0,0,0,0,0,0,0,0,0,0,0,0,0,0,0,0,0,0,0,0,0,0,4,0
0,0,2,0.267625004053,0,0,120,5,4.86373901154e-07,0,4.86373901154e-07,0,0.267625,0,0.267625,0,0,0,120,5,0,0.267625,0,0,0,0,0,0,0,0,0,0,0,0,0,0,0,0,0,0,0,0,0,0,0,4,0
1,0.002,1,-0.485900014639,-7.97280075293e-10,0,120,5,-1.70630903582e-06,0,-1.70630903582e-06,0,-0.4859,-7.9728006654e-10,-0.485900000021,-1.03712706583e-08,2.04235517387e-11,9.57399059174e-09,120,5,0,-0.485900239312,-0.000358967479281,-2.39290910309e-07,-0.00035895710801,0,0,0,0,0,0,0,0,0,0,0,0,0,0,0,0,0,0,0,0,4,0
1,0.002,2,0.267625004053,-9.9660013575e-10,0,120,5,4.09419137108e-07,0,4.09419137108e-07,0,0.267625,-9.9660008632e-10,0.267625000027,1.37350693787e-08,-2.78688183641e-11,-1.47316694651e-08,120,5,0,0.26762470086,-0.00044870935049,-2.99167037143e-07,-0.00044872308556,0,0,0,0,0,0,0,0,0,0,0,0,0,0,0,0,0,0,0,0,4,0
2,0.004,1,-0.485900014639,-1.15724443361e-08,0,120,5,-1.70684179388e-06,0,-1.70684179388e-06,0,-0.48590000001,-1.15724441423e-08,-0.485900000061,-2.00762248213e-08,5.12820896859e-11,8.50378067896e-09,120,5,0,-0.485901804017,-0.0012701562578,-1.80395655497e-06,-0.00127013618158,0,0,0,0,0,0,0,0,0,0,0,0,0,0,0,0,0,0,0,0,4,0
2,0.004,2,0.267625004053,-1.44655549761e-08,0,120,5,2.74519041064e-07,0,2.74519041064e-07,0,0.267624999988,-1.44655552058e-08,0.267625000079,2.59982186428e-08,-9.1482710296e-11,-4.04637738486e-08,120,5,0,0.267622744978,-0.00158769532478,-2.25510128443e-06,-0.001587721323,0,0,0,0,0,0,0,0,0,0,0,0,0,0,0,0,0,0,0,0,4,0
3,0.006,1,-0.485900014639,-5.13927282952e-08,0,120,5,-1.85368083645e-06,0,-1.85368083645e-06,0,-0.485900000066,-5.13927285521e-08,-0.485900000119,-2.91304387581e-08,5.32118238361e-11,-2.2262289794e-08,120,5,0,-0.485905502671,-0.00245544616484,-5.50255161386e-06,-0.0024554170344,0,0,0,0,0,0,0,0,0,0,0,0,0,0,0,0,0,0,0,0,4,0
3,0.006,2,0.267625004053,-6.42409077045e-08,0,120,5,-3.42587778235e-08,0,-3.42587778235e-08,0,0.267624999918,-6.42409107633e-08,0.267625000152,3.62389597903e-08,-2.34374519792e-10,-1.00479870554e-07,120,5,0,0.267618121662,-0.00306930770868,-6.87849041708e-06,-0.00306934394764,0,0,0,0,0,0,0,0,0,0,0,0,0,0,0,0,0,0,0,0,4,0
4,0.008,1,-0.485900014639,-1.41492705552e-07,0,120,5,-2.25315926219e-06,0,-2.25315926219e-06,0,-0.485900000249,-1.414927117e-07,-0.485900000194,-3.75331399916e-08,-5.45672396157e-11,-1.03959571709e-07,120,5,0,-0.485911682772,-0.00372619074225,-1.16825776674e-05,-0.00372615320911,0,0,0,0,0,0,0,0,0,0,0,0,0,0,0,0,0,0,0,0,4,0
4,0.008,2,0.267625004053,-1.76865896151e-07,0,120,5,-6.40153107394e-07,0,-6.40153107394e-07,0,0.267624999689,-1.76865889772e-07,0.267625000237,4.2741257019e-08,-5.4841375885e-10,-2.19607146791e-07,120,5,0,0.267610396535,-0.00465773843069,-1.4603702305e-05,-0.00465778117195,0,0,0,0,0,0,0,0,0,0,0,0,0,0,0,0,0,0,0,0,4,0
5,0.01,1,-0.485900014639,-3.00189014979e-07,0,120,5,-2.99696568845e-06,0,-2.99696568845e-06,0,-0.485900000678,-3.00189018075e-07,-0.485900000285,-4.52940499436e-08,-3.92983756647e-10,-2.54894968132e-07,120,5,0,-0.485920379107,-0.00495444510567,-2.03788221192e-05,-0.00495439981162,0,0,0,0,0,0,0,0,0,0,0,0,0,0,0,0,0,0,0,0,4,0
5,0.01,2,0.267625004053,-3.75236282935e-07,0,120,5,-1.64144662103e-06,0,-1.64144662103e-06,0,0.267624999153,-3.75236272815e-07,0.267625000323,4.25854707427e-08,-1.16984044674e-09,-4.17821743558e-07,120,5,0,0.267599526116,-0.00619305638447,-2.54742062811e-05,-0.00619309896994,0,0,0,0,0,0,0,0,0,0,0,0,0,0,0,0,0,0,0,0,4,0
6,0.012,1,-0.485900014639,-5.4010013173e-07,0,120,5,-4.14804839844e-06,0,-4.14804839844e-06,0,-0.485900001504,-5.40100121464e-07,-0.48590000039,-5.24700620055e-08,-1.11411885273e-09,-4.87630059459e-07,120,5,0,-0.48593141438,-0.00605344126467,-3.14139904256e-05,-0.00605338879461,0,0,0,0,0,0,0,0,0,0,0,0,0,0,0,0,0,0,0,0,4,0
6,0.012,2,0.267625004053,-6.7512513624e-07,0,120,5,-3.09533519109e-06,0,-3.09533519109e-06,0,0.26762499812,-6.75125152033e-07,0.267625000386,3.19411565286e-08,-2.26631674538e-09,-7.07066308562e-07,120,5,0,0.267585732025,-0.00756680158101,-3.92683617246e-05,-0.00756683352216,0,0,0,0,0,0,0,0,0,0,0,0,0,0,0,0,0,0,0,0,4,0
7,0.014,1,-0.485900014639,-8.66680863965e-07,0,120,5,-5.73309841057e-06,0,-5.73309841057e-06,0,-0.485900002896,-8.66680840237e-07,-0.485900000508,-5.91992288292e-08,-2.38802100316e-09,-8.07481611408e-07,120,5,0,-0.485944467473,-0.0069643387535,-4.44669647258e-05,-0.00696427955427,0,0,0,0,0,0,0,0,0,0,0,0,0,0,0,0,0,0,0,0,4,0
7,0.014,2,0.267625004053,-1.08335109417e-06,0,120,5,-5.01090094746e-06,0,-5.01090094746e-06,0,0.26762499638,-1.0833510504e-06,0.2676250004,6.5156013811e-09,-4.01972366504e-09,-1.08986665178e-06,120,5,0,0.267569415659,-0.00870542344031,-5.55847406271e-05,-0.00870542995591,0,0,0,0,0,0,0,0,0,0,0,0,0,0,0,0,0,0,0,0,4,0
8,0.016,1,-0.485900014639,-1.27749092371e-06,0,120,5,-7.73874234467e-06,0,-7.73874234467e-06,0,-0.485900005027,-1.27749094812e-06,-0.48590000064,-6.57256693621e-08,-4.3873464306e-09,-1.21176527875e-06,120,5,0,-0.485959119733,-0.00764723368266,-5.91190938833e-05,-0.00764716795699,0,0,0,0,0,0,0,0,0,0,0,0,0,0,0,0,0,0,0,0,4,0
8,0.016,2,0.267625004053,-1.59686373991e-06,0,120,5,-7.34708143387e-06,0,-7.34708143387e-06,0,0.267624993716,-1.59686368527e-06,0.267625000324,-3.79398344812e-08,-6.60731491742e-09,-1.55892385079e-06,120,5,0,0.267551100333,-0.00955904210233,-7.38999905058e-05,-0.0095590041625,0,0,0,0,0,0,0,0,0,0,0,0,0,0,0,0,0,0,0,0,4,0
9,0.018,1,-0.485900014639,-1.76186233602e-06,0,120,5,-1.01097861874e-05,0,-1.01097861874e-05,0,-0.485900008055,-1.76186229607e-06,-0.485900000784,-7.24125121572e-08,-7.2709507859e-09,-1.68944978391e-06,120,5,0,-0.48597488636,-0.00807505755607,-7.48855758096e-05,-0.00807498514356,0,0,0,0,0,0,0,0,0,0,0,0,0,0,0,0,0,0,0,0,4,0
9,0.018,2,0.267625004053,-2.20232777792e-06,0,120,5,-1.00132798397e-05,0,-1.00132798397e-05,0,0.267624989931,-2.2023278702e-06,0.267625000113,-1.05118503457e-07,-1.01826147514e-08,-2.09720936674e-06,120,5,0,0.26753139205,-0.0100938219441,-9.36080637062e-05,-0.0100937168256,0,0,0,0,0,0,0,0,0,0,0,0,0,0,0,0,0,0,0,0,4,0
10,0.02,1,-0.485900014639,-2.30077375818e-06,0,120,5,-1.27485582097e-05,0,-1.27485582097e-05,0,-0.485900012111,-2.30077379334e-06,-0.485900000944,-7.97419182774e-08,-1.11670465652e-08,-2.22103187506e-06,120,5,0,-0.485991237667,-0.00822943708954,-9.12367235721e-05,-0.00822935734763,0,0,0,0,0,0,0,0,0,0,0,0,0,0,0,0,0,0,0,0,4,0
10,0.02,2,0.267624974251,-2.87596731141e-06,0,120,5,-1.64475598892e-05,0,-1.64475598892e-05,0,0.267624984861,-2.87596724163e-06,0.267624999718,-1.97669622079e-07,-1.48567499414e-08,-2.67829761955e-06,120,5,0,0.267510952916,-0.0102867963601,-0.000114046802422,-0.0102865986905,0,0,0,0,0,0,0,0,0,0,0,0,0,0,0,0,0,0,0,0,4,0
11,0.022,1,-0.485900014639,-2.8668282539e-06,0,120,5,-1.55914150248e-05,0,-1.55914150248e-05,0,-0.485900017277,-2.86682833566e-06,-0.485900001091,-7.36880256511e-08,-1.6185478402e-08,-2.79314031001e-06,120,5,0,-0.486007613487,-0.00809788479881,-0.000107612396092,-0.00809781111078,0,0,0,0,0,0,0,0,0,0,0,0,0,0,0,0,0,0,0,0,4,0
11,0.022,2,0.267624974251,-3.58353531738e-06,0,120,5,-1.90613861427e-05,0,-1.90613861427e-05,0,0.267624978404,-3.58353541934e-06,0.267624998988,-3.64954558147e-07,-2.05841007017e-08,-3.2185808612e-06,120,5,0,0.267490483141,-0.0101223559961,-0.000134515847378,-0.0101219910415,0,0,0,0,0,0,0,0,0,0,0,0,0,0,0,0,0,0,0,0,4,0
12,0.024,1,-0.485900014639,-3.42427460964e-06,0,120,5,-1.83739941733e-05,0,-1.83739941733e-05,0,-0.485900023573,-3.42427458117e-06,-0.485900001234,-7.1200908188e-08,-2.23390372311e-08,-3.35307367298e-06,120,5,0,-0.486023432913,-0.00767189269149,-0.000123431679778,-0.00767182149058,0,0,0,0,0,0,0,0,0,0,0,0,0,0,0,0,0,0,0,0,4,0
12,0.024,2,0.267624974251,-4.28034309152e-06,0,120,5,-2.14694798679e-05,0,-2.14694798679e-05,0,0.267624970534,-4.28034322604e-06,0.267624997881,-5.53572124895e-07,-2.73469071832e-08,-3.72677110115e-06,120,5,0,0.267470708858,-0.00958986586168,-0.000154289022839,-0.00958931228956,0,0,0,0,0,0,0,0,0,0,0,0,0,0,0,0,0,0,0,0,4,0
13,0.026,1,-0.485900044441,-3.92904394175e-06,0,120,5,-2.44481490157e-05,0,-2.44481490157e-05,0,-0.485900030939,-3.92904407863e-06,-0.485900001379,-7.28960013703e-08,-2.95594564936e-08,-3.85614807726e-06,120,5,0,-0.486038100884,-0.0069456388643,-0.000138099504184,-0.0069455659683,0,0,0,0,0,0,0,0,0,0,0,0,0,0,0,0,0,0,0,0,4,0
13,0.026,2,0.267624974251,-4.91130504088e-06,0,120,5,-2.34059674676e-05,0,-2.34059674676e-05,0,0.267624961326,-4.91130509783e-06,0.26762499636,-7.60721903008e-07,-3.50332274301e-08,-4.15058319482e-06,120,5,0,0.267452373895,-0.00868204857824,-0.000172622464137,-0.00868128785634,0,0,0,0,0,0,0,0,0,0,0,0,0,0,0,0,0,0,0,0,4,0
14,0.028,1,-0.485900044441,-4.32878960055e-06,0,120,5,-2.63059185315e-05,0,-2.63059185315e-05,0,-0.485900039219,-4.32878950517e-06,-0.485900001572,-9.64577832754e-08,-3.76466789409e-08,-4.23233172189e-06,120,5,0,-0.486051012619,-0.00591511012306,-0.000151011046585,-0.00591501366527,0,0,0,0,0,0,0,0,0,0,0,0,0,0,0,0,0,0,0,0,4,0
14,0.028,2,0.267624944448,-5.410986887e-06,0,120,5,-2.82205245895e-05,0,-2.82205245895e-05,0,0.267624950976,-5.41098688128e-06,0.267624994427,-9.66362654548e-07,-4.34506746694e-08,-4.44462422674e-06,120,5,0,0.267436234226,-0.00739388765328,-0.000188760200556,-0.00739292129063,0,0,0,0,0,0,0,0,0,0,0,0,0,0,0,0,0,0,0,0,4,0
15,0.03,1,-0.485900044441,-4.56291809314e-06,0,120,5,-2.73831124749e-05,0,-2.73831124749e-05,0,-0.485900048144,-4.56291794602e-06,-0.485900001792,-1.09873556561e-07,-4.63517276228e-08,-4.45304438946e-06,120,5,0,-0.486061556608,-0.0045775070758,-0.000161554815809,-0.00457739720224,0,0,0,0,0,0,0,0,0,0,0,0,0,0,0,0,0,0,0,0,4,0
15,0.03,2,0.267624944448,-5.70364727537e-06,0,120,5,-2.80880797511e-05,0,-2.80880797511e-05,0,0.26762493982,-5.7036474326e-06,0.267624991974,-1.22663359778e-06,-5.2153402208e-08,-4.47701383482e-06,120,5,0,0.26742305424,-0.00572188384513,-0.000201937733503,-0.00572065721153,0,0,0,0,0,0,0,0,0,0,0,0,0,0,0,0,0,0,0,0,4,0
16,0.032,1,-0.485900044441,-4.56261750514e-06,0,120,5,-2.72502904078e-05,0,-2.72502904078e-05,0,-0.485900057315,-4.56261735154e-06,-0.485900002052,-1.29902081696e-07,-5.5262699028e-08,-4.43271526985e-06,120,5,0,-0.486069116605,-0.00293084112823,-0.000169114553404,-0.00293071122615,0,0,0,0,0,0,0,0,0,0,0,0,0,0,0,0,0,0,0,0,4,0
16,0.032,2,0.267624914646,-5.70327165406e-06,0,120,5,-3.00548264588e-05,0,-3.00548264588e-05,0,0.267624928357,-5.70327168975e-06,0.267624989019,-1.477256081e-06,-6.066235958e-08,-4.22601560875e-06,120,5,0,0.267413604243,-0.00366355141129,-0.00021138477574,-0.0036620741552,0,0,0,0,0,0,0,0,0,0,0,0,0,0,0,0,0,0,0,0,4,0
17,0.034,1,-0.485900074244,-4.25087637268e-06,0,120,5,-2.91726846649e-05,0,-2.91726846649e-05,0,-0.485900066187,-4.25087637019e-06,-0.485900002336,-1.4211625448e-07,-6.38507178796e-08,-4.10876011571e-06,120,5,0,-0.486073072964,-0.000973662044302,-0.000173070627528,-0.000973519928048,0,0,0,0,0,0,0,0,0,0,0,0,0,0,0,0,0,0,0,0,4,0
17,0.034,2,0.267624914646,-5.31359546585e-06,0,120,5,-2.6314179771e-05,0,-2.6314179771e-05,0,0.267624917266,-5.31359546313e-06,0.267624985516,-1.75163094468e-06,-6.82494118442e-08,-3.56196451846e-06,120,5,0,0.267408658795,-0.00121707755633,-0.000216326720426,-0.00121532592538,0,0,0,0,0,0,0,0,0,0,0,0,0,0,0,0,0,0,0,0,4,0
18,0.036,1,-0.485900074244,-3.54249868906e-06,0,120,5,-2.53993107059e-05,0,-2.53993107059e-05,0,-0.485900074054,-3.54249872076e-06,-0.485900002696,-1.79783742976e-07,-7.13581636558e-08,-3.36271497778e-06,120,5,0,-0.486072803515,0.0012951253966,-0.000172800818876,0.00129530518034,0,0,0,0,0,0,0,0,0,0,0,0,0,0,0,0,0,0,0,0,4,0
18,0.036,2,0.267624914646,-4.42812324764e-06,0,120,5,-2.03532579506e-05,0,-2.03532579506e-05,0,0.267624907433,-4.42812340122e-06,0.267624981588,-1.96406783494e-06,-7.4155042773e-08,-2.46405556629e-06,120,5,0,0.267408995607,0.00161890674526,-0.000215985980936,0.0016208708131,0,0,0,0,0,0,0,0,0,0,0,0,0,0,0,0,0,0,0,0,4,0
19,0.038,1,-0.485900074244,-2.34411368183e-06,0,120,5,-1.9130384116e-05,0,-1.9130384116e-05,0,-0.48590008003,-2.34411374987e-06,-0.485900003145,-2.24412264927e-07,-7.68858320344e-08,-2.11970148494e-06,120,5,0,-0.486067684148,0.00387638354688,-0.000167681003744,0.00387660795914,0,0,0,0,0,0,0,0,0,0,0,0,0,0,0,0,0,0,0,0,4,0
19,0.038,2,0.267624914646,-2.93014227282e-06,0,120,5,-1.16332932217e-05,0,-1.16332932217e-05,0,0.267624899962,-2.93014218774e-06,0.26762497737,-2.10885477621e-06,-7.74079493837e-08,-8.21287411523e-07,120,5,0,0.267415394815,0.00484547943296,-0.000209582555343,0.00484758828774,0,0,0,0,0,0,0,0,0,0,0,0,0,0,0,0,0,0,0,0,4,0
20,0.04,1,-0.485900074244,-5.54185191959e-07,0,120,5,-9.86145389598e-06,0,-9.86145389598e-06,0,-0.485900083036,-5.54185181047e-07,-0.485900003695,-2.75066621867e-07,-7.93414808298e-08,-2.79118559179e-07,120,5,0,-0.486057089194,0.00677082143285,-0.000157085499241,0.00677109649947,0,0,0,0,0,0,0,0,0,0,0,0,0,0,0,0,0,0,0,0,4,0
20,0.04,2,0.267624884844,-6.92731475738e-07,0,120,5,-3.24870763746e-06,0,-3.24870763746e-06,0,0.267624896205,-6.92731476558e-07,0.26762497305,-2.15993972639e-06,-7.68452974031e-08,1.46720824983e-06,120,5,0,0.267428638508,0.00846352679083,-0.000196334542502,0.00846568673056,0,0,0,0,0,0,0,0,0,0,0,0,0,0,0,0,0,0,0,0,4,0
21,0.042,1,-0.485900074244,1.93697951545e-06,0,120,5,2.87311406524e-06,0,2.87311406524e-06,0,-0.48590008178,1.93697945328e-06,-0.485900004326,-3.15663650934e-07,-7.7453803371e-08,2.25264310421e-06,120,5,0,-0.486040391673,0.00997904379577,-0.0001403873469,0.00997935945942,0,0,0,0,0,0,0,0,0,0,0,0,0,0,0,0,0,0,0,0,4,0
21,0.042,2,0.267624884844,2.42122428062e-06,0,120,5,1.27108399201e-05,0,1.27108399201e-05,0,0.267624897775,2.42122431663e-06,0.267624968779,-2.13539454286e-06,-7.10040706786e-08,4.55661885949e-06,120,5,0,0.267449510409,0.012473804745,-0.000175458370447,0.0124759401395,0,0,0,0,0,0,0,0,0,0,0,0,0,0,0,0,0,0,0,0,4,0
22,0.044,1,-0.485900074244,5.24721554029e-06,0,120,5,1.97343848362e-05,0,1.97343848362e-05,0,-0.485900074742,5.2472153859e-06,-0.485900005047,-3.60383377561e-07,-6.96956027335e-08,5.60759876346e-06,120,5,0,-0.486016963478,0.0135015770795,-0.00011695843135,0.0135019374629,0,0,0,0,0,0,0,0,0,0,0,0,0,0,0,0,0,0,0,0,4,0
22,0.044,2,0.267624914646,6.55901931168e-06,0,120,5,3.65079372671e-05,0,3.65079372671e-05,0,0.267624906572,6.5590192328e-06,0.267624964883,-1.94824737019e-06,-5.8310783646e-08,8.50726660299e-06,120,5,0,0.267478795652,0.0168769713502,-0.000146169230471,0.0168789195976,0,0,0,0,0,0,0,0,0,0,0,0,0,0,0,0,0,0,0,0,4,0
23,0.046,1,-0.485900074244,9.50247886067e-06,0,120,5,4.1414343346e-05,0,4.1414343346e-05,0,-0.485900060161,9.50247852407e-06,-0.485900005889,-4.20908167015e-07,-5.42725214214e-08,9.92338669108e-06,120,5,0,-0.485986175521,0.0173388763161,-8.61696320306e-05,0.0173392972243,0,0,0,0,0,0,0,0,0,0,0,0,0,0,0,0,0,0,0,0,4,0
23,0.046,2,0.267624914646,1.18780981211e-05,0,120,5,6.12845670477e-05,0,6.12845670477e-05,0,0.267624924799,1.18780981558e-05,0.267624961859,-1.51192224872e-06,-3.70603578936e-08,1.33900204045e-05,120,5,0,0.267517280599,0.0216735953962,-0.000107681259746,0.0216751073185,0,0,0,0,0,0,0,0,0,0,0,0,0,0,0,0,0,0,0,0,4,0
24,0.048,1,-0.485900044441,1.48368080772e-05,0,120,5,7.20582178432e-05,0,7.20582178432e-05,0,-0.485900036013,1.48368078024e-05,-0.485900006843,-4.77192854902e-07,-2.91702891841e-08,1.53140006573e-05,120,5,0,-0.485947397881,0.0214913139469,-4.73910376203e-05,0.0214917911398,0,0,0,0,0,0,0,0,0,0,0,0,0,0,0,0,0,0,0,0,4,0
24,0.048,2,0.267624944448,1.85460103239e-05,0,120,5,9.50232116623e-05,0,9.50232116623e-05,0,0.267624954983,1.85460097534e-05,0.267624960186,-8.36338960923e-07,-5.20287185557e-09,1.93823487143e-05,120,5,0,0.267565752649,0.0268641424341,-5.92075370355e-05,0.026864978773,0,0,0,0,0,0,0,0,0,0,0,0,0,0,0,0,0,0,0,0,4,0
25,0.05,1,-0.485900014639,2.13922612602e-05,0,120,5,0.000108762021633,0,0.000108762021633,0,-0.4859,2.13922615631e-05,-0.485900007887,-5.22180050183e-07,7.88735976531e-09,2.19144416133e-05,120,5,0,-0.4859,0.0259591488631,7.88735993185e-09,0.0259596710432,0,0,0,0,0,0,0,0,0,0,0,0,0,0,0,0,0,0,0,0,4,0
25,0.05,2,0.267625004053,2.67403265752e-05,0,120,5,0.000138130038395,0,0.000138130038395,0,0.267625,2.67403269533e-05,0.267624960505,1.59468910773e-07,3.94948014293e-08,2.65808580426e-05,120,5,0,0.267625,0.0324489360782,3.94948013183e-08,0.0324487766093,0,0,0,0,0,0,0,0,0,0,0,0,0,0,0,0,0,0,0,0,4,0
26,0.052,1,-0.485900014639,2.31274716498e-05,0,120,5,0.000117782839825,0,0.000117782839825,0,-0.4859,2.31274710639e-05,-0.485900009015,-5.64058491296e-07,9.01547675403e-09,2.36915295552e-05,120,5,0,-0.4859,0.0259591488631,9.01547692056e-09,0.0259597129216,0,0,0,0,0,0,0,0,0,0,0,0,0,0,0,0,0,0,0,0,4,0
26,0.052,2,0.267625004053,2.89093386527e-05,0,120,5,0.000141531257869,0,0.000141531257869,0,0.267625,2.89093388293e-05,0.267624963651,1.57274531795e-06,3.63493107836e-08,2.73365935114e-05,120,5,0,0.267625,0.0324489360782,3.63493106725e-08,0.0324473633329,0,0,0,0,0,0,0,0,0,0,0,0,0,0,0,0,0,0,0,0,4,0
27,0.054,1,-0.485899865627,3.96683062718e-05,0,120,5,0.000218540661892,0,0.000218540661892,0,-0.485899880499,3.9668306452e-05,-0.485900010158,-5.71096942757e-07,1.29658989823e-07,4.02394033948e-05,120,5,0,-0.485775563012,0.0367259064093,0.000124447145521,0.0367264775063,0,0,0,0,0,0,0,0,0,0,0,0,0,0,0,0,0,0,0,0,4,0
27,0.054,2,0.267625153065,4.95853819302e-05,0,120,5,0.000255063741478,0,0.000255063741478,0,0.267625149377,4.95853830638e-05,0.267624969602,2.97573526727e-06,1.79774489184e-07,4.66096477965e-05,120,5,0,0.267780546235,0.0459073830105,0.000155576632649,0.0459044072753,0,0,0,0,0,0,0,0,0,0,0,0,0,0,0,0,0,0,0,0,4,0
28,0.056,1,-0.48589977622,5.18293782079e-05,0,120,5,0.000290131539632,0,0.000290131539632,0,-0.485899789348,5.1829377309e-05,-0.485900011269,-5.55757006829e-07,2.21921643007e-07,5.23851343159e-05,120,5,0,-0.485695943611,0.0429646554201,0.000204067657704,0.0429652111771,0,0,0,0,0,0,0,0,0,0,0,0,0,0,0,0,0,0,0,0,4,0
28,0.056,2,0.267625272274,6.47867200314e-05,0,120,5,0.000331547037336,0,0.000331547037336,0,0.267625263316,6.47867216344e-05,0.267624980559,5.47847055896e-06,2.8275647207e-07,5.93082510754e-05,120,5,0,0.267880070486,0.0537058192735,0.000255089926541,0.0537003408029,0,0,0,0,0,0,0,0,0,0,0,0,0,0,0,0,0,0,0,0,4,0
29,0.058,1,-0.485899657011,6.61208541715e-05,0,120,5,0.000375744263428,0,0.000375744263428,0,-0.48589967176,6.61208576419e-05,-0.485900012273,-5.01720280042e-07,3.40512382679e-07,6.66225779219e-05,120,5,0,-0.485603455134,0.0495772897901,0.000296557139062,0.0495777915104,0,0,0,0,0,0,0,0,0,0,0,0,0,0,0,0,0,0,0,0,4,0
29,0.058,2,0.267625421286,8.26510731713e-05,0,120,5,0.000420628277943,0,0.000420628277943,0,0.2676254103,8.2651072051e-05,0.267624997931,8.68592964101e-06,4.12368736658e-07,7.396514241e-05,120,5,0,0.267995681083,0.0619716122368,0.000370683152076,0.0619629263072,0,0,0,0,0,0,0,0,0,0,0,0,0,0,0,0,0,0,0,0,4,0
30,0.06,1,-0.485899537802,8.26464383863e-05,0,120,5,0.000472217763558,0,0.000472217763558,0,-0.485899523374,8.26464401675e-05,-0.485900013055,-3.9104307389e-07,4.89680448856e-07,8.30374832414e-05,120,5,0,-0.485497444478,0.0564748849024,0.000402568576219,0.0564752759455,0,0,0,0,0,0,0,0,0,0,0,0,0,0,0,0,0,0,0,0,4,0
30,0.06,2,0.2676256001,0.000103308047983,0,120,5,0.000522245775401,0,0.000522245775401,0,0.267625595782,0.000103308050211,0.267625023334,1.27012780395e-05,5.72448655589e-07,9.06067721714e-05,120,5,0,0.268128194402,0.0705936061295,0.000503171068359,0.0705809048515,0,0,0,0,0,0,0,0,0,0,0,0,0,0,0,0,0,0,0,0,4,0
31,0.062,1,-0.485899329185,0.000101520949102,0,120,5,0.000590823517647,0,0.000590823517647,0,-0.485899339608,0.00010152094974,-0.485900013495,-2.2031776254e-07,6.73887114611e-07,0.000101741267502,120,5,0,-0.485377405611,0.0635974543332,0.000522607884272,0.0635976746509,0,0,0,0,0,0,0,0,0,0,0,0,0,0,0,0,0,0,0,0,4,0
31,0.062,2,0.267625838518,0.000126901184558,0,120,5,0.000639902610681,0,0.000639902610681,0,0.26762582549,0.000126901187178,0.26762505861,1.76384479553e-05,7.66879297509e-07,0.000109262739222,120,5,0,0.268278242986,0.0794968179191,0.00065318437574,0.0794791794711,0,0,0,0,0,0,0,0,0,0,0,0,0,0,0,0,0,0,0,0,4,0
32,0.064,1,-0.485899120569,0.000122868499602,0,120,5,0.00072121191153,0,0.00072121191153,0,-0.485899115642,0.000122868493887,-0.485900013388,5.37634762665e-08,8.97746238404e-07,0.000122814730411,120,5,0,-0.485242931576,0.070904651746,0.000657081811981,0.0709045979825,0,0,0,0,0,0,0,0,0,0,0,0,0,0,0,0,0,0,0,0,4,0
32,0.064,2,0.267626106739,0.000153585613589,0,120,5,0.000769981813579,0,0.000769981813579,0,0.267626105448,0.000153585617361,0.267625105832,2.36110095819e-05,9.99615591746e-07,0.000129974607779,120,5,0,0.26844633553,0.0886308146841,0.00082122969777,0.0886072036746,0,0,0,0,0,0,0,0,0,0,0,0,0,0,0,0,0,0,0,0,4,0
33,0.066,1,-0.485898852348,0.000146820981172,0,120,5,0.000871123568913,0,0.000871123568913,0,-0.485898846398,0.00014682097953,-0.485900012508,4.40090844261e-07,1.16611012629e-06,0.000146380888686,120,5,0,-0.48509368193,0.0783694603088,0.000806330577648,0.078369020218,0,0,0,0,0,0,0,0,0,0,0,0,0,0,0,0,0,0,0,0,4,0
33,0.066,2,0.267626434565,0.000183526222827,0,120,5,0.00091608147571,0,0.00091608147571,0,0.267626442003,0.000183526224414,0.267625167282,3.0724713267e-05,1.27472125216e-06,0.000152801511147,120,5,0,0.268632897588,0.0979618253866,0.00100773030566,0.0979311006733,0,0,0,0,0,0,0,0,0,0,0,0,0,0,0,0,0,0,0,0,4,0
34,0.068,1,-0.485898524523,0.000173516949872,0,120,5,0.00104105932768,0,0.00104105932768,0,-0.485898526529,0.000173516942835,-0.485900010567,9.70153529874e-07,1.48403871658e-06,0.000172546789305,120,5,0,-0.484929360641,0.0859739089783,0.000970649926133,0.0859729388247,0,0,0,0,0,0,0,0,0,0,0,0,0,0,0,0,0,0,0,0,4,0
34,0.068,2,0.267626851797,0.000216896180063,0,120,5,0.00108173458912,0,0.00108173458912,0,0.267626841839,0.000216896178543,0.267625245483,3.91007902129e-05,1.59635579344e-06,0.00017779538833,120,5,0,0.268838299199,0.107467386222,0.00121305371507,0.107428285432,0,0,0,0,0,0,0,0,0,0,0,0,0,0,0,0,0,0,0,0,4,0
35,0.07,1,-0.485898137093,0.000203100644285,0,120,5,0.00123160247494,0,0.00123160247494,0,-0.485898150405,0.00020310063785,-0.48590000724,1.66368614195e-06,1.85683539861e-06,0.000201436951708,120,5,0,-0.48474970109,0.0937061635304,0.0011503061498,0.0937044998442,0,0,0,0,0,0,0,0,0,0,0,0,0,0,0,0,0,0,0,0,4,0
35,0.07,2,0.267627298832,0.00025387579808,0,120,5,0.00125952099695,0,0.00125952099695,0,0.267627311994,0.000253875797312,0.267625343293,4.89045445847e-05,1.96870177216e-06,0.000204971252727,120,5,0,0.269062873637,0.117132704412,0.00143753034478,0.117083799867,0,0,0,0,0,0,0,0,0,0,0,0,0,0,0,0,0,0,0,0,4,0
36,0.072,1,-0.48589771986,0.000235721337958,0,120,5,0.00143960421039,0,0.00143960421039,0,-0.485897712101,0.000235721332786,-0.485900002092,2.57405825239e-06,2.28999044488e-06,0.000233147274534,120,5,0,-0.484554455899,0.101558549503,0.00134554619238,0.101555975445,0,0,0,0,0,0,0,0,0,0,0,0,0,0,0,0,0,0,0,0,4,0
36,0.072,2,0.267627865076,0.000294651661534,0,120,5,0.00146044152858,0,0.00146044152858,0,0.267627859873,0.000294651665982,0.267625463686,6.01967182448e-05,2.39618728909e-06,0.000234454947738,120,5,0,0.269306930126,0.126948186878,0.00168146643971,0.12688799016,0,0,0,0,0,0,0,0,0,0,0,0,0,0,0,0,0,0,0,0,4,0
37,0.074,1,-0.485897213221,0.000271532771876,0,120,5,0.00167296873663,0,0.00167296873663,0,-0.485897205392,0.000271532767708,-0.485899994703,3.69459394801e-06,2.78931056541e-06,0.00026783817376,120,5,0,-0.484343390045,0.109526206061,0.00155660465757,0.109522511467,0,0,0,0,0,0,0,0,0,0,0,0,0,0,0,0,0,0,0,0,4,0
37,0.074,2,0.267628490925,0.000339415972121,0,120,5,0.00167678776281,0,0.00167678776281,0,0.26762849326,0.000339415959635,0.267625610083,7.31986187668e-05,2.88317668706e-06,0.000266217340868,120,5,0,0.269570762444,0.136907757576,0.00194515236044,0.136834558957,0,0,0,0,0,0,0,0,0,0,0,0,0,0,0,0,0,0,0,0,4,0
38,0.076,1,-0.485896617174,0.000310692732455,0,120,5,0.00193210210987,0,0.00193210210987,0,-0.485896623738,0.000310692732388,-0.485899984525,5.0887353298e-06,3.360787177e-06,0.000305603997058,120,5,0,-0.484116276206,0.117606165842,0.00178370831878,0.117601077107,0,0,0,0,0,0,0,0,0,0,0,0,0,0,0,0,0,0,0,0,4,0
38,0.076,2,0.267629206181,0.000388365908293,0,120,5,0.0019122814564,0,0.0019122814564,0,0.267629220327,0.000388365915484,0.267625786068,8.79923224404e-05,3.43425964505e-06,0.000300373593044,120,5,0,0.269854654742,0.147007707303,0.00222886867415,0.14691971498,0,0,0,0,0,0,0,0,0,0,0,0,0,0,0,0,0,0,0,0,4,0
39,0.078,1,-0.485895961523,0.000353362731403,0,120,5,0.00221390724313,0,0.00221390724313,0,-0.485895960281,0.000353362726854,-0.485899970912,6.8066162643e-06,4.0106307691e-06,0.00034655611059,120,5,0,-0.483872891652,0.125796720687,0.00202707926027,0.125789914071,0,0,0,0,0,0,0,0,0,0,0,0,0,0,0,0,0,0,0,0,4,0
39,0.078,2,0.267630040646,0.000441703421529,0,120,5,0.0021703987569,0,0.0021703987569,0,0.267630049649,0.000441703408566,0.267625995483,0.000104707572731,4.05416553034e-06,0.000336995835835,120,5,0,0.270158885435,0.157245900858,0.00253288995241,0.157141193286,0,0,0,0,0,0,0,0,0,0,0,0,0,0,0,0,0,0,0,0,4,0
40,0.08,1,-0.485895216465,0.000399707671022,0,120,5,0.00252259525044,0,0.00252259525044,0,-0.485895207837,0.00039970766892,-0.485899953173,8.86960673133e-06,4.74533555489e-06,0.000390838062188,120,5,0,-0.48361301619,0.134096976671,0.00228693698317,0.134088107064,0,0,0,0,0,0,0,0,0,0,0,0,0,0,0,0,0,0,0,0,4,0
40,0.08,2,0.26763099432,0.000499634596054,0,120,5,0.00245072528494,0,0.00245072528494,0,0.267630990204,0.000499634586147,0.267626242547,0.000123532085154,4.74765635916e-06,0.000376102500993,120,5,0,0.270483729763,0.167621220837,0.00285748721588,0.167497688752,0,0,0,0,0,0,0,0,0,0,0,0,0,0,0,0,0,0,0,0,4,0
41,0.082,1,-0.485894352198,0.000449895625934,0,120,5,0.0028622706053,0,0.0028622706053,0,-0.485894358889,0.000449895611784,-0.48589993053,1.13214761955e-05,5.57164122733e-06,0.000438574135588,120,5,0,-0.48333643088,0.142506530681,0.00256349965014,0.142495209205,0,0,0,0,0,0,0,0,0,0,0,0,0,0,0,0,0,0,0,0,4,0
41,0.082,2,0.267632037401,0.000562369532418,0,120,5,0.00274937767882,0,0.00274937767882,0,0.267632051389,0.000562369514727,0.267626531804,0.000144628333538,5.51958547312e-06,0.000417741181189,120,5,0,0.2708294614,0.178133163351,0.00320292959661,0.177988535017,0,0,0,0,0,0,0,0,0,0,0,0,0,0,0,0,0,0,0,0,4,0
42,0.084,1,-0.485893398523,0.000504097435623,0,120,5,0.00322970072652,0,0.00322970072652,0,-0.485893405579,0.000504097429465,-0.485899902046,1.42418370561e-05,6.49646723883e-06,0.000489855592409,120,5,0,-0.48304291731,0.151025219275,0.00285698473566,0.151010977438,0,0,0,0,0,0,0,0,0,0,0,0,0,0,0,0,0,0,0,0,4,0
42,0.084,2,0.267633229494,0.000630121794529,0,120,5,0.00307355248423,0,0.00307355248423,0,0.267633243026,0.000630121786829,0.267626867979,0.000168087656545,6.37504726703e-06,0.000462034130285,120,5,0,0.271196353362,0.188781524093,0.00356948538279,0.188613436436,0,0,0,0,0,0,0,0,0,0,0,0,0,0,0,0,0,0,0,0,4,0
43,0.086,1,-0.48589232564,0.000562486413401,0,120,5,0.00362903426886,0,0.00362903426886,0,-0.485892339707,0.000562486416893,-0.485899866715,1.76653749122e-05,7.52700791579e-06,0.000544821041981,120,5,0,-0.48273225734,0.15965290155,0.00316760937527,0.159635236175,0,0,0,0,0,0,0,0,0,0,0,0,0,0,0,0,0,0,0,0,4,0
43,0.086,2,0.267634570599,0.000703108031303,0,120,5,0.00342271435497,0,0.00342271435497,0,0.267634575366,0.000703108021113,0.267627256201,0.00019411071312,7.31916512425e-06,0.000508997307993,120,5,0,0.271584678325,0.199566126936,0.00395742212431,0.199372016223,0,0,0,0,0,0,0,0,0,0,0,0,0,0,0,0,0,0,0,0,4,0
44,0.088,1,-0.485891163349,0.000625237706117,0,120,5,0.00405714989535,0,0.00405714989535,0,-0.485891152725,0.000625237732306,-0.485899823417,2.16493474113e-05,8.67069163263e-06,0.000603588384895,120,5,0,-0.482404233265,0.168389242965,0.00349559015184,0.168367593618,0,0,0,0,0,0,0,0,0,0,0,0,0,0,0,0,0,0,0,0,4,0
44,0.088,2,0.267636060715,0.00078154716175,0,120,5,0.00379643123702,0,0.00379643123702,0,0.267636059094,0.000781547165378,0.267627701943,0.000222871425595,8.35715028757e-06,0.000558675739783,120,5,0,0.271994708419,0.210486553705,0.00436700647554,0.210263682279,0,0,0,0,0,0,0,0,0,0,0,0,0,0,0,0,0,0,0,0,4,0
45,0.09,1,-0.485889822245,0.000692527566571,0,120,5,0.00452529011919,0,0.00452529011919,0,-0.485889835731,0.000692527578533,-0.48589977094,2.62382359496e-05,9.9352093258e-06,0.000666289342584,120,5,0,-0.482058628446,0.177233467163,0.00384114249382,0.177207228927,0,0,0,0,0,0,0,0,0,0,0,0,0,0,0,0,0,0,0,0,4,0
45,0.09,2,0.267637699842,0.000865659501869,0,120,5,0.00419421106629,0,0.00419421106629,0,0.267637705336,0.000865659473166,0.26762821104,0.000254548535698,9.49429592251e-06,0.000611110937469,120,5,0,0.272426714442,0.221541833953,0.00479850340153,0.221287285418,0,0,0,0,0,0,0,0,0,0,0,0,0,0,0,0,0,0,0,0,4,0
46,0.092,1,-0.485888391733,0.00076453195652,0,120,5,0.00502293362373,0,0.00502293362373,0,-0.485888379472,0.000764531970946,-0.485899707875,3.15326339528e-05,1.13284032115e-05,0.000732999336993,120,5,0,-0.481695228498,0.186184037981,0.0042044793765,0.186152505347,0,0,0,0,0,0,0,0,0,0,0,0,0,0,0,0,0,0,0,0,4,0
46,0.092,2,0.267639517784,0.000955664960202,0,120,5,0.00461938029861,0,0.00461938029861,0,0.26763952566,0.000955664963686,0.267628789572,0.00028926598048,1.07360879036e-05,0.000666398983206,120,5,0,0.272880964377,0.232730047477,0.0052521748045,0.232440781497,0,0,0,0,0,0,0,0,0,0,0,0,0,0,0,0,0,0,0,0,4,0
47,0.094,1,-0.485886782408,0.000841424858663,0,120,5,0.00556131749948,0,0.00556131749948,0,-0.485886774344,0.000841424864504,-0.485899632736,3.75692469082e-05,1.28583924437e-05,0.000803855617596,120,5,0,-0.481313823218,0.195238223226,0.00458580951827,0.195200653979,0,0,0,0,0,0,0,0,0,0,0,0,0,0,0,0,0,0,0,0,4,0
47,0.094,2,0.267641544342,0.00105178111698,0,120,5,0.00507477031762,0,0.00507477031762,0,0.26764153207,0.00105178108063,0.267629444041,0.000327234278242,1.20880290048e-05,0.000724546802392,120,5,0,0.273357720977,0.244047779034,0.00572827693628,0.243720544756,0,0,0,0,0,0,0,0,0,0,0,0,0,0,0,0,0,0,0,0,4,0
48,0.096,1,-0.485885024071,0.000923375308048,0,120,5,0.00613711656862,0,0.00613711656862,0,-0.485885010401,0.000923375297014,-0.485899543882,4.44274532121e-05,1.45334809902e-05,0.000878947843802,120,5,0,-0.480914209562,0.204391473771,0.00498533431954,0.204347046317,0,0,0,0,0,0,0,0,0,0,0,0,0,0,0,0,0,0,0,0,4,0
48,0.096,2,0.267643749714,0.00115421914961,0,120,5,0.00555603213011,0,0.00555603213011,0,0.267643736999,0.00115421912127,0.267630181348,0.000368653504706,1.35556513114e-05,0.000785565616565,120,5,0,0.273857238048,0.255489342214,0.00622705669949,0.25512068871,0,0,0,0,0,0,0,0,0,0,0,0,0,0,0,0,0,0,0,0,4,0
49,0.098,1,-0.48588308692,0.0010105430847,0,120,5,0.00675408116934,0,0.00675408116934,0,-0.485883077365,0.00101054302994,-0.485899439504,5.2188867031e-05,1.63621392704e-05,0.000958354162912,120,5,0,-0.480496196124,0.213636523424,0.00540324338012,0.213584334557,0,0,0,0,0,0,0,0,0,0,0,0,0,0,0,0,0,0,0,0,4,0
49,0.098,2,0.267646163702,0.00126317876857,0,120,5,0.00606611238267,0,0.00606611238267,0,0.267646153294,0.00126317878743,0.267631008701,0.000413676324304,1.51445936806e-05,0.000849502463129,120,5,0,0.274379754845,0.267045654282,0.00674874614473,0.266631977958,0,0,0,0,0,0,0,0,0,0,0,0,0,0,0,0,0,0,0,0,4,0
50,0.1,1,-0.485880970955,0.00110307184514,0,120,5,0.00741225373751,0,0.00741225373751,0,-0.485880964654,0.00110307190102,-0.485899317622,6.09410984533e-05,1.83529674263e-05,0.00104213080256,120,5,0,-0.480059609802,0.222962072533,0.00583970781961,0.222901131434,0,0,0,0,0,0,0,0,0,0,0,0,0,0,0,0,0,0,0,0,4,0
50,0.1,2,0.267648786306,0.00137883983552,0,120,5,0.006604126748,0,0.006604126748,0,0.267648794182,0.00137883987628,0.267631933657,0.000462478075457,1.68605254708e-05,0.00091636180082,120,5,0,0.274925487748,0.278702590668,0.0072935540907,0.278240112593,0,0,0,0,0,0,0,0,0,0,0,0,0,0,0,0,0,0,0,0,4,0
51,0.102,1,-0.485880196095,0.00113934942055,0,120,5,0.0076204653345,0,0.0076204653345,0,-0.485880204628,0.00113934941627,-0.48589917607,7.07757668343e-05,1.89714418761e-05,0.00106857364944,120,5,0,-0.480059609802,0.222962072533,0.00583956626807,0.222891296766,0,0,0,0,0,0,0,0,0,0,0,0,0,0,0,0,0,0,0,0,4,0
51,0.102,2,0.267649739981,0.00142418674659,0,120,5,0.00655793981052,0,0.00655793981052,0,0.267649744215,0.00142418677035,0.267632964097,0.000515219997721,1.67801179547e-05,0.000908966772628,120,5,0,0.274925487748,0.278702590668,0.0072925236507,0.278187370671,0,0,0,0,0,0,0,0,0,0,0,0,0,0,0,0,0,0,0,0,4,0
52,0.104,1,-0.485876142979,0.0013074107701,0,120,5,0.00887164904725,0,0.00887164904725,0,-0.485876152827,0.00130741078954,-0.485899012186,8.19419409341e-05,2.2859359654e-05,0.00122546884861,120,5,0,-0.479129101288,0.242542191941,0.00676991089803,0.24246025,0,0,0,0,0,0,0,0,0,0,0,0,0,0,0,0,0,0,0,0,4,0
52,0.104,2,0.267654806376,0.00163426343352,0,120,5,0.00782751069937,0,0.00782751069937,0,0.267654808967,0.00163426348694,0.26763409573,0.000565816776926,2.07132364755e-05,0.00106844671002,120,5,0,0.27608862339,0.30317773993,0.00845452765946,0.302611923153,0,0,0,0,0,0,0,0,0,0,0,0,0,0,0,0,0,0,0,0,4,0
53,0.106,1,-0.485873430967,0.00141954922583,0,120,5,0.00967480230447,0,0.00967480230447,0,-0.485873426935,0.00141954917887,-0.485898824137,9.40248256861e-05,2.53972015209e-05,0.00132552435318,120,5,0,-0.478633862112,0.252718182523,0.00726496202418,0.252624157697,0,0,0,0,0,0,0,0,0,0,0,0,0,0,0,0,0,0,0,0,4,0
53,0.106,2,0.26765820384,0.00177443644498,0,120,5,0.00847559875518,0,0.00847559875518,0,0.267658216331,0.0017744364736,0.267635351286,0.000627777987858,2.28650448977e-05,0.00114665848574,120,5,0,0.27670767236,0.315897728157,0.00907232107324,0.315269950169,0,0,0,0,0,0,0,0,0,0,0,0,0,0,0,0,0,0,0,0,4,0
54,0.108,1,-0.485870480537,0.0015380224213,0,120,5,0.0105282292304,0,0.0105282292304,0,-0.485870470405,0.00153802240999,-0.485898609207,0.000107464650734,2.81388020658e-05,0.00143055775926,120,5,0,-0.478118175819,0.262973281921,0.00778043338838,0.26286581727,0,0,0,0,0,0,0,0,0,0,0,0,0,0,0,0,0,0,0,0,4,0
54,0.108,2,0.267661899328,0.00192252802663,0,120,5,0.00915971339847,0,0.00915971339847,0,0.267661911994,0.0019225280125,0.2676367401,0.000694406824693,2.51718935563e-05,0.00122812118781,120,5,0,0.277352280226,0.328716602403,0.00971554012648,0.328022195579,0,0,0,0,0,0,0,0,0,0,0,0,0,0,0,0,0,0,0,0,4,0
55,0.11,1,-0.485867261887,0.00166270008776,0,120,5,0.0114339881641,0,0.0114339881641,0,-0.485867270708,0.00166270014269,-0.485898364478,0.000122364647016,3.10937699074e-05,0.00154033549567,120,5,0,-0.477581969886,0.273227029992,0.00831639459238,0.273104665345,0,0,0,0,0,0,0,0,0,0,0,0,0,0,0,0,0,0,0,0,4,0
55,0.11,2,0.267665922642,0.0020783750806,0,120,5,0.00988032771478,0,0.00988032771478,0,0.267665911615,0.00207837517837,0.267638271952,0.00076592608773,2.76396628004e-05,0.00131244909064,120,5,0,0.278022537643,0.341533787492,0.0103842656909,0.340767861404,0,0,0,0,0,0,0,0,0,0,0,0,0,0,0,0,0,0,0,0,4,0
56,0.112,1,-0.485863804817,0.00179350527469,0,120,5,0.012387183826,0,0.012387183826,0,-0.485863815519,0.00179350526782,-0.485898086805,0.000138836228141,3.4271286535e-05,0.00165466903968,120,5,0,-0.477025304665,0.283425328316,0.0088727821401,0.283286492088,0,0,0,0,0,0,0,0,0,0,0,0,0,0,0,0,0,0,0,0,4,0
56,0.112,2,0.267670243979,0.00224188156426,0,120,5,0.0106310682173,0,0.0106310682173,0,0.267670230601,0.00224188158478,0.26763995706,0.000842553962588,3.02735412301e-05,0.0013993276222,120,5,0,0.278718369168,0.354281660396,0.0110784121082,0.353439106434,0,0,0,0,0,0,0,0,0,0,0,0,0,0,0,0,0,0,0,0,4,0
57,0.114,1,-0.485860079527,0.00193039758597,0,120,5,0.0133902142709,0,0.0133902142709,0,-0.485860092628,0.00193039761044,-0.485897772818,0.000156993719083,3.76801897505e-05,0.00177340389135,120,5,0,-0.476448329682,0.293531962563,0.00944944313636,0.293374968844,0,0,0,0,0,0,0,0,0,0,0,0,0,0,0,0,0,0,0,0,4,0
57,0.114,2,0.267674893141,0.00241299695335,0,120,5,0.0114132476093,0,0.0114132476093,0,0.267674884215,0.00241299701305,0.267641805941,0.000924440236922,3.30782740734e-05,0.00148855677613,120,5,0,0.279439587898,0.366914953205,0.0117977819574,0.365990512968,0,0,0,0,0,0,0,0,0,0,0,0,0,0,0,0,0,0,0,0,4,0
58,0.116,1,-0.485856086016,0.00207336223684,0,120,5,0.0144419702935,0,0.0144419702935,0,-0.48585608988,0.00207336230737,-0.485897418903,0.00017695747542,4.13290232069e-05,0.00189640483195,120,5,0,-0.475851253979,0.303522851222,0.0100461649242,0.303345893746,0,0,0,0,0,0,0,0,0,0,0,0,0,0,0,0,0,0,0,0,4,0
58,0.116,2,0.267679899931,0.00259170285426,0,120,5,0.0122282700328,0,0.0122282700328,0,0.26767988765,0.00259170288422,0.267643829423,0.00101174104676,3.60582274888e-05,0.00157996183746,120,5,0,0.280185932526,0.379403564029,0.0125421031038,0.378391822982,0,0,0,0,0,0,0,0,0,0,0,0,0,0,0,0,0,0,0,0,4,0
59,0.118,1,-0.485851794481,0.00222240155563,0,120,5,0.0155450337593,0,0.0155450337593,0,-0.485851795129,0.00222240154119,-0.48589702123,0.000198836762614,4.52261004818e-05,0.00202356477857,120,5,0,-0.475234326007,0.313382145166,0.010662695223,0.313183308404,0,0,0,0,0,0,0,0,0,0,0,0,0,0,0,0,0,0,0,0,4,0
59,0.118,2,0.267685264349,0.00277800182812,0,120,5,0.0130739161458,0,0.0130739161458,0,0.267685256089,0.00277800192649,0.267646038691,0.00110463438048,3.92173972282e-05,0.00167336754602,120,5,0,0.280957092492,0.391727681459,0.0133110538004,0.390623047079,0,0,0,0,0,0,0,0,0,0,0,0,0,0,0,0,0,0,0,0,4,0
60,0.12,1,-0.485847204924,0.00237752869725,0,120,5,0.0166983256064,0,0.0166983256064,0,-0.485847196215,0.00237752868419,-0.485896575705,0.000222762326689,4.93794900187e-05,0.0021547663575,120,5,0,-0.474597819968,0.323099584276,0.0112987557368,0.32287682195,0,0,0,0,0,0,0,0,0,0,0,0,0,0,0,0,0,0,0,0,4,0
60,0.12,2,0.267691016197,0.00297191087157,0,120,5,0.0139517946198,0,0.0139517946198,0,0.267691004731,0.00297191085524,0.267648445203,0.00120325580765,4.25595283506e-05,0.00176865504759,120,5,0,0.28175272504,0.403874480345,0.0141042798369,0.402671224538,0,0,0,0,0,0,0,0,0,0,0,0,0,0,0,0,0,0,0,0,4,0
61,0.122,1,-0.48584228754,0.00253876415081,0,120,5,0.017904410794,0,0.017904410794,0,-0.485842280942,0.00253876417655,-0.485896077999,0.00024885299559,5.37970569793e-05,0.00228991118096,120,5,0,-0.473942026546,0.332668708694,0.011954051453,0.332419855698,0,0,0,0,0,0,0,0,0,0,0,0,0,0,0,0,0,0,0,0,4,0
61,0.122,2,0.267697155476,0.00317345513031,0,120,5,0.0148598160662,0,0.0148598160662,0,0.267697148823,0.00317345522069,0.267651060734,0.00130776570515,4.60880881302e-05,0.00186568951553,120,5,0,0.282572466818,0.415835885866,0.0149214060832,0.414528120161,0,0,0,0,0,0,0,0,0,0,0,0,0,0,0,0,0,0,0,0,4,0
62,0.124,1,-0.485837042332,0.00270613259636,0,120,5,0.0191621617146,0,0.0191621617146,0,-0.485837037069,0.00270613265959,-0.485895523502,0.000277248346175,5.84864328408e-05,0.00242888431342,120,5,0,-0.473267246587,0.342085652388,0.0126282769151,0.341808404042,0,0,0,0,0,0,0,0,0,0,0,0,0,0,0,0,0,0,0,0,4,0
62,0.124,2,0.267703711987,0.00338266580366,0,120,5,0.0157996704309,0,0.0157996704309,0,0.267703703663,0.00338266582449,0.267653897303,0.00141828412955,4.98063605634e-05,0.00196438169494,120,5,0,0.283415941766,0.427607065484,0.0157620444634,0.426188781355,0,0,0,0,0,0,0,0,0,0,0,0,0,0,0,0,0,0,0,0,4,0
63,0.126,1,-0.485831439495,0.00287966104224,0,120,5,0.0204740711513,0,0.0204740711513,0,-0.485831452305,0.00287966103022,-0.485894907351,0.000308075365771,6.34550469005e-05,0.00257158566445,120,5,0,-0.472573786777,0.351348335349,0.0133211205746,0.351040259983,0,0,0,0,0,0,0,0,0,0,0,0,0,0,0,0,0,0,0,0,4,0
63,0.126,2,0.26771068573,0.00359957618639,0,120,5,0.0167693149847,0,0.0167693149847,0,0.267710684619,0.00359957628777,0.267656967218,0.00153495748477,5.37174015829e-05,0.002064618803,120,5,0,0.284282766529,0.439185419185,0.0166257993113,0.4376504617,0,0,0,0,0,0,0,0,0,0,0,0,0,0,0,0,0,0,0,0,4,0
64,0.128,1,-0.485825508833,0.00305937719531,0,120,5,0.0218353469382,0,0.0218353469382,0,-0.4858255143,0.00305937719106,-0.485894224389,0.000341481157609,6.87100892053e-05,0.00271789603345,120,5,0,-0.471861956637,0.360455931395,0.0140322677522,0.360114450237,0,0,0,0,0,0,0,0,0,0,0,0,0,0,0,0,0,0,0,0,4,0
64,0.128,2,0.267718106508,0.00382422143593,0,120,5,0.0177704627244,0,0.0177704627244,0,0.267718107125,0.00382422148882,0.267660283004,0.00165789300093,5.7824121356e-05,0.00216632848789,120,5,0,0.285172554204,0.450569914243,0.0175122712001,0.448912021242,0,0,0,0,0,0,0,0,0,0,0,0,0,0,0,0,0,0,0,0,4,0
65,0.13,1,-0.485819220543,0.00324530946091,0,120,5,0.0232484762315,0,0.0232484762315,0,-0.485819210652,0.00324530935601,-0.485893469224,0.000377582562146,7.42585723104e-05,0.00286772679386,120,5,0,-0.471132066383,0.369408530569,0.0147614028415,0.369030948007,0,0,0,0,0,0,0,0,0,0,0,0,0,0,0,0,0,0,0,0,4,0
65,0.13,2,0.267725974321,0.00405663670972,0,120,5,0.0188010054053,0,0.0188010054053,0,0.267725986685,0.00405663669501,0.267663857483,0.0017872397454,6.21292021519e-05,0.00226939694961,120,5,0,0.286084917022,0.461760663211,0.0184210595387,0.459973423466,0,0,0,0,0,0,0,0,0,0,0,0,0,0,0,0,0,0,0,0,4,0
66,0.132,1,-0.48581251502,0.0034374857787,0,120,5,0.0247193850612,0,0.0247193850612,0,-0.4858125289,0.00343748584193,-0.48589263619,0.000416516846265,8.01072907627e-05,0.00302096899567,120,5,0,-0.470384425305,0.378206944684,0.0155082108856,0.377790427838,0,0,0,0,0,0,0,0,0,0,0,0,0,0,0,0,0,0,0,0,4,0
66,0.132,2,0.267734348774,0.004296857398,0,120,5,0.0198661629178,0,0.0198661629178,0,0.267734338876,0.00429685730242,0.267667703697,0.00192310667306,6.66351789868e-05,0.00237375062936,120,5,0,0.287019468369,0.472758680854,0.0193517646726,0.470835574181,0,0,0,0,0,0,0,0,0,0,0,0,0,0,0,0,0,0,0,0,4,0
67,0.134,1,-0.48580545187,0.00363593525253,0,120,5,0.0262396325111,0,0.0262396325111,0,-0.485805456526,0.00363593534391,-0.485891719335,0.00045842790063,8.62628082514e-05,0.00317750744328,120,5,0,-0.469619340425,0.38685262639,0.0162723789091,0.386394198489,0,0,0,0,0,0,0,0,0,0,0,0,0,0,0,0,0,0,0,0,4,0
67,0.134,2,0.267743170261,0.0045449193567,0,120,5,0.0209565891158,0,0.0209565891158,0,0.267743179342,0.00454491917989,0.267671834992,0.00206564798704,7.13443496252e-05,0.00247927119285,120,5,0,0.287975824468,0.483565782987,0.0203039894758,0.481500135,0,0,0,0,0,0,0,0,0,0,0,0,0,0,0,0,0,0,0,0,4,0
68,0.136,1,-0.485797971487,0.00384068768471,0,120,5,0.0278150636949,0,0.0278150636949,0,-0.485797980956,0.00384068776283,-0.48589071242,0.000503457334073,9.27314636549e-05,0.00333723042875,120,5,0,-0.468837115212,0.39534768942,0.0170535972082,0.394844232086,0,0,0,0,0,0,0,0,0,0,0,0,0,0,0,0,0,0,0,0,4,0
68,0.136,2,0.267752528191,0.00480085983872,0,120,5,0.0220812764555,0,0.0220812764555,0,0.267752523805,0.00480085970353,0.267676264842,0.00221492490708,7.62589624005e-05,0.00258593479645,120,5,0,0.288953605985,0.494184611774,0.0212773411432,0.491969686867,0,0,0,0,0,0,0,0,0,0,0,0,0,0,0,0,0,0,0,0,4,0
69,0.138,1,-0.485790103674,0.00405177567154,0,120,5,0.029440824052,0,0.029440824052,0,-0.485790089552,0.00405177574053,-0.485889608945,0.000551737370361,9.95193936218e-05,0.00350003837017,120,5,0,-0.468038048147,0.403695033051,0.0178515607978,0.40314329568,0,0,0,0,0,0,0,0,0,0,0,0,0,0,0,0,0,0,0,0,4,0
69,0.138,2,0.267762392759,0.00506471982226,0,120,5,0.0232344074211,0,0.0232344074211,0,0.267762388061,0.00506471967566,0.267681007034,0.00237109575053,8.13810267841e-05,0.00269362392513,120,5,0,0.289952439816,0.504618791311,0.022271432782,0.502247695561,0,0,0,0,0,0,0,0,0,0,0,0,0,0,0,0,0,0,0,0,4,0
70,0.14,1,-0.485781759024,0.00426923716441,0,120,5,0.0311263565653,0,0.0311263565653,0,-0.485781769604,0.00426923717334,-0.485888402144,0.000603400731875,0.000106632539378,0.00366583644147,120,5,0,-0.467222430937,0.411898589709,0.0186659712063,0.411295188977,0,0,0,0,0,0,0,0,0,0,0,0,0,0,0,0,0,0,0,0,4,0
70,0.14,2,0.26777279377,0.00533654633909,0,120,5,0.0244176246465,0,0.0244176246465,0,0.267772787995,0.00533654646667,0.267686075551,0.00253425865896,8.67124434913e-05,0.0028022878077,120,5,0,0.290971961328,0.514873237134,0.0232858857771,0.512338978475,0,0,0,0,0,0,0,0,0,0,0,0,0,0,0,0,0,0,0,0,4,0
71,0.142,1,-0.485772997141,0.0044931191951,0,120,5,0.0328630371745,0,0.0328630371745,0,-0.485773008323,0.00449311913809,-0.485887084907,0.000658618156017,0.000114076584852,0.00383450098208,120,5,0,-0.466390546064,0.419963733382,0.0194965388435,0.419305115226,0,0,0,0,0,0,0,0,0,0,0,0,0,0,0,0,0,0,0,0,4,0
71,0.142,2,0.267783731222,0.00561639899388,0,120,5,0.0256291240299,0,0.0256291240299,0,0.267783739597,0.0056163989226,0.26769148454,0.00270449455407,9.22550566153e-05,0.00291190436853,120,5,0,0.29201181742,0.524954666725,0.02432033288,0.522250172171,0,0,0,0,0,0,0,0,0,0,0,0,0,0,0,0,0,0,0,0,4,0
72,0.144,1,-0.485763788223,0.00472348369658,0,120,5,0.0346531844695,0,0.0346531844695,0,-0.485763792806,0.00472348390341,-0.485885649855,0.000717525974544,0.000121857049439,0.00400595792887,120,5,0,-0.465542663315,0.427897910966,0.0203429865408,0.427180384992,0,0,0,0,0,0,0,0,0,0,0,0,0,0,0,0,0,0,0,0,4,0
72,0.144,2,0.267795264721,0.00590435508639,0,120,5,0.0268742678713,0,0.0268742678713,0,0.267795258993,0.00590435487925,0.26769724833,0.00288189489374,9.80106624984e-05,0.00302245998551,120,5,0,0.293071670857,0.534872388705,0.0253744225267,0.531990493811,0,0,0,0,0,0,0,0,0,0,0,0,0,0,0,0,0,0,0,0,4,0
73,0.146,1,-0.485754102468,0.00496041821316,0,120,5,0.0364992712237,0,0.0364992712237,0,-0.485754110008,0.00496041805251,-0.485884089357,0.000780249289019,0.000129979349349,0.00418016876349,120,5,0,-0.464679034751,0.435711592648,0.0212050546063,0.434931343359,0,0,0,0,0,0,0,0,0,0,0,0,0,0,0,0,0,0,0,0,4,0
73,0.146,2,0.267807364464,0.00620052265003,0,120,5,0.0281474957364,0,0.0281474957364,0,0.267807362491,0.00620052256562,0.267703381557,0.00306661327643,0.000103980934055,0.00313390928919,120,5,0,0.294151206562,0.544639490807,0.0264478250052,0.541572877531,0,0,0,0,0,0,0,0,0,0,0,0,0,0,0,0,0,0,0,0,4,0
74,0.148,1,-0.485743939877,0.00520404614508,0,120,5,0.0384001626983,0,0.0384001626983,0,-0.485743946671,0.00520404627246,-0.485882395462,0.000846947645459,0.000138448790196,0.004357098627,120,5,0,-0.463799887336,0.443419685944,0.0220825081253,0.442572738298,0,0,0,0,0,0,0,0,0,0,0,0,0,0,0,0,0,0,0,0,4,0
74,0.148,2,0.267820060253,0.00650505768135,0,120,5,0.0294510565851,0,0.0294510565851,0,0.267820066661,0.00650505784056,0.26770989899,0.0032587166814,0.000110167670864,0.00324634115916,120,5,0,0.29525014083,0.554274607427,0.0275402418397,0.551015890746,0,0,0,0,0,0,0,0,0,0,0,0,0,0,0,0,0,0,0,0,4,0
75,0.15,1,-0.485733300447,0.00545455235988,0,120,5,0.0403550729117,0,0.0403550729117,0,-0.485733289238,0.00545455215747,-0.485880559931,0.000917765377675,0.000147270693026,0.0045367867798,120,5,0,-0.462905412107,0.451043628642,0.0229751478236,0.450125863264,0,0,0,0,0,0,0,0,0,0,0,0,0,0,0,0,0,0,0,0,4,0
75,0.15,2,0.267833381891,0.00681819021702,0,120,5,0.0307873716224,0,0.0307873716224,0,0.267833388453,0.00681819019682,0.267716815604,0.00345830679789,0.000116572849251,0.00335988339893,120,5,0,0.296368234866,0.5638045358,0.0286514192625,0.560346229002,0,0,0,0,0,0,0,0,0,0,0,0,0,0,0,0,0,0,0,0,4,0
76,0.152,1,-0.485728889704,0.00556836463511,0,120,5,0.0408398066081,0,0.0408398066081,0,-0.485728892686,0.00556836449782,-0.485878574265,0.000992832788873,0.000149681579027,0.00457553170895,120,5,0,-0.462905412107,0.451043628642,0.022973162158,0.450050795853,0,0,0,0,0,0,0,0,0,0,0,0,0,0,0,0,0,0,0,0,4,0
76,0.152,2,0.267838895321,0.00696045579389,0,120,5,0.0302445182144,0,0.0302445182144,0,0.267838884142,0.00696045562226,0.267724146644,0.00366552038908,0.000114737497946,0.00329493523317,120,5,0,0.296368234866,0.5638045358,0.0286440882217,0.560139015411,0,0,0,0,0,0,0,0,0,0,0,0,0,0,0,0,0,0,0,0,4,0
77,0.154,1,-0.485710442066,0.00598133215681,0,120,5,0.0444609555265,0,0.0444609555265,0,-0.485710429827,0.00598133220788,-0.485876428628,0.00107281853844,0.000165998801457,0.00490851366943,120,5,0,-0.461070234843,0.466679359984,0.0248061937851,0.465606541446,0,0,0,0,0,0,0,0,0,0,0,0,0,0,0,0,0,0,0,0,4,0
77,0.154,2,0.267861962318,0.00747666507959,0,120,5,0.0336898392711,0,0.0336898392711,0,0.267861962717,0.00747666525982,0.26773186854,0.00386094790469,0.00013009417652,0.00361571735513,120,5,0,0.298662206446,0.583349199977,0.030930337906,0.579488252073,0,0,0,0,0,0,0,0,0,0,0,0,0,0,0,0,0,0,0,0,4,0
78,0.156,1,-0.485698193312,0.0062581426464,0,120,5,0.0466198255545,0,0.0466198255545,0,-0.485698191783,0.00625814261209,-0.485874115985,0.00115632168937,0.000175924201838,0.00510182092272,120,5,0,-0.46012886175,0.474705284907,0.0257452542346,0.473548963218,0,0,0,0,0,0,0,0,0,0,0,0,0,0,0,0,0,0,0,0,4,0
78,0.156,2,0.26787725091,0.00782267842442,0,120,5,0.0351501317771,0,0.0351501317771,0,0.267877260271,0.00782267826509,0.267740039969,0.00408571463889,0.000137220301942,0.0037369636262,120,5,0,0.299838922812,0.593381606131,0.0320988828428,0.589295891493,0,0,0,0,0,0,0,0,0,0,0,0,0,0,0,0,0,0,0,0,4,0
79,0.158,1,-0.485685378313,0.00654341420159,0,120,5,0.0488440491382,0,0.0488440491382,0,-0.485685391614,0.00654341398001,-0.485871626846,0.0012445691745,0.000186235231924,0.00529884480551,120,5,0,-0.459171384545,0.482774947392,0.0267002423014,0.481530378217,0,0,0,0,0,0,0,0,0,0,0,0,0,0,0,0,0,0,0,0,4,0
79,0.158,2,0.267893254757,0.0081792678684,0,120,5,0.0366523607761,0,0.0366523607761,0,0.267893260482,0.00817926747498,0.26774867728,0.00431865516604,0.000144583202154,0.00386061230895,120,5,0,0.301035769319,0.603468684237,0.0332870920389,0.599150029071,0,0,0,0,0,0,0,0,0,0,0,0,0,0,0,0,0,0,0,0,4,0
80,0.16,1,-0.485672026873,0.00683693354949,0,120,5,0.0511270791085,0,0.0511270791085,0,-0.485672012627,0.00683693355157,-0.485868951432,0.00133770715521,0.000196938804668,0.00549922639636,120,5,0,-0.458197761291,0.490845614362,0.0276711901411,0.489507907206,0,0,0,0,0,0,0,0,0,0,0,0,0,0,0,0,0,0,0,0,4,0
80,0.16,2,0.26790997386,0.00854616705328,0,120,5,0.0381921453267,0,0.0381921453267,0,0.267909984216,0.00854616693944,0.267757797234,0.00455997701281,0.000152186981946,0.00398618992663,120,5,0,0.302252798386,0.61355701795,0.0344950011525,0.608997040937,0,0,0,0,0,0,0,0,0,0,0,0,0,0,0,0,0,0,0,0,4,0
81,0.162,1,-0.485658049583,0.00713856611401,0,120,5,0.0534771016378,0,0.0534771016378,0,-0.485658038471,0.00713856630435,-0.485866079695,0.00143586846818,0.000208041224206,0.00570269783617,120,5,0,-0.45720802049,0.498888678023,0.0286580592054,0.497452809555,0,0,0,0,0,0,0,0,0,0,0,0,0,0,0,0,0,0,0,0,4,0
81,0.162,2,0.267927438021,0.008923208341,0,120,5,0.0397693053608,0,0.0397693053608,0,0.267927451911,0.00892320788042,0.26776741694,0.00480985320206,0.000160034971134,0.00411335467836,120,5,0,0.303489974388,0.623610847528,0.0357225574475,0.618800994326,0,0,0,0,0,0,0,0,0,0,0,0,0,0,0,0,0,0,0,0,4,0
82,0.164,1,-0.485643446445,0.00744823133573,0,120,5,0.0558916038805,0,0.0558916038805,0,-0.485643453007,0.00744823120172,-0.485863001244,0.00153922571817,0.000219548236651,0.00590900548355,120,5,0,-0.456202237665,0.506885112275,0.0296607635786,0.505345886557,0,0,0,0,0,0,0,0,0,0,0,0,0,0,0,0,0,0,0,0,4,0
82,0.164,2,0.267945677042,0.00931028928608,0,120,5,0.0413841426358,0,0.0413841426358,0,0.267945683741,0.00931028900214,0.267777553778,0.00506841908718,0.000168129962812,0.00424186991495,120,5,0,0.304747202919,0.633606390343,0.0369696491402,0.628537971256,0,0,0,0,0,0,0,0,0,0,0,0,0,0,0,0,0,0,0,0,4,0
83,0.166,1,-0.485628247261,0.00776588451117,0,120,5,0.0583647059917,0,0.0583647059917,0,-0.48562824022,0.00776588458221,-0.485859705368,0.0016479378792,0.000231465147738,0.00611794670301,120,5,0,-0.455180519479,0.514822389758,0.0306791858894,0.513174451879,0,0,0,0,0,0,0,0,0,0,0,0,0,0,0,0,0,0,0,0,4,0
83,0.166,2,0.267964690924,0.0097073558718,0,120,5,0.0430335230184,0,0.0430335230184,0,0.267964699725,0.00970735572776,0.267788225425,0.00533582324122,0.000176474299887,0.00437153248654,120,5,0,0.306024350652,0.643527987197,0.0382361252269,0.638192163956,0,0,0,0,0,0,0,0,0,0,0,0,0,0,0,0,0,0,0,0,4,0
84,0.168,1,-0.485612392426,0.00809150841087,0,120,5,0.060901437558,0,0.060901437558,0,-0.485612384155,0.00809150855417,-0.485856181071,0.00176214839492,0.000243796916348,0.00632936015925,120,5,0,-0.454142992957,0.522692390219,0.0317131881137,0.520930241824,0,0,0,0,0,0,0,0,0,0,0,0,0,0,0,0,0,0,0,0,4,0
84,0.168,2,0.267984509468,0.0101143857464,0,120,5,0.0447181138903,0,0.0447181138903,0,0.267984519806,0.0101143856927,0.267799449814,0.00561219466294,0.00018506999231,0.00450219102978,120,5,0,0.307321258803,0.653365487774,0.039521808989,0.647753293111,0,0,0,0,0,0,0,0,0,0,0,0,0,0,0,0,0,0,0,0,4,0
85,0.17,1,-0.485595881939,0.00842510256916,0,120,5,0.0634996148836,0,0.0634996148836,0,-0.485595868872,0.00842510289778,-0.485852417028,0.00188202172382,0.000256548155435,0.00654308117396,120,5,0,-0.45308979819,0.530489981765,0.0327626188374,0.528607960041,0,0,0,0,0,0,0,0,0,0,0,0,0,0,0,0,0,0,0,0,4,0
85,0.17,2,0.268005162477,0.0105313789099,0,120,5,0.0464387300256,0,0.0464387300256,0,0.26800516391,0.0105313786222,0.267811245113,0.00589764964252,0.000193918796194,0.00463372897971,120,5,0,0.308637752262,0.663112477207,0.0408265071487,0.657214827565,0,0,0,0,0,0,0,0,0,0,0,0,0,0,0,0,0,0,0,0,4,0
86,0.172,1,-0.485578685999,0.00876667909324,0,120,5,0.0661607282458,0,0.0661607282458,0,-0.485578678422,0.00876667942557,-0.485848401611,0.00200770814493,0.000269723189758,0.00675897128064,120,5,0,-0.452021083373,0.538212059001,0.0338273182382,0.536204350856,0,0,0,0,0,0,0,0,0,0,0,0,0,0,0,0,0,0,0,0,4,0
86,0.172,2,0.268026649952,0.0109583493322,0,120,5,0.048192552232,0,0.048192552232,0,0.268026651973,0.010958349282,0.26782362976,0.00619232348292,0.000203022212493,0.00476602579905,120,5,0,0.309973645783,0.672765073753,0.042150016023,0.66657275027,0,0,0,0,0,0,0,0,0,0,0,0,0,0,0,0,0,0,0,0,4,0
87,0.174,1,-0.485560804605,0.0091162584722,0,120,5,0.0688826012835,0,0.0688826012835,0,-0.48556079682,0.00911625806801,-0.485844122859,0.0021393762965,0.000283326039072,0.0069768817715,120,5,0,-0.450937001451,0.545856891618,0.0349071214081,0.543717515321,0,0,0,0,0,0,0,0,0,0,0,0,0,0,0,0,0,0,0,0,4,0
87,0.174,2,0.268049001694,0.0113953221589,0,120,5,0.0499805983926,0,0.0499805983926,0,0.268049003975,0.011395322585,0.267836622373,0.00649630618368,0.000212381602511,0.00489901640134,120,5,0,0.311328748187,0.682321114523,0.0434921258138,0.675824808339,0,0,0,0,0,0,0,0,0,0,0,0,0,0,0,0,0,0,0,0,4,0
88,0.176,1,-0.485542207956,0.00947386398911,0,120,5,0.0716666865166,0,0.0716666865166,0,-0.485542208038,0.00947386417314,-0.485839568499,0.0022771797203,0.000297360461695,0.00719668445284,120,5,0,-0.449837707833,0.553423684225,0.0360018606659,0.551146504505,0,0,0,0,0,0,0,0,0,0,0,0,0,0,0,0,0,0,0,0,4,0
88,0.176,2,0.268072247505,0.0118423299864,0,120,5,0.0518037862784,0,0.0518037862784,0,0.268072239953,0.0118423302164,0.267850241792,0.00680970983691,0.000221998160416,0.00503262037951,120,5,0,0.312702865208,0.691779605282,0.0448526234157,0.684969895445,0,0,0,0,0,0,0,0,0,0,0,0,0,0,0,0,0,0,0,0,4,0
89,0.178,1,-0.485522896051,0.00983952637762,0,120,5,0.0745108458979,0,0.0745108458979,0,-0.485522895992,0.00983952666654,-0.48583472595,0.00242127476174,0.000311829957771,0.00741825190481,120,5,0,-0.448723358845,0.560912280422,0.0371113671051,0.558491005661,0,0,0,0,0,0,0,0,0,0,0,0,0,0,0,0,0,0,0,0,4,0
89,0.178,2,0.268096387386,0.0122994082049,0,120,5,0.0536594153545,0,0.0536594153545,0,0.26809638001,0.0122994083332,0.267864507097,0.00713265208719,0.00023187291324,0.005166756246,120,5,0,0.314095801444,0.701140350529,0.0462312943474,0.694007698442,0,0,0,0,0,0,0,0,0,0,0,0,0,0,0,0,0,0,0,0,4,0
90,0.18,1,-0.485502839088,0.0102132763714,0,120,5,0.0774164777259,0,0.0774164777259,0,-0.485502844539,0.01021327683,-0.485829582313,0.00257181822624,0.0003267377742,0.00764145860374,120,5,0,-0.447594110652,0.568322966005,0.0382354716612,0.565751147779,0,0,0,0,0,0,0,0,0,0,0,0,0,0,0,0,0,0,0,0,4,0
90,0.18,2,0.268121451139,0.0127665959299,0,120,5,0.0555485016986,0,0.0555485016986,0,0.268121444326,0.0127665960375,0.267879437541,0.00746522196415,0.000242006785415,0.00530137407332,120,5,0,0.315507361685,0.710403707508,0.0476279241442,0.702938485543,0,0,0,0,0,0,0,0,0,0,0,0,0,0,0,0,0,0,0,0,4,0
91,0.182,1,-0.485482037067,0.010595147498,0,120,5,0.0803813696734,0,0.0803813696734,0,-0.485482037471,0.0105951475386,-0.485824124376,0.00272896895799,0.000342086904447,0.0078661785806,120,5,0,-0.446450118521,0.57565634135,0.0393740058546,0.572927372392,0,0,0,0,0,0,0,0,0,0,0,0,0,0,0,0,0,0,0,0,4,0
91,0.182,2,0.268147438765,0.0132439341396,0,120,5,0.0574684341567,0,0.0574684341567,0,0.268147453161,0.0132439344232,0.267895052572,0.00780751592102,0.000252400588776,0.00543641850223,120,5,0,0.316937351849,0.719570426689,0.0490422992765,0.711762910768,0,0,0,0,0,0,0,0,0,0,0,0,0,0,0,0,0,0,0,0,4,0
92,0.184,1,-0.485460460186,0.010985173285,0,120,5,0.0834068494178,0,0.0834068494178,0,-0.485460458513,0.0109851728583,-0.485818338605,0.00289288544845,0.000357880091971,0.00809228740985,120,5,0,-0.445291536269,0.582913243506,0.0405268023357,0.580020358058,0,0,0,0,0,0,0,0,0,0,0,0,0,0,0,0,0,0,0,0,4,0
92,0.184,2,0.268174439669,0.0137314656749,0,120,5,0.0594274570625,0,0.0594274570625,0,0.268174426859,0.0137314660729,0.26791137178,0.00815960360037,0.000263055079601,0.00557186247252,120,5,0,0.318385579664,0.728641554384,0.0504742078842,0.720481950784,0,0,0,0,0,0,0,0,0,0,0,0,0,0,0,0,0,0,0,0,4,0
93,0.186,1,-0.485438078642,0.0113833881915,0,120,5,0.0864943575348,0,0.0864943575348,0,-0.48543809132,0.0113833879544,-0.485812211208,0.00306369827311,0.000374119888304,0.00831968968131,120,5,0,-0.44411851584,0.590094706125,0.0416936953682,0.587031007852,0,0,0,0,0,0,0,0,0,0,0,0,0,0,0,0,0,0,0,0,4,0
93,0.186,2,0.268202394247,0.0142292352393,0,120,5,0.0614153735652,0,0.0614153735652,0,0.26820238585,0.014229234943,0.2679284151,0.00852166006279,0.000273970750575,0.00570757488025,120,5,0,0.3198518552,0.737618382658,0.0519234401004,0.729096722595,0,0,0,0,0,0,0,0,0,0,0,0,0,0,0,0,0,0,0,0,4,0
94,0.188,1,-0.485414922237,0.0117898294702,0,120,5,0.0896379103029,0,0.0896379103029,0,-0.485414919477,0.0117898293076,-0.485805728035,0.00324158655164,0.00039080855832,0.00854824275597,120,5,0,-0.442931206923,0.597201951088,0.0428745211121,0.593960364536,0,0,0,0,0,0,0,0,0,0,0,0,0,0,0,0,0,0,0,0,4,0
94,0.188,2,0.268231362104,0.0147372866049,0,120,5,0.0634370059728,0,0.0634370059728,0,0.268231350654,0.0147372866345,0.26794620253,0.00889371519421,0.000285148124086,0.00584357144032,120,5,0,0.321335991346,0.746502438861,0.0533897888163,0.737608723667,0,0,0,0,0,0,0,0,0,0,0,0,0,0,0,0,0,0,0,0,4,0
95,0.19,1,-0.485390931368,0.0122045353055,0,120,5,0.0928424717566,0,0.0928424717566,0,-0.485390926493,0.0122045352794,-0.485798874674,0.00342668030985,0.00040794818156,0.00877785496955,120,5,0,-0.441729756559,0.604236410543,0.0440691181152,0.600809730233,0,0,0,0,0,0,0,0,0,0,0,0,0,0,0,0,0,0,0,0,4,0
95,0.19,2,0.268261343241,0.0152556691319,0,120,5,0.0654895743212,0,0.0654895743212,0,0.268261341884,0.0152556690993,0.267964754307,0.00927588866718,0.000296587576576,0.00597978043208,120,5,0,0.322837804301,0.75529551318,0.0548730499936,0.746019624513,0,0,0,0,0,0,0,0,0,0,0,0,0,0,0,0,0,0,0,0,4,0
96,0.192,1,-0.485366106033,0.0126275466755,0,120,5,0.0961056535468,0,0.0961056535468,0,-0.485366095798,0.0126275471245,-0.485791636386,0.00361914441888,0.000425540587223,0.00900840270563,120,5,0,-0.440514308672,0.61119978268,0.0452773277133,0.607580638261,0,0,0,0,0,0,0,0,0,0,0,0,0,0,0,0,0,0,0,0,4,0
96,0.192,2,0.268292367458,0.0157844331115,0,120,5,0.067574159214,0,0.067574159214,0,0.268292380252,0.0157844339056,0.26798409079,0.00966824130804,0.000308289462086,0.00611619259761,120,5,0,0.32435711416,0.763999728351,0.0563730233696,0.754331487043,0,0,0,0,0,0,0,0,0,0,0,0,0,0,0,0,0,0,0,0,4,0
97,0.194,1,-0.485340416431,0.0130589110777,0,120,5,0.0994287227872,0,0.0994287227872,0,-0.485340410737,0.0130589106192,-0.485783998131,0.00381912730777,0.000443587394352,0.00923978331145,120,5,0,-0.439285003445,0.618094129704,0.0464989946857,0.614275002396,0,0,0,0,0,0,0,0,0,0,0,0,0,0,0,0,0,0,0,0,4,0
97,0.194,2,0.268324494362,0.0163236390799,0,120,5,0.0696953274669,0,0.0696953274669,0,0.268324486579,0.016323638274,0.268004232506,0.0100708581208,0.000320254073024,0.00625278015318,120,5,0,0.325893745693,0.772617662131,0.0578895131872,0.76254680401,0,0,0,0,0,0,0,0,0,0,0,0,0,0,0,0,0,0,0,0,4,0
98,0.196,1,-0.485313862562,0.0134986788034,0,120,5,0.10280941706,0,0.10280941706,0,-0.485313854553,0.0134986785758,-0.485775944602,0.00402676435204,0.000462090049317,0.00947191422371,120,5,0,-0.438041976449,0.624922032899,0.0477339681529,0.620895268547,0,0,0,0,0,0,0,0,0,0,0,0,0,0,0,0,0,0,0,0,4,0
98,0.196,2,0.268357694149,0.0168733485043,0,120,5,0.0718466087183,0,0.0718466087183,0,0.268357681809,0.0168733482197,0.268025200266,0.0104838799488,0.000332481542714,0.00638946827094,120,5,0,0.327447529438,0.781152541125,0.0594223291722,0.770668661176,0,0,0,0,0,0,0,0,0,0,0,0,0,0,0,0,0,0,0,0,4,0
99,0.198,1,-0.485286414623,0.0139469150454,0,120,5,0.106249011062,0,0.106249011062,0,-0.485286410377,0.013946914659,-0.485767460189,0.00424220641941,0.000481049812465,0.00970470823959,120,5,0,-0.436785357385,0.631686828371,0.0489821028039,0.627444621952,0,0,0,0,0,0,0,0,0,0,0,0,0,0,0,0,0,0,0,0,4,0
99,0.198,2,0.268391996622,0.0174336433411,0,120,5,0.0740291694951,0,0.0740291694951,0,0.268391987029,0.0174336433238,0.268047015003,0.0109073683051,0.000344972026087,0.00652627501861,120,5,0,0.329018303268,0.789608535465,0.0609712882654,0.778701167159,0,0,0,0,0,0,0,0,0,0,0,0,0,0,0,0,0,0,0,0,4,0
