case,window,signal,unit,samples,fs_hz,peak_freq_hz_0p5_100,peak_psd,psd_at_0p8_hz,psd_at_5_hz,psd_at_20_hz,bandpower_0p5_3hz,bandpower_3_15hz,bandpower_15_80hz
A,full,e_hip,rad,4000,500.0000000000551,0.9765625000001076,5.369613751630484e-05,5.369613751630484e-05,5.239356014306264e-08,1.567825682675417e-09,4.71312860274536e-05,2.480408128047079e-07,6.20779159474674e-09
A,full,e_knee,rad,4000,500.0000000000551,0.9765625000001076,2.5716938610977975e-05,2.5716938610977975e-05,1.291049815517642e-07,6.272879059471463e-09,2.1349987996703024e-05,4.869122530442697e-07,2.035153171943722e-08
A,full,e_coord,rad,4000,500.0000000000551,0.9765625000001076,0.00015120635837128496,0.00015120635837128496,3.105588844974863e-07,1.2440504885520507e-08,0.00012143171938769123,1.1406202824591594e-06,4.3634246359783185e-08
A,full,tau_total_hip,N m,4000,500.0000000000551,0.9765625000001076,1.2105341245836303,1.2105341245836303,0.0038672142922652566,0.08975104610495846,0.9471305421646818,0.01441981937103468,0.36986459266643773
A,full,tau_total_knee,N m,4000,500.0000000000551,0.9765625000001076,0.4486517817531651,0.4486517817531651,0.0012264168382110196,0.06264575575247747,0.30928702860008794,0.0037480850285901667,0.213003953193719
A,full,delta_tau_total_hip,N m/sample,4000,500.0000000000551,20.50781250000226,0.007712603208900812,0.00013286343094653076,1.2099714426307427e-05,0.005281730997938765,0.00020231482153206881,9.893245130097995e-05,0.02612285591408017
A,full,delta_tau_total_knee,N m/sample,4000,500.0000000000551,20.50781250000226,0.004588109716446918,4.8989443334959585e-05,4.313475081666483e-06,0.0036790558951658864,4.339477452360652e-05,1.5981633142407533e-05,0.014781780758559498
A,full,eta_q_hip,rad,4000,500.0000000000551,0.9765625000001076,2.578399063659047e-08,2.578399063659047e-08,1.0268254501326858e-11,2.087846403587538e-10,1.272989800199577e-08,2.9007511416814e-11,7.305345431510588e-10
A,full,eta_q_knee,rad,4000,500.0000000000551,0.9765625000001076,5.866571381201677e-08,5.866571381201677e-08,2.7417478355299123e-11,3.4029348526845845e-10,2.9424876862731225e-08,8.279520627273537e-11,1.1897376339200894e-09
A,full,eta_dq_hip,rad/s,4000,500.0000000000551,0.9765625000001076,2.6269617582248893e-06,2.6269617582248893e-06,7.135175904515868e-08,1.4422603179039708e-06,2.2555177376579745e-06,2.0141061942168137e-07,5.0451639754320205e-06
A,full,eta_dq_knee,rad/s,4000,500.0000000000551,0.9765625000001076,1.5070724919573207e-05,1.5070724919573207e-05,1.9052451704398805e-07,2.3506227502144215e-06,1.2775593356414013e-05,5.749276395845027e-07,8.216326764567672e-06
A,full,eta_u_hip,N m,4000,500.0000000000551,0.9765625000001076,1.76447486442102e-06,1.76447486442102e-06,2.3342678810830275e-08,4.719561414132784e-07,1.1798425625957735e-06,6.589663001911697e-08,1.650907646318376e-06
A,full,eta_u_knee,N m,4000,500.0000000000551,0.9765625000001076,6.98504061893719e-06,6.98504061893719e-06,6.232968016369173e-08,7.692060918585749e-07,5.182814163165274e-06,1.8810212508005367e-07,2.6885984488591886e-06
A,post_startup,e_hip,rad,2500,500.0000000000551,0.9765625000001076,8.015610746917983e-05,8.015610746917983e-05,9.590648308745495e-08,1.7197739265644599e-09,6.794840445639925e-05,3.5631732103357535e-07,7.277572899382043e-09
A,post_startup,e_knee,rad,2500,500.0000000000551,0.9765625000001076,4.079054897731025e-05,4.079054897731025e-05,2.3045147907087005e-07,7.0434365950291664e-09,3.1930859831781134e-05,7.446753664722376e-07,2.4151690270852364e-08
A,post_startup,e_coord,rad,2500,500.0000000000551,0.9765625000001076,0.000232594099040239,0.000232594099040239,5.720602055189489e-07,1.3638861738728376e-08,0.00017879569534740272,1.7420456980708318e-06,5.131792206172775e-08
A,post_startup,tau_total_hip,N m,2500,500.0000000000551,0.9765625000001076,1.469502513958771,1.469502513958771,0.006561651669269662,0.09312714790526312,1.1186518597501753,0.021210286258900965,0.4175936427072396
A,post_startup,tau_total_knee,N m,2500,500.0000000000551,0.9765625000001076,0.5580951346437112,0.5580951346437112,0.0020542923243820296,0.0734111163939962,0.4053092763608992,0.0056639313824572365,0.2602862262880802
A,post_startup,delta_tau_total_hip,N m/sample,2500,500.0000000000551,20.50781250000226,0.008232483645610168,0.0001689049922964009,2.0440905273041717e-05,0.005453424818589828,0.00026320599979086097,0.0001337124877244926,0.029700801805845146
A,post_startup,delta_tau_total_knee,N m/sample,2500,500.0000000000551,20.50781250000226,0.005461154554878713,6.110101443809128e-05,6.701169820049224e-06,0.004290321550065313,6.252755106946574e-05,2.3667328672069337e-05,0.018064549810855514
A,post_startup,eta_q_hip,rad,2500,500.0000000000551,0.9765625000001076,5.81721257848466e-10,5.81721257848466e-10,1.6586468816997897e-11,2.4121577200213463e-10,4.873066690999194e-10,4.52172454386498e-11,8.849342610607398e-10
A,post_startup,eta_q_knee,rad,2500,500.0000000000551,0.9765625000001076,3.4967857579677442e-09,3.4967857579677442e-09,4.5353538693051774e-11,3.8937134210418395e-10,2.8264979625276147e-09,1.2991594659760279e-10,1.428683481638682e-09
A,post_startup,eta_dq_hip,rad/s,2500,500.0000000000551,0.9765625000001076,4.0394603809794825e-06,4.0394603809794825e-06,1.1516193427801962e-07,1.6652662863215386e-06,3.386310835879316e-06,3.140419802768391e-07,6.109596985154241e-06
A,post_startup,eta_dq_knee,rad/s,2500,500.0000000000551,0.9765625000001076,2.4289547556380605e-05,2.4289547556380605e-05,3.148557590818714e-07,2.687961422103328e-06,1.964568451395558e-05,9.025715100738406e-07,9.863242477576634e-06
A,post_startup,eta_u_hip,N m,2500,500.0000000000551,0.9765625000001076,1.321656884982459e-06,1.321656884982459e-06,3.767900756068988e-08,5.449750118625633e-07,1.107852210395892e-06,1.0274387966557221e-07,1.999292900991916e-06
A,post_startup,eta_u_knee,N m,2500,500.0000000000551,0.9765625000001076,7.946885022611547e-06,7.946885022611547e-06,1.0301709431960517e-07,8.796666554788315e-07,6.427031715376475e-06,2.9528167334497075e-07,3.227643213975102e-06
A,disturbance,e_hip,rad,700,500.0000000000551,0.9765625000001076,6.372015497845534e-05,6.372015497845534e-05,4.633140586982969e-08,2.7582366564949042e-09,7.127052469263943e-05,1.4831129531688524e-07,8.04917959420908e-09
A,disturbance,e_knee,rad,700,500.0000000000551,0.9765625000001076,2.7460243588875546e-05,2.7460243588875546e-05,1.653681577297092e-07,1.2969143676693931e-08,1.635755433373569e-05,6.461946962382842e-07,3.40125328584424e-08
A,disturbance,e_coord,rad,700,500.0000000000551,0.9765625000001076,0.0001679188749775231,0.0001679188749775231,3.4558372647698317e-07,2.4948477663732357e-08,0.00011133530469241906,8.429236019428984e-07,6.767663445432466e-08
A,disturbance,tau_total_hip,N m,700,500.0000000000551,0.9765625000001076,1.2963001105617433,1.2963001105617433,0.0017386165867491162,0.1420231991577382,0.9452525751136264,0.006864181039293885,0.4502735632697271
A,disturbance,tau_total_knee,N m,700,500.0000000000551,0.9765625000001076,0.6851925829303831,0.6851925829303831,0.0015872071419126845,0.11495552027428302,0.6218602436461906,0.005499354300282246,0.3302292672114004
A,disturbance,delta_tau_total_hip,N m/sample,700,500.0000000000551,20.50781250000226,0.011490207343798475,0.0001367945255113206,5.729541943787561e-06,0.008568036655335794,0.0003547645760979344,5.493245263976063e-05,0.03234525239064301
A,disturbance,delta_tau_total_knee,N m/sample,700,500.0000000000551,20.50781250000226,0.00784346006796898,0.00010795794781717393,5.573965159015575e-06,0.006909758054121186,0.00015931277346551965,2.3228183414379762e-05,0.022925661675551455
A,disturbance,eta_q_hip,rad,700,500.0000000000551,20.50781250000226,4.4390070130394384e-10,2.710152532882673e-10,2.236910628648211e-12,4.1773319180738086e-10,2.4446485563076473e-10,1.1246216824682808e-11,1.1634325136229206e-09
A,disturbance,eta_q_knee,rad,700,500.0000000000551,0.9765625000001076,8.969982581889363e-10,8.969982581889363e-10,4.619870353855788e-12,7.328194690407553e-10,6.265281792412767e-10,2.6600764810209806e-11,2.0404193842578005e-09
A,disturbance,eta_dq_hip,rad/s,700,500.0000000000551,20.50781250000226,3.0599902366966563e-06,1.8717926648103017e-06,1.5318646057171196e-08,2.880314277117249e-06,1.6918614087474835e-06,7.752372210916702e-08,8.027964312071519e-06
A,disturbance,eta_dq_knee,rad/s,700,500.0000000000551,0.9765625000001076,6.182074920993231e-06,6.182074920993231e-06,3.141216338907667e-08,5.052816918584897e-06,4.330048520619083e-06,1.8292736964697964e-07,1.407912104741344e-05
A,disturbance,eta_u_hip,N m,700,500.0000000000551,20.50781250000226,1.0015271346801853e-06,6.128425282914229e-07,5.020698156153934e-09,9.427446507085709e-07,5.537880121331089e-07,2.5386203262108494e-08,2.6272375099485063e-06
A,disturbance,eta_u_knee,N m,700,500.0000000000551,0.9765625000001076,2.024611700674969e-06,2.024611700674969e-06,1.0304790480823189e-08,1.653819383607129e-06,1.4175769065080574e-06,5.992133142354487e-08,4.607553130214274e-06
B,full,e_hip,rad,4000,500.0000000000551,0.9765625000001076,5.272154679172254e-05,5.272154679172254e-05,5.0299874052036007e-08,1.5600421988558508e-09,4.646183802641367e-05,2.4052764684632724e-07,6.201869384025483e-09
B,full,e_knee,rad,4000,500.0000000000551,0.9765625000001076,2.57438989250664e-05,2.57438989250664e-05,1.2556611197117895e-07,6.272949437217786e-09,2.1408644093191328e-05,4.787040073584045e-07,2.036968326816487e-08
B,full,e_coord,rad,4000,500.0000000000551,0.9765625000001076,0.00014954734557299718,0.00014954734557299718,3.017619628305578e-07,1.2425206630988715e-08,0.00012024125533299765,1.1158613085103552e-06,4.366448881043503e-08
B,full,tau_total_hip,N m,4000,500.0000000000551,0.9765625000001076,1.211134270910231,1.211134270910231,0.0036298552596655586,0.08959958011807044,0.9474341369167747,0.01388824314312231,0.37014589073260434
B,full,tau_total_knee,N m,4000,500.0000000000551,0.9765625000001076,0.4485901062699134,0.4485901062699134,0.0011901155787328512,0.06266176406826628,0.3095003840617866,0.0036817663944327494,0.2130225635746968
B,full,delta_tau_total_hip,N m/sample,4000,500.0000000000551,20.50781250000226,0.007721369986884238,0.00013293381238591468,1.1332794247899638e-05,0.0052730874247581315,0.0002025040126145619,9.839018706428228e-05,0.026149915709557204
B,full,delta_tau_total_knee,N m/sample,4000,500.0000000000551,20.50781250000226,0.004587575956308559,4.8980251738795556e-05,4.198123320412764e-06,0.003679970895282817,4.3532677329894594e-05,1.5841897587332364e-05,0.014782903054892388
B,full,eta_q_hip,rad,4000,500.0000000000551,0.9765625000001076,2.5691303305130492e-08,2.5691303305130492e-08,7.1371511322062674e-12,1.8754393798386684e-10,1.2643262884751708e-08,2.0603745666657554e-11,6.644303492676955e-10
B,full,eta_q_knee,rad,4000,500.0000000000551,0.9765625000001076,5.86711389121838e-08,5.86711389121838e-08,2.6780522355036095e-11,3.4036404181547363e-10,2.943137210222181e-08,8.156163228039896e-11,1.191052986905817e-09
B,full,eta_dq_hip,rad/s,4000,500.0000000000551,0.9765625000001076,2.643508802156788e-06,2.643508802156788e-06,7.131588414635157e-08,1.8439153538488496e-06,2.2774734877408225e-06,2.0570359841610623e-07,6.522517487513451e-06
B,full,eta_dq_knee,rad/s,4000,500.0000000000551,0.9765625000001076,1.509409493120457e-05,1.509409493120457e-05,1.8610107945494262e-07,2.3511091163165903e-06,1.2813752987505675e-05,5.66358278924421e-07,8.225404502688045e-06
B,full,eta_u_hip,N m,4000,500.0000000000551,0.9765625000001076,1.7383637925009888e-06,1.7383637925009888e-06,2.2366503667449384e-08,5.792914616092084e-07,1.158242634067683e-06,6.451972037735495e-08,2.0494703592307743e-06
B,full,eta_u_knee,N m,4000,500.0000000000551,0.9765625000001076,6.993278745265189e-06,6.993278745265189e-06,6.088244671551387e-08,7.693652837251426e-07,5.195586760760878e-06,1.8529852838663299e-07,2.691569034311376e-06
B,post_startup,e_hip,rad,2500,500.0000000000551,0.9765625000001076,7.865172116240578e-05,7.865172116240578e-05,9.181467828820791e-08,1.7103817300883072e-09,6.697684937927705e-05,3.4525183777645074e-07,7.265788871468519e-09
B,post_startup,e_knee,rad,2500,500.0000000000551,0.9765625000001076,4.080620126415297e-05,4.080620126415297e-05,2.2380636978907977e-07,7.042567908666433e-09,3.199184884139334e-05,7.314069392506852e-07,2.4169954718987783e-08
B,post_startup,e_coord,rad,2500,500.0000000000551,0.9765625000001076,0.00022994696493116668,0.00022994696493116668,5.547166600081235e-07,1.3618591562736637e-08,0.00017696106068085767,1.7026654921162315e-06,5.133681856875265e-08
B,post_startup,tau_total_hip,N m,2500,500.0000000000551,0.9765625000001076,1.4700102430613609,1.4700102430613609,0.006115567645325018,0.09292894102908789,1.1184153570634285,0.020315032523716678,0.4178477796933917
B,post_startup,tau_total_knee,N m,2500,500.0000000000551,0.9765625000001076,0.5581124734891408,0.5581124734891408,0.001986168747811734,0.07344152788307153,0.4060158302948278,0.005557273679214817,0.2603154576483134
B,post_startup,delta_tau_total_hip,N m/sample,2500,500.0000000000551,20.50781250000226,0.008240481208816746,0.00016868194267096254,1.9007636385095563e-05,0.005442127514287328,0.0002633632190269943,0.0001325593765590577,0.029727941610638124
B,post_startup,delta_tau_total_knee,N m/sample,2500,500.0000000000551,20.50781250000226,0.00546003008430296,6.114926764267775e-05,6.489389328621088e-06,0.004292075745509315,6.289837158627117e-05,2.3433487256475996e-05,0.018065935244316718
B,post_startup,eta_q_hip,rad,2500,500.0000000000551,0.9765625000001076,4.057502237694451e-10,4.057502237694451e-10,1.1455919536394637e-11,2.1641177924650763e-10,3.4219456529159916e-10,3.200475391038185e-11,8.049594723613497e-10
B,post_startup,eta_q_knee,rad,2500,500.0000000000551,0.9765625000001076,3.5002323292959567e-09,3.5002323292959567e-09,4.423834959966524e-11,3.894122150383862e-10,2.833086120485547e-09,1.278607945089649e-10,1.4301980608975265e-09
B,post_startup,eta_dq_hip,rad/s,2500,500.0000000000551,0.9765625000001076,4.057349690389987e-06,4.057349690389987e-06,1.1444878048761775e-07,2.1275051849034806e-06,3.4221752914668014e-06,3.195870134957064e-07,7.901087731976588e-06
B,post_startup,eta_dq_knee,rad/s,2500,500.0000000000551,0.9765625000001076,2.4313589796012135e-05,2.4313589796012135e-05,3.071171352597706e-07,2.688238221680677e-06,1.9691588717917994e-05,8.882944446040565e-07,9.873697224259595e-06
B,post_startup,eta_u_hip,N m,2500,500.0000000000551,0.9765625000001076,1.272389942613346e-06,1.272389942613346e-06,3.589480485944026e-08,6.683934027196319e-07,1.0731863558143749e-06,1.0023775476976174e-07,2.4826703377010136e-06
B,post_startup,eta_u_knee,N m,2500,500.0000000000551,0.9765625000001076,7.954746806824377e-06,7.954746806824377e-06,1.0048497207640282e-07,8.797574499323796e-07,6.442044478531525e-06,2.9061072866973357e-07,3.2310642908855464e-06
B,disturbance,e_hip,rad,700,500.0000000000551,0.9765625000001076,6.340500649711062e-05,6.340500649711062e-05,4.417786515255376e-08,2.734387443100464e-09,7.207750774151068e-05,1.391563677400286e-07,8.002752365479966e-09
B,disturbance,e_knee,rad,700,500.0000000000551,0.9765625000001076,2.7449314988117455e-05,2.7449314988117455e-05,1.579795440690511e-07,1.295464610102194e-08,1.636415793962898e-05,6.366983362657882e-07,3.397719409165182e-08
B,disturbance,e_coord,rad,700,500.0000000000551,0.9765625000001076,0.00016694085990849098,0.00016694085990849098,3.3235328746796e-07,2.4861410823842798e-08,0.00011159396761128792,8.113627506159156e-07,6.75084267216783e-08
B,disturbance,tau_total_hip,N m,700,500.0000000000551,0.9765625000001076,1.2985307804376816,1.2985307804376816,0.0015953299796120485,0.14135148876709727,0.9568203409312985,0.006845017082170641,0.4499813233256827
B,disturbance,tau_total_knee,N m,700,500.0000000000551,0.9765625000001076,0.685311223775268,0.685311223775268,0.0014623683534737409,0.11503782580670772,0.6230707104974164,0.00529942632059954,0.33024900382238526
B,disturbance,delta_tau_total_hip,N m/sample,700,500.0000000000551,20.50781250000226,0.01150630195131849,0.0001378734422275363,5.312480182523271e-06,0.008529168538293198,0.00036043246427996977,5.5941487747432366e-05,0.032342610523693666
B,disturbance,delta_tau_total_knee,N m/sample,700,500.0000000000551,20.50781250000226,0.007838197286136895,0.00010791427235393022,5.168393168410435e-06,0.006914483556743489,0.00016012284190717552,2.1816794842392177e-05,0.022922486844594626
B,disturbance,eta_q_hip,rad,700,500.0000000000551,20.50781250000226,4.0562529950401214e-10,1.8473073039109587e-10,1.4216185553601246e-12,3.755213466689997e-10,1.6854154958724884e-10,7.899722936044718e-12,1.057426665447478e-09
B,disturbance,eta_q_knee,rad,700,500.0000000000551,0.9765625000001076,8.970921433553226e-10,8.970921433553226e-10,4.4211831890976874e-12,7.321104078109805e-10,6.288487440326942e-10,2.6097179995468533e-11,2.040582215395026e-09
B,disturbance,eta_dq_hip,rad/s,700,500.0000000000551,20.50781250000226,3.978005075534825e-06,1.8442672651642503e-06,1.415949090139892e-08,3.6887101750839576e-06,1.683605543914367e-06,7.866286893591268e-08,1.0377468143162279e-05
B,disturbance,eta_dq_knee,rad/s,700,500.0000000000551,0.9765625000001076,6.182780605706425e-06,6.182780605706425e-06,3.005252580241292e-08,5.047912716450062e-06,4.346276359496517e-06,1.7947479884696039e-07,1.4080289196511626e-05
B,disturbance,eta_u_hip,N m,700,500.0000000000551,20.50781250000226,1.250081629063985e-06,5.784643220665403e-07,4.442314492876767e-09,1.1589737534802812e-06,5.280394527254005e-07,2.4679812541152697e-08,3.260855323130283e-06
B,disturbance,eta_u_knee,N m,700,500.0000000000551,0.9765625000001076,2.0248403865774866e-06,2.0248403865774866e-06,9.859125862607019e-09,1.6522147617136798e-06,1.4228816908140108e-06,5.878994793052715e-08,4.6079328013598055e-06
C,full,e_hip,rad,4000,500.0000000000551,0.9765625000001076,5.3564169363747525e-05,5.3564169363747525e-05,5.477424817338897e-08,1.5723739592705147e-09,4.67741335069019e-05,2.502244510895919e-07,6.185848986531121e-09
C,full,e_knee,rad,4000,500.0000000000551,0.9765625000001076,2.8506891546707917e-05,2.8506891546707917e-05,1.4590956098142662e-07,6.069224022636787e-09,2.3585686266311077e-05,5.389516539557817e-07,1.951562043979769e-08
C,full,e_coord,rad,4000,500.0000000000551,0.9765625000001076,0.00015745158134040555,0.00015745158134040555,3.4394489888737175e-07,1.2188776954651524e-08,0.00012617073338403034,1.240742145790523e-06,4.24452950056809e-08
C,full,tau_total_hip,N m,4000,500.0000000000551,0.9765625000001076,1.2101289180162327,1.2101289180162327,0.0038391722561274965,0.0899152484239943,0.94152993319136,0.014164686758011278,0.3700247067220983
C,full,tau_total_knee,N m,4000,500.0000000000551,0.9765625000001076,0.44815904548659796,0.44815904548659796,0.0014122550651313147,0.06066286708436282,0.3091904035564889,0.004149374621957742,0.20564852731267905
C,full,delta_tau_total_hip,N m/sample,4000,500.0000000000551,20.50781250000226,0.007707676040780082,0.00013253981931637778,1.2015996923835165e-05,0.0052910997118955265,0.000197528382891574,9.805096347879333e-05,0.026128788965772417
C,full,delta_tau_total_knee,N m/sample,4000,500.0000000000551,20.50781250000226,0.004434782819251069,4.883780652935181e-05,4.96121565231195e-06,0.003562377581780412,4.3294899743284146e-05,1.7553116478272502e-05,0.014328983940560652
C,full,eta_q_hip,rad,4000,500.0000000000551,0.9765625000001076,2.5783884916407712e-08,2.5783884916407712e-08,1.0797113094955528e-11,2.0604504644448778e-10,1.2728100549348262e-08,3.026495728114335e-11,7.198061147928065e-10
C,full,eta_q_knee,rad,4000,500.0000000000551,0.9765625000001076,5.99350061332423e-08,5.99350061332423e-08,4.20975142529178e-11,3.5689466573212484e-10,3.048143007576826e-08,1.26012286903847e-10,1.227931425501319e-09
C,full,eta_dq_hip,rad/s,4000,500.0000000000551,0.9765625000001076,2.618788166383162e-06,2.618788166383162e-06,7.502480172089017e-08,1.4233366568160832e-06,2.2393952734561643e-06,2.101357700966434e-07,4.971077709780587e-06
C,full,eta_dq_knee,rad/s,4000,500.0000000000551,0.9765625000001076,1.4677566734726828e-05,1.4677566734726828e-05,1.7977794686723767e-07,1.5655315185631766e-06,1.2350876567368162e-05,5.375973291215771e-07,5.402773392986862e-06
C,full,eta_u_hip,N m,4000,500.0000000000551,0.9765625000001076,1.7621089245963182e-06,1.7621089245963182e-06,2.4544388689303755e-08,4.657636518661646e-07,1.1747184349325656e-06,6.875149944863561e-08,1.6266638513386182e-06
C,full,eta_u_knee,N m,4000,500.0000000000551,0.9765625000001076,7.192471966233546e-06,7.192471966233546e-06,6.295440657844384e-08,5.443085789388357e-07,5.328155152434803e-06,1.882771163561227e-07,1.8770401661289735e-06
C,post_startup,e_hip,rad,2500,500.0000000000551,0.9765625000001076,7.99842013124691e-05,7.99842013124691e-05,1.0055085379313801e-07,1.728547878885305e-09,6.743154921652859e-05,3.60942942192529e-07,7.252021369480637e-09
C,post_startup,e_knee,rad,2500,500.0000000000551,0.9765625000001076,4.523914412465308e-05,4.523914412465308e-05,2.611067275213297e-07,6.826338391067484e-09,3.524215891411346e-05,8.250816079186237e-07,2.3204519110620584e-08
C,post_startup,e_coord,rad,2500,500.0000000000551,0.9765625000001076,0.00024255042730477497,0.00024255042730477497,6.33943700525316e-07,1.338604636147889e-08,0.00018596653392333336,1.8995133163319467e-06,4.996818622116323e-08
C,post_startup,tau_total_hip,N m,2500,500.0000000000551,0.9765625000001076,1.4689466375159148,1.4689466375159148,0.006533133140836568,0.09338996940377514,1.1116592566916252,0.02087934228553649,0.41782188845237006
C,post_startup,tau_total_knee,N m,2500,500.0000000000551,0.9765625000001076,0.5574476435213728,0.5574476435213728,0.0023736977904757115,0.07124073487140009,0.40500059475724604,0.006305661054289788,0.2516546592154958
C,post_startup,delta_tau_total_hip,N m/sample,2500,500.0000000000551,20.50781250000226,0.008224677280310315,0.00016837472892771685,2.0359502609761772e-05,0.005468469644683109,0.00025602172904965874,0.000132717556696979,0.029710205940057424
C,post_startup,delta_tau_total_knee,N m/sample,2500,500.0000000000551,20.50781250000226,0.005290531803506951,6.106528851724987e-05,7.776491960042588e-06,0.0041633649895144766,6.231990934063e-05,2.61146710822288e-05,0.017516903680811192
C,post_startup,eta_q_hip,rad,2500,500.0000000000551,0.9765625000001076,5.80239837744303e-10,5.80239837744303e-10,1.748271415492643e-11,2.3823715382383534e-10,4.842292396028418e-10,4.7305399852141036e-11,8.7219798627586e-10
C,post_startup,eta_q_knee,rad,2500,500.0000000000551,0.9765625000001076,5.556120902771955e-09,5.556120902771955e-09,7.00463675787879e-11,4.09208181286924e-10,4.446739107012335e-09,1.9786356108500236e-10,1.4746388957319842e-09
C,post_startup,eta_dq_hip,rad/s,2500,500.0000000000551,0.9765625000001076,4.029164287679892e-06,4.029164287679892e-06,1.2138298737854543e-07,1.6447046056452525e-06,3.364906202956139e-06,3.285336587408625e-07,6.02168212769793e-06
C,post_startup,eta_dq_knee,rad/s,2500,500.0000000000551,0.9765625000001076,2.36512498596273e-05,2.36512498596273e-05,2.9845343670731994e-07,1.7923485274340304e-06,1.8958051957551638e-05,8.449601265140978e-07,6.484392174293526e-06
C,post_startup,eta_u_hip,N m,2500,500.0000000000551,0.9765625000001076,1.3182885231158325e-06,1.3182885231158325e-06,3.971449698673278e-08,5.382459415201246e-07,1.1008503718946832e-06,1.0748548148272181e-07,1.970522793645524e-06
C,post_startup,eta_u_knee,N m,2500,500.0000000000551,0.9765625000001076,8.287813245469597e-06,8.287813245469597e-06,1.0454967617989199e-07,6.233151203306923e-07,6.641594411019386e-06,2.9588023670019945e-07,2.2529993185752486e-06
C,disturbance,e_hip,rad,700,500.0000000000551,0.9765625000001076,6.345123444594287e-05,6.345123444594287e-05,5.037254202938163e-08,2.7626977059333186e-09,6.918158706409772e-05,1.4125797677039716e-07,7.98621891487885e-09
C,disturbance,e_knee,rad,700,500.0000000000551,0.9765625000001076,2.9737137741018522e-05,2.9737137741018522e-05,1.8910569755326894e-07,1.2635481282073325e-08,1.7441439789568232e-05,6.949864026038188e-07,3.282606627160163e-08
C,disturbance,e_coord,rad,700,500.0000000000551,0.9765625000001076,0.00017274312275399067,0.00017274312275399067,3.9297855163671827e-07,2.452160838066548e-08,0.00011252103081441674,9.354095330149359e-07,6.584064350721234e-08
C,disturbance,tau_total_hip,N m,700,500.0000000000551,0.9765625000001076,1.2974516847925277,1.2974516847925277,0.0018383451944861805,0.14265631056693018,0.9314492218703683,0.006898875318620918,0.45111584434364643
C,disturbance,tau_total_knee,N m,700,500.0000000000551,0.9765625000001076,0.682205180242633,0.682205180242633,0.0017889194142672806,0.11177168946763982,0.6124594285398495,0.005935887189418518,0.3202506263029431
C,disturbance,delta_tau_total_hip,N m/sample,700,500.0000000000551,20.50781250000226,0.011507053007536213,0.00013764157569552807,6.134787369223666e-06,0.008605977864932434,0.00033565184878882424,5.722142681972929e-05,0.032395373392027624
C,disturbance,delta_tau_total_knee,N m/sample,700,500.0000000000551,20.50781250000226,0.007603345404940476,0.00010631625136448138,6.334212973259666e-06,0.006717521715524515,0.00015451850056359592,2.6208503499800118e-05,0.022246718431319434
C,disturbance,eta_q_hip,rad,700,500.0000000000551,20.50781250000226,4.3778105045847197e-10,2.70182716045059e-10,2.6618366530301225e-12,4.1303270297298933e-10,2.393384333890798e-10,1.3122201684717796e-11,1.1470258157364056e-09
C,disturbance,eta_q_knee,rad,700,500.0000000000551,0.9765625000001076,1.5040209168916737e-09,1.5040209168916737e-09,8.151986657125854e-12,7.678932568984225e-10,1.005236231839325e-09,4.413808498836838e-11,2.1059318599750328e-09
C,disturbance,eta_dq_hip,rad/s,700,500.0000000000551,20.50781250000226,3.0177779002455955e-06,1.8660116243282835e-06,1.8246193677814686e-08,2.8478983951379555e-06,1.6562312285356474e-06,9.050416604008165e-08,7.914747054879049e-06
C,disturbance,eta_dq_knee,rad/s,700,500.0000000000551,0.9765625000001076,6.289815797790017e-06,6.289815797790017e-06,3.306066952232943e-08,3.3586220113592697e-06,4.229489999355447e-06,1.8443389699915727e-07,9.250579896801161e-06
C,disturbance,eta_u_hip,N m,700,500.0000000000551,20.50781250000226,9.877122946611063e-07,6.109510438539307e-07,5.979468464682459e-09,9.321349951215566e-07,5.421316953884448e-07,2.963487181090314e-08,2.5901872890472464e-06
C,disturbance,eta_u_knee,N m,700,500.0000000000551,0.9765625000001076,2.2101741135724626e-06,2.2101741135724626e-06,1.167136452262884e-08,1.1681490136398895e-06,1.4847682169778407e-06,6.479150349009899e-08,3.2145996712730943e-06
D,full,e_hip,rad,4000,500.0000000000551,0.9765625000001076,5.260356979450318e-05,5.260356979450318e-05,5.2526905180424884e-08,1.5650041140222257e-09,4.611770806073564e-05,2.429834091965949e-07,6.180915855556566e-09
D,full,e_knee,rad,4000,500.0000000000551,0.9765625000001076,2.853701424399409e-05,2.853701424399409e-05,1.4144699076664412e-07,6.06951266734673e-09,2.365104218520141e-05,5.293031800969804e-07,1.9533508856409235e-08
D,full,e_coord,rad,4000,500.0000000000551,0.9765625000001076,0.00015576925346119262,0.00015576925346119262,3.3331545031174416e-07,1.2174588726995284e-08,0.00012497195597848572,1.2133901853244424e-06,4.247639411263791e-08
D,full,tau_total_hip,N m,4000,500.0000000000551,0.9765625000001076,1.2107744443904325,1.2107744443904325,0.003592205886705197,0.08977562705798885,0.9418816760916414,0.013639349864168543,0.3703189675893852
D,full,tau_total_knee,N m,4000,500.0000000000551,0.9765625000001076,0.44810347975340065,0.44810347975340065,0.0013638190315899527,0.06067893835755922,0.3094264680185158,0.004069179190542428,0.20566730951262202
D,full,delta_tau_total_hip,N m/sample,4000,500.0000000000551,20.50781250000226,0.007715991908756418,0.00013260643825893024,1.1214177698994884e-05,0.005283134530991243,0.00019776805202009046,9.73707044755485e-05,0.026156698237034672
D,full,delta_tau_total_knee,N m/sample,4000,500.0000000000551,20.50781250000226,0.004434334153200278,4.8828075234720886e-05,4.801798788192799e-06,0.003563296803635607,4.3448253137854165e-05,1.734716252192022e-05,0.014329869770339553
D,full,eta_q_hip,rad,4000,500.0000000000551,0.9765625000001076,2.5691374273026894e-08,2.5691374273026894e-08,7.471340973223049e-12,1.85087823048078e-10,1.264208917049493e-08,2.1457081492052786e-11,6.546845683468525e-10
D,full,eta_q_knee,rad,4000,500.0000000000551,0.9765625000001076,5.994253686502194e-08,5.994253686502194e-08,4.095132465868669e-11,3.5698329677946065e-10,3.049123692949784e-08,1.2390418292668176e-10,1.2292795441567858e-09
D,full,eta_dq_hip,rad/s,4000,500.0000000000551,0.9765625000001076,2.6351551198650965e-06,2.6351551198650965e-06,7.46545615748745e-08,1.819769333212092e-06,2.2613115360057177e-06,2.142193631043608e-07,6.426786552752572e-06
D,full,eta_dq_knee,rad/s,4000,500.0000000000551,0.9765625000001076,1.4699609651518456e-05,1.4699609651518456e-05,1.748862120865937e-07,1.5659194930878219e-06,1.2387822626660264e-05,5.286084425960854e-07,5.408705302884839e-06
D,full,eta_u_hip,N m,4000,500.0000000000551,0.9765625000001076,1.736049005270125e-06,1.736049005270125e-06,2.3413619872468015e-08,5.717055797320375e-07,1.1533231149878505e-06,6.719084826532064e-08,2.019392196300331e-06
D,full,eta_u_knee,N m,4000,500.0000000000551,0.9765625000001076,7.20074884550533e-06,7.20074884550533e-06,6.124125362074339e-08,5.44443489848462e-07,5.341366510821913e-06,1.8512846586378044e-07,1.8791006936989924e-06
D,post_startup,e_hip,rad,2500,500.0000000000551,0.9765625000001076,7.84971341285913e-05,7.84971341285913e-05,9.624621388993996e-08,1.7198071003074643e-09,6.647810602767892e-05,3.5030698185433027e-07,7.242262146667044e-09
D,post_startup,e_knee,rad,2500,500.0000000000551,0.9765625000001076,4.525670913613203e-05,4.525670913613203e-05,2.529760869536761e-07,6.825473060651458e-09,3.5308903475169456e-05,8.097953805077101e-07,2.3222392770666393e-08
D,post_startup,e_coord,rad,2500,500.0000000000551,0.9765625000001076,0.00023985695120435545,0.00023985695120435545,6.135848396702788e-07,1.3366908306442932e-08,0.00018411416512172397,1.8564826574462695e-06,4.9989317917379275e-08
D,post_startup,tau_total_hip,N m,2500,500.0000000000551,0.9765625000001076,1.4694984895080665,1.4694984895080665,0.006083045889269534,0.09320654899405709,1.111508794261974,0.019996453244417685,0.4180848485245042
D,post_startup,tau_total_knee,N m,2500,500.0000000000551,0.9765625000001076,0.557461980724055,0.557461980724055,0.002287853635668723,0.07126941258836911,0.40572438955393747,0.006174093961699879,0.25168248990012076
D,post_startup,delta_tau_total_hip,N m/sample,2500,500.0000000000551,20.50781250000226,0.00823151755179553,0.00016820181179185716,1.889663989882597e-05,0.005458009878194262,0.0002562890475704969,0.00013128566099981324,0.02973780476525223
D,post_startup,delta_tau_total_knee,N m/sample,2500,500.0000000000551,20.50781250000226,0.005289575090177727,6.111442700963709e-05,7.503030092857457e-06,0.004165019868459129,6.271203596832353e-05,2.5725327563634374e-05,0.017517902055406986
D,post_startup,eta_q_hip,rad,2500,500.0000000000551,0.9765625000001076,4.0471163779945137e-10,4.0471163779945137e-10,1.2038448129026025e-11,2.1374088342195587e-10,3.400339457233885e-10,3.341294066252554e-11,7.93332664772984e-10
D,post_startup,eta_q_knee,rad,2500,500.0000000000551,0.9765625000001076,5.561347225886532e-09,5.561347225886532e-09,6.812252605405443e-11,4.0926182829786287e-10,4.45685215181594e-09,1.9436732375819058e-10,1.4761476082384149e-09
D,post_startup,eta_dq_hip,rad/s,2500,500.0000000000551,0.9765625000001076,4.046960898382422e-06,4.046960898382422e-06,1.2026768629386548e-07,2.101250048093741e-06,3.400564505737959e-06,3.3364359149227354e-07,7.786938539220421e-06
D,post_startup,eta_dq_knee,rad/s,2500,500.0000000000551,0.9765625000001076,2.3673739444182153e-05,2.3673739444182153e-05,2.9025910975522527e-07,1.7925779748914579e-06,1.9001453936955228e-05,8.300500566178382e-07,6.491037201331322e-06
D,post_startup,eta_u_hip,N m,2500,500.0000000000551,0.9765625000001076,1.2691321162849674e-06,1.2691321162849674e-06,3.771982588062951e-08,6.601448212831039e-07,1.0664093688995873e-06,1.0464673726048108e-07,2.4468033177008195e-06
D,post_startup,eta_u_knee,N m,2500,500.0000000000551,0.9765625000001076,8.295680746048915e-06,8.295680746048915e-06,1.0167902285576479e-07,6.233951446047344e-07,6.656783726040119e-06,2.906576530006805e-07,2.2553070970706286e-06
D,disturbance,e_hip,rad,700,500.0000000000551,0.9765625000001076,6.309671526524755e-05,6.309671526524755e-05,4.7537998627535944e-08,2.738689509703062e-09,6.999281002757903e-05,1.323401366017132e-07,7.935786190840927e-09
D,disturbance,e_knee,rad,700,500.0000000000551,0.9765625000001076,2.972690607768683e-05,2.972690607768683e-05,1.8010938032200444e-07,1.2626200413622142e-08,1.7459280373249154e-05,6.839263454239715e-07,3.2802775809610857e-08
D,disturbance,e_coord,rad,700,500.0000000000551,0.9765625000001076,0.00017166543333255744,0.00017166543333255744,3.7620174136155883e-07,2.4445161943137497e-08,0.0001127331404317399,8.979837912793533e-07,6.568726870160802e-08
D,disturbance,tau_total_hip,N m,700,500.0000000000551,0.9765625000001076,1.2994063294526799,1.2994063294526799,0.001631606473206125,0.14204594029975443,0.9432339351870624,0.006710621431343371,0.4508000338525655
D,disturbance,tau_total_knee,N m,700,500.0000000000551,0.9765625000001076,0.6823670463189233,0.6823670463189233,0.00162856591115561,0.1118637206511511,0.6139134216981114,0.0056285304491513755,0.32030262294293405
D,disturbance,delta_tau_total_hip,N m/sample,700,500.0000000000551,20.50781250000226,0.011521574422673422,0.00013869843520565892,5.489112632353964e-06,0.008570678077539475,0.0003421166773505173,5.601209213990596e-05,0.03238535680090279
D,disturbance,delta_tau_total_knee,N m/sample,700,500.0000000000551,20.50781250000226,0.007598867130904339,0.00010628261966490882,5.776700720376378e-06,0.006722844798422213,0.00015552261290241532,2.364642498081984e-05,0.022245399760055875
D,disturbance,eta_q_hip,rad,700,500.0000000000551,20.50781250000226,4.0007684271398617e-10,1.8420173016595903e-10,1.6744749913097076e-12,3.7144493221637756e-10,1.6509577882581575e-10,8.856333375841176e-12,1.0426827844289185e-09
D,disturbance,eta_q_knee,rad,700,500.0000000000551,0.9765625000001076,1.5043913452871091e-09,1.5043913452871091e-09,7.718479063886144e-12,7.674640307807596e-10,1.0093411136044107e-09,4.2152879413246366e-11,2.1065387687475035e-09
D,disturbance,eta_dq_hip,rad/s,700,500.0000000000551,20.50781250000226,3.923584398644046e-06,1.8389848491942302e-06,1.6680859322061988e-08,3.648669870179459e-06,1.6491537187526992e-06,8.820642624422837e-08,1.0232863216441882e-05
D,disturbance,eta_dq_knee,rad/s,700,500.0000000000551,0.9765625000001076,6.2916272158411615e-06,6.2916272158411615e-06,3.1274552812077284e-08,3.3567328499904196e-06,4.247276408257442e-06,1.7606956130508206e-07,9.253374671519959e-06
D,disturbance,eta_u_hip,N m,700,500.0000000000551,20.50781250000226,1.2329802460901745e-06,5.768075016012974e-07,5.233256171595383e-09,1.1463932343068213e-06,5.172351655199154e-07,2.767342363088441e-08,3.2154140580201184e-06
D,disturbance,eta_u_knee,N m,700,500.0000000000551,0.9765625000001076,2.210796211172986e-06,2.210796211172986e-06,1.1042422790296542e-08,1.1674922709416334e-06,1.490983457923463e-06,6.18575497525627e-08,3.2155620725410476e-06
