method,repeat,log_path,window,n,dt_median,d_k_total_rms,d_k_total_peak_abs,d_k_total_mean,d_k_config_rms,d_k_config_peak_abs,d_k_config_mean,d_k_from_hip_acc_rms,d_k_from_hip_acc_peak_abs,d_k_from_hip_acc_mean,d_k_from_hip_vel_rms,d_k_from_hip_vel_peak_abs,d_k_from_hip_vel_mean,d_k_from_hip_dynamic_rms,d_k_from_hip_dynamic_peak_abs,d_k_from_hip_dynamic_mean,d_k_self_acc_err_rms,d_k_self_acc_err_peak_abs,d_k_self_acc_err_mean,d_k_vel_residual_rms,d_k_vel_residual_peak_abs,d_k_vel_residual_mean,d_k_recon_err_rms,d_k_recon_err_peak_abs,d_k_recon_err_mean,d_h_total_rms,d_h_total_peak_abs,d_h_total_mean,d_h_config_rms,d_h_config_peak_abs,d_h_config_mean,d_h_from_knee_acc_rms,d_h_from_knee_acc_peak_abs,d_h_from_knee_acc_mean,d_h_from_knee_vel_rms,d_h_from_knee_vel_peak_abs,d_h_from_knee_vel_mean,d_h_from_knee_dynamic_rms,d_h_from_knee_dynamic_peak_abs,d_h_from_knee_dynamic_mean,d_h_self_acc_err_rms,d_h_self_acc_err_peak_abs,d_h_self_acc_err_mean,d_h_vel_residual_rms,d_h_vel_residual_peak_abs,d_h_vel_residual_mean,d_h_recon_err_rms,d_h_recon_err_peak_abs,d_h_recon_err_mean
eid,r01,data\20260623_191351\h1_real_p2_anti_hip_knee_eid_log.csv,steady_3_7p4,2151,0.0020320964999882563,1.3961992351999366,4.737163367476194,0.49789606963285316,0.9368003717435673,1.7750483081525317,0.6243106552452301,1.732627761607634,5.362785537310934,-0.17122226360876674,0.060404799902942174,0.14889584699054192,0.04480767813450778,1.7405489198545612,5.319154463485455,-0.126414585474259,2.9526492499665764e-09,7.751928876587044e-09,-1.3811795651156977e-10,0.06040479990294209,0.1488958469905417,0.04480767813450768,3.1720012085388063e-16,2.6645352591003757e-15,-1.3548746813765858e-18,2.6857269384271967,7.621953711509794,-1.3608182575265102,1.6827405341881427,2.6089367938868424,-1.4768032024978819,2.958487731804189,8.031532819351003,0.2102713886492051,0.05471739622002799,0.14036510206492903,0.03994668511296647,2.9552540309935154,8.080247026622866,0.25021807376217164,0.38353599329895033,1.4232894038462547,-0.13423312879079985,0.05471739622002796,0.14036510206492947,0.03994668511296643,6.621991060087815e-16,3.1086244689504383e-15,-1.578106414593871e-17
eid,r01,data\20260623_191351\h1_real_p2_anti_hip_knee_eid_log.csv,early_3_4,488,0.0020320964999882563,1.1811495700443402,2.9424395006949604,0.5346032637541537,0.9027694317506495,1.465067862702575,0.485534784584805,1.6213713254889317,3.2801974684057864,0.010716157328044259,0.05506725777774719,0.1314257502651568,0.03835232165339432,1.6343516446941557,3.2755914380903306,0.04906847898143869,2.654218705510232e-09,6.973533750453953e-09,1.879101236769534e-10,0.055067257777747104,0.1314257502651568,0.038352321653394236,2.701724255916057e-16,1.5543122344752192e-15,-1.8513196440342647e-17,2.3925356743507527,6.617575125223239,-1.5200357900609538,1.6047529412487853,2.457976308355456,-1.3346301827339029,2.605238775633947,6.479337847105988,-0.092866308987353,0.05097755941441199,0.1271054226795183,0.035007100767708146,2.593822458479486,6.431192021008992,-0.05785920821964489,0.32055867869446825,0.890286667542247,-0.12754639910740587,0.05097755941441198,0.1271054226795183,0.035007100767708084,5.816273584067112e-16,2.220446049250313e-15,2.7300566179307128e-18
eid,r01,data\20260623_191351\h1_real_p2_anti_hip_knee_eid_log.csv,middle_4_5p4,683,0.0020320964999882563,1.5681643006979957,4.737163367476194,0.5864640705498646,0.9524680793147605,1.7750483081525317,0.6662063606587602,1.8307552573160417,5.362785537310934,-0.12663026345929093,0.061922299109249235,0.14889584699054192,0.04688797353808748,1.837164942273617,5.319154463485455,-0.07974228992120334,2.974232066831928e-09,7.751928876587044e-09,-1.8769205086112403e-10,0.06192229910924916,0.1488958469905417,0.04688797353808739,3.41868892448108e-16,2.6645352591003757e-15,1.2394510340800612e-17,2.7348837017460097,6.218844083219634,-1.2966632697603926,1.6618419289675783,2.6089367938868424,-1.4745538957962823,2.9938275292374166,8.031532819351003,0.24885998840793708,0.05494711627025348,0.14036510206492903,0.04051261810671643,2.997019367186054,8.080247026622866,0.2893726065146535,0.4168492643865074,1.4232894038462547,-0.11148198047876377,0.05494711627025344,0.14036510206492947,0.04051261810671638,6.512195896504401e-16,2.6645352591003757e-15,5.648645696299296e-18
eid,r01,data\20260623_191351\h1_real_p2_anti_hip_knee_eid_log.csv,late_5p4_7p4,980,0.0020320964999882563,1.3675137281887824,3.728287730634632,0.417890911104778,0.9424110469346073,1.4844850408156258,0.6642166328828286,1.7158434437551042,4.385565384806289,-0.29289806515902783,0.061856906428307684,0.13411443897626452,0.04657234364689393,1.7225198819638963,4.368694602640475,-0.24632572151213397,3.076069169622211e-09,7.573734528421028e-09,-2.659165245638695e-10,0.06185690642830759,0.13411443897626452,0.04657234364689382,3.209981414739739e-16,2.220446049250313e-15,-2.393210346449636e-18,2.7872631110218573,7.621953711509794,-1.3262465236157448,1.7343581896646185,2.5018764269896683,-1.5491671924183048,3.095920764130344,7.695363189432193,0.33432769764045667,0.056331787799296755,0.12434621217526143,0.04201197585353264,3.091760170298153,7.724955133866375,0.37633967349398917,0.38806902375060043,1.164379320210971,-0.1534190046914294,0.056331787799296734,0.12434621217526054,0.042011975853532606,7.0601849363994055e-16,3.1086244689504383e-15,-3.9934042467384455e-17
eid,r02,data\20260623_191422\h1_real_p2_anti_hip_knee_eid_log.csv,steady_3_7p4,2149,0.002032382000152211,1.5607931916067272,5.660431786436959,0.49768060981407614,0.9372225305469244,1.8094239314971656,0.624943483509707,1.8706898006359969,6.435212131712088,-0.17238931023673998,0.060959463079587536,0.16216467915618327,0.0451264366830173,1.8781739876988794,6.401776732412398,-0.12726287355372273,3.2339854113040415e-09,9.142714141319175e-09,-1.419079337195091e-10,0.06095946307958747,0.16216467915618304,0.04512643668301722,3.369435395461314e-16,2.6645352591003757e-15,-3.929564393231781e-18,2.946837076775937,7.4211290113506045,-1.358798565587645,1.6840876534504876,2.688745412595888,-1.4784024774759215,3.2560437281378674,9.563022357205485,0.21464201889325715,0.055021266275122556,0.15574409005390422,0.04001260673351693,3.252370694018628,9.5631016262596,0.2546546256267741,0.42261430772625896,1.7246956878061326,-0.13505071373849747,0.05502126627512249,0.15574409005390422,0.04001260673351685,6.721562604867675e-16,4.440892098500626e-15,-1.931524585070872e-17
eid,r02,data\20260623_191422\h1_real_p2_anti_hip_knee_eid_log.csv,early_3_4,490,0.002032382000152211,1.2093162016512664,3.1288169916205275,0.549145690544174,0.904574083558532,1.466850306480291,0.48709483071365495,1.6371595288494825,3.518423342818,0.023766964322556778,0.05496446921019664,0.12893626017329218,0.038283895300931375,1.6507321077418655,3.5139535776989583,0.06205085962348794,2.664379979038977e-09,7.62357554862092e-09,2.0703093835814578e-10,0.05496446921019656,0.12893626017329218,0.03828389530093128,3.093710785619265e-16,1.5543122344752192e-15,4.55984456542475e-18,2.4086013066646186,7.21431354147663,-1.5396083380272303,1.606489732267184,2.4539170597100783,-1.3380622696614861,2.6074845333065344,7.0879729210526605,-0.11177716005681446,0.05080137815877079,0.1210666357842003,0.03499295104287544,2.595669261381032,7.035428313357222,-0.07678420901393876,0.3207837919307781,0.9546357332172679,-0.12476185935180487,0.05080137815877073,0.1210666357842003,0.034992951042875364,5.855008168950119e-16,2.220446049250313e-15,-1.3566245632536989e-17
eid,r02,data\20260623_191422\h1_real_p2_anti_hip_knee_eid_log.csv,middle_4_5p4,685,0.002032382000152211,2.046112445582907,5.660431786436959,0.5830749510464328,0.9527551773373785,1.8094239314971656,0.6655829698372703,2.2628776916012563,6.435212131712088,-0.1306701116247937,0.06434523487094351,0.16216467915618327,0.04816209303598772,2.2684225004817598,6.401776732412398,-0.08250801858880616,3.90489249235738e-09,9.142714141319175e-09,-2.0203125059460825e-10,0.06434523487094344,0.16216467915618304,0.04816209303598762,3.863405342113335e-16,2.6645352591003757e-15,7.880962711299013e-18,3.5824832981697208,7.290004835440174,-1.2860773606148197,1.665694389638559,2.688745412595888,-1.4779606967768766,3.9709120527076815,9.563022357205485,0.26537121311010387,0.056607053983742925,0.15574409005390422,0.040834130736758116,3.9717082780441713,9.5631016262596,0.30620534384686215,0.5338822177953745,1.7246956878061326,-0.11432200768480535,0.05660705398374286,0.15574409005390422,0.04083413073675803,8.073363916871877e-16,4.440892098500626e-15,-2.637792660696996e-17
eid,r02,data\20260623_191422\h1_real_p2_anti_hip_knee_eid_log.csv,late_5p4_7p4,974,0.002032382000152211,1.3018400221231818,3.081594943012655,0.411732957553386,0.9423328949432954,1.474922896861919,0.6657112368317649,1.6647754533731178,4.371491785882094,-0.30041212911070153,0.06137839429612012,0.13226819908296727,0.046433850107490994,1.6713053365017847,4.358220279656079,-0.25397827900321057,2.963187166808261e-09,7.3012085266555005e-09,-2.751682779275255e-10,0.06137839429612006,0.13226819908296772,0.04643385010749092,3.120401517524477e-16,1.5543122344752192e-15,-1.6506588475721815e-17,2.6860936740298103,7.4211290113506045,-1.318980533668742,1.7343415189801588,2.49804363834651,-1.549315538675017,2.9801942281941387,7.560880005442469,0.3431799035410959,0.05592405822992047,0.1199560565759148,0.041960129676221355,2.975784454177294,7.588202138969952,0.38514003321731727,0.37661320460847614,1.1641114933095498,-0.15480502821104206,0.05592405822992041,0.1199560565759148,0.041960129676221286,6.049507792484933e-16,2.6645352591003757e-15,-1.7240372943999478e-17
eid,r03,data\20260623_191453\h1_real_p2_anti_hip_knee_eid_log.csv,steady_3_7p4,1762,0.002031108499977563,2.671939650192373,9.139713600748188,0.2612776171439506,0.9185168712051086,1.7986662543225007,0.5776978552412049,2.9470233080873656,9.664239023322951,-0.3803073193699927,0.10706061012205738,0.5755973989455958,0.06388708189978176,2.950233700094838,9.664207662707621,-0.3164202374702108,6.392840267557511e-09,2.3057779685586866e-08,-6.270433029764241e-10,0.10706061012205728,0.5755973989455967,0.06388708189978165,6.772938201367751e-16,5.329070518200751e-15,5.722027719850853e-18,5.499702789819444,19.079666615024273,-0.8961907259967481,1.6984738465109863,2.6532498145567045,-1.4545352092154211,6.32217116606785,23.957290583163225,0.7952656884980042,0.098982881824336,0.841452044329154,0.01660658980072709,6.318803489614292,23.950366599628367,0.8118722782987311,0.6576358061653832,2.609525220855879,-0.2535277950800581,0.09898288182433598,0.841452044329154,0.01660658980072705,1.255652588657246e-15,1.4210854715202004e-14,-2.565264182182275e-17
eid,r03,data\20260623_191453\h1_real_p2_anti_hip_knee_eid_log.csv,early_3_4,489,0.002031108499977563,1.1771307871682648,3.0986647565653644,0.541503626131616,0.9046739706667547,1.4675052534933315,0.4864768000446404,1.6183062823697034,3.5165947739991004,0.016739780571089612,0.055022789175397324,0.1308496907660852,0.038287045309411474,1.6317303932117653,3.5121226933816025,0.05502682588050096,2.6152782859619794e-09,7.463526685569377e-09,2.0647474866455606e-10,0.05502278917539724,0.1308496907660861,0.03828704530941134,2.7158079096288917e-16,1.5543122344752192e-15,5.4063774588725035e-18,2.362741536973186,7.079366148320109,-1.5380140852572657,1.6051371539933907,2.451503602823402,-1.335584575891566,2.5550314140228023,6.943804408683684,-0.11071672648526062,0.050832418627638605,0.12035821649463152,0.034925654009334915,2.5433683015409136,6.888875254353942,-0.07579107247592587,0.3155515109485405,0.9539710477275563,-0.1266384368897735,0.050832418627638556,0.12035821649463241,0.03492565400933487,6.108886674873558e-16,2.4424906541753444e-15,-4.265504105346652e-17
eid,r03,data\20260623_191453\h1_real_p2_anti_hip_knee_eid_log.csv,middle_4_5p4,684,0.002031108499977563,1.9464801998114014,5.7883912577513845,0.5747105674346421,0.9528194112651086,1.7986662543225007,0.6658005829563513,2.172414439693894,6.740199057107853,-0.13883193210636066,0.06405606689945252,0.16495382434432337,0.0477419168148409,2.177783297955785,6.711719270115416,-0.09109001529151968,3.5299837276906653e-09,8.930647332761055e-09,-2.3018942937553548e-10,0.06405606689945245,0.16495382434432337,0.04774191681484081,3.602492489668337e-16,2.220446049250313e-15,-1.6028439134756463e-17,3.240411792972494,6.914442898907604,-1.2593188953777201,1.664261087734352,2.6532498145567045,-1.476973278158824,3.574785491422576,9.276449897841811,0.29226071258783964,0.057020395703843645,0.15847355924888484,0.04075434127913037,3.5757406787467287,9.291645163964679,0.33301505386697006,0.5025267635488121,1.8094474729311862,-0.11536067108586603,0.05702039570384363,0.1584735592488844,0.040754341279130336,7.778811166598258e-16,3.552713678800501e-15,1.61907524424502e-17
eid,r03,data\20260623_191453\h1_real_p2_anti_hip_knee_eid_log.csv,late_5p4_7p4,589,0.002031108499977563,3.9757911853281254,9.139713600748188,-0.33535847180987205,0.8888652825238376,1.4722593573065328,0.5511186196452115,4.28091809368897,9.664239023322951,-0.990367076177316,0.1643476201535302,0.5755973989455958,0.10388998650214276,4.280134615192948,9.664207662707621,-0.8864770896751735,1.010491246921681e-08,2.3057779685586866e-08,-1.779909817060375e-09,0.16434762015353008,0.5755973989455967,0.10388998650214264,1.0771912894844094e-15,5.329070518200751e-15,3.124269377446854e-17,8.582238751592154,19.079666615024273,0.058361549953978194,1.809534483171147,2.5662613598773447,-1.5272333765126662,9.965448922658489,23.957290583163225,2.1315658658313974,0.15293361980123146,0.841452044329154,-0.026644826853325674,9.9611373518121,23.950366599628367,2.104921038978072,0.9580456912958062,2.609525220855879,-0.5193261125114274,0.15293361980123146,0.841452044329154,-0.026644826853325723,1.924599826971515e-15,1.4210854715202004e-14,-6.01292266308022e-17
eid,r04,data\20260623_191520\h1_real_p2_anti_hip_knee_eid_log.csv,steady_3_7p4,2140,0.0020356659999833937,1.564816967463308,8.102393731313619,0.4940563682633837,0.9359509609044708,1.771960609069364,0.6220905524099681,1.875495444531252,9.461113947973232,-0.17311228865977138,0.06074759669585797,0.17482691753789625,0.04507810465460826,1.8828336211836356,9.41228513950743,-0.12803418400516306,2.954725863093935e-09,9.066634554244501e-09,-1.4142130243923746e-10,0.060747596695857865,0.1748269175378958,0.04507810465460815,3.1834739841547753e-16,2.6645352591003757e-15,-1.1008198506432262e-17,2.6999079197758973,8.344540047625678,-1.3576984998180017,1.6815530540678065,2.594424397679255,-1.4763142953547432,2.9615562194488168,9.405536979659052,0.2133775761934508,0.05521551683320713,0.17091577413729553,0.03998643355790397,2.9580093126346463,9.42741698963476,0.25336400975135476,0.4253124312395169,2.5185762507251184,-0.1347482142146132,0.05521551683320707,0.17091577413729508,0.03998643355790389,7.540552481258259e-16,5.329070518200751e-15,-1.7249960546161895e-17
eid,r04,data\20260623_191520\h1_real_p2_anti_hip_knee_eid_log.csv,early_3_4,486,0.0020356659999833937,1.1652919525939378,2.7927576762596833,0.5390269594707078,0.9025759133632872,1.464446967568322,0.48470385718578246,1.6110631403487654,3.477268204181153,0.015848934079290285,0.05491821595549746,0.1250119279133557,0.03847416799327956,1.6244686916754711,3.4718706668990587,0.054323102072569816,2.7226633501331405e-09,7.4081363266031985e-09,2.123557254694022e-10,0.054918215955497354,0.12501192791335525,0.03847416799327943,2.8621511725433327e-16,1.3322676295501878e-15,-1.5519707147216372e-17,2.472024578012826,7.034455006183275,-1.5419663618638961,1.604106875613899,2.460747665584037,-1.333154577708539,2.6745086689803586,6.893887442551984,-0.1163704612478047,0.05053999235472271,0.11976833703686207,0.03498765128204523,2.662829131310839,6.834852782257764,-0.08138280996575963,0.32027816118666347,0.9432563073816684,-0.12742897418959753,0.050539992354722674,0.11976833703686207,0.03498765128204516,6.200304901253322e-16,2.886579864025407e-15,5.162765505458547e-17
eid,r04,data\20260623_191520\h1_real_p2_anti_hip_knee_eid_log.csv,middle_4_5p4,682,0.0020356659999833937,2.0423897752209967,8.102393731313619,0.5748054912877198,0.9518600535258903,1.771960609069364,0.6635468030824161,2.256224726231186,9.461113947973232,-0.13581970964130358,0.06307467839463309,0.17482691753789625,0.04707839806927869,2.261210839434773,9.41228513950743,-0.0887413115720248,3.0634401110684086e-09,7.303499138799907e-09,-2.2267131331690734e-10,0.06307467839463299,0.1748269175378958,0.04707839806927858,3.6855507810472476e-16,2.6645352591003757e-15,-2.3726540445618265e-17,2.8313061274184124,6.120263737358488,-1.2647866617775305,1.6616958761027865,2.594424397679255,-1.4754617342529905,3.0801942918062566,7.557890471281528,0.28371795886908413,0.05621635802279567,0.17091577413729553,0.039995214519262814,3.0833145155232478,7.646489842552403,0.32371317338834676,0.5275505413563039,2.5185762507251184,-0.1130381009128867,0.056216358022795634,0.17091577413729508,0.03999521451926277,8.656490501207021e-16,5.329070518200751e-15,-4.289498049688105e-17
eid,r04,data\20260623_191520\h1_real_p2_anti_hip_knee_eid_log.csv,late_5p4_7p4,972,0.0020356659999833937,1.3361501120792396,4.012898443303724,0.4149137661755683,0.9410695363834229,1.4704877975155242,0.6616962838095001,1.6955017886083354,5.306542662248299,-0.29375909230357683,0.06184840367717708,0.1288416493198925,0.04697657493094626,1.7023380692484926,5.29065537882362,-0.24678251737263066,2.988327339247885e-09,9.066634554244501e-09,-2.613010639053157e-10,0.061848403677176984,0.12884164931989295,0.04697657493094615,2.9471992937998935e-16,2.220446049250313e-15,1.7133071367672168e-19,2.7145627479647696,8.344540047625678,-1.3307557967205703,1.732464169436111,2.47567160621374,-1.5484923503418326,3.0127723975967036,9.405536979659052,0.3288975404029861,0.056725065242324235,0.12358718960181392,0.04247966356862476,3.0080303402246753,9.42741698963476,0.37137720397161095,0.38947830360103425,1.4208778565533073,-0.15364065035034885,0.056725065242324145,0.12358718960181303,0.042479663568624655,7.306560543915204e-16,3.552713678800501e-15,-3.369504035642193e-17
eid,r05,data\20260623_191551\h1_real_p2_anti_hip_knee_eid_log.csv,steady_3_7p4,2150,0.002032498499943358,1.566029928977058,6.550378113722774,0.4965177654352414,0.9346407475586875,1.7851956388747257,0.6215391144644489,1.872980490031757,7.906091249458156,-0.1701599348563118,0.060863406528125136,0.16989871664847755,0.04513858596527728,1.8803570462870285,7.858948813431157,-0.12502134889103447,3.0861979176464567e-09,8.607181634090466e-09,-1.3817268453610227e-10,0.060863406528125046,0.16989871664847755,0.045138585965277166,3.1661453785009115e-16,1.7763568394002505e-15,1.267397040029939e-17,2.816338446055669,7.939618217376136,-1.3621375668228346,1.684279477423634,2.6677624378112217,-1.4785135052947667,3.1015394190118952,8.921371914412601,0.21038904116241106,0.055282154550743305,0.16299428576858332,0.04012425785864354,3.097600587290508,8.988908993800388,0.2505132990210546,0.4231827547768248,2.111865985016099,-0.13413736054912254,0.05528215455074325,0.16299428576858332,0.04012425785864347,7.034193725104441e-16,3.552713678800501e-15,2.3805247179171963e-17
eid,r05,data\20260623_191551\h1_real_p2_anti_hip_knee_eid_log.csv,early_3_4,488,0.002032498499943358,1.1798834391333528,2.9061551965325383,0.5522051982688634,0.9028604431481312,1.4547790915506014,0.48443058262156613,1.6132788229930588,3.35861043917231,0.02879567184812807,0.05547373966227866,0.13004924685933839,0.03897894359235836,1.627059265253112,3.355167694184706,0.06777461544048645,2.671374986737514e-09,7.26252924465598e-09,2.0681116621147702e-10,0.05547373966227858,0.13004924685933839,0.03897894359235826,2.781205662504073e-16,1.5543122344752192e-15,1.923836772948049e-17,2.417292846949693,6.880910990620712,-1.5367978492388847,1.6072359001129641,2.459726250397245,-1.336307116218417,2.618657108445773,6.747818301273886,-0.11150865966209453,0.051375625278618685,0.1178809925948352,0.03562133747066848,2.6059221447483707,6.693055547807751,-0.07588732219142608,0.31949512834195937,0.9113816843136853,-0.1246034108290417,0.05137562527861866,0.11788099259483609,0.03562133747066842,6.123575078615423e-16,2.6645352591003757e-15,2.002041519815856e-17
eid,r05,data\20260623_191551\h1_real_p2_anti_hip_knee_eid_log.csv,middle_4_5p4,686,0.002032498499943358,2.0408117554307785,6.550378113722774,0.5747907523667838,0.9494286722717402,1.7851956388747257,0.6633048938122472,2.25432922351721,7.906091249458156,-0.13594793527663265,0.0635869737898471,0.16989871664847755,0.047433794038115186,2.259398348997174,7.858948813431157,-0.08851414123851734,3.4183374450718788e-09,8.607181634090466e-09,-2.0694591052460068e-10,0.06358697378984701,0.16989871664847755,0.04743379403811508,3.445566178923321e-16,1.7763568394002505e-15,1.2138006828992237e-19,3.147331495524635,6.674002005479877,-1.2835425471359558,1.666208858597783,2.6677624378112217,-1.4790651867536244,3.4606850477623357,8.921371914412601,0.26865960641086956,0.05669699319173315,0.16299428576858332,0.040591860487488,3.462125061423168,8.988908993800388,0.30925146689835764,0.5251223638386354,2.111865985016099,-0.1137288272806892,0.056696993191733096,0.16299428576858332,0.04059186048748792,7.819689622357204e-16,3.552713678800501e-15,3.6252180395923476e-17
eid,r05,data\20260623_191551\h1_real_p2_anti_hip_knee_eid_log.csv,late_5p4_7p4,976,0.002032498499943358,1.3337823366271546,3.6259961264594676,0.4136584045153178,0.9397704700694205,1.4703708069021049,0.6607375149836465,1.6895186140609642,4.918177641246762,-0.2936842870934292,0.06147866950051384,0.1306740370184225,0.04660517688742647,1.6961882516987399,4.905516234958855,-0.24707911020600268,3.033202433466224e-09,8.340835577769212e-09,-2.623260514794514e-10,0.06147866950051375,0.13067403701842206,0.04660517688742636,3.141758662363908e-16,1.5543122344752192e-15,1.8214596497756474e-17,2.7547367890136343,7.939618217376136,-1.3300494169111194,1.733824642786277,2.4934868885230976,-1.5492289401190313,3.0568153965045313,8.644612486425766,0.33038132624634176,0.05615238431601466,0.12447085696355664,0.04204705472948836,3.0523093980399527,8.668187179588445,0.37242838097583,0.3868341617591142,1.3144976863929188,-0.15324885776791836,0.0561523843160146,0.12447085696355487,0.04204705472948828,6.875310775852402e-16,3.552713678800501e-15,1.6949101502986507e-17
pd,r01,data\20260623_191336\h1_real_p2_anti_hip_knee_pd_log.csv,steady_3_7p4,2145,0.002031906500064906,0.9204593142231411,2.110001611309868,0.5425696327041819,1.002680035450585,1.8224906743251679,0.6918491680370755,1.392090521944877,2.8167428924401583,-0.197873928922899,0.06401146679897328,0.13698606353560328,0.04859439375174267,1.4014849439845696,2.811403262542603,-0.1492795351711564,1.8044012807082562e-09,3.958197769549088e-09,-1.6173714072152378e-10,0.0640114667989732,0.13698606353560328,0.04859439375174257,2.1714696224117367e-16,8.881784197001252e-16,-3.7848512203130335e-19,1.6168656321181127,3.917069952973731,-1.3288364332388591,1.668710631993206,2.503503111291642,-1.4632664430801257,1.7938155429549145,4.100572859081933,0.23098216170245087,0.06098004687112927,0.13167687072285705,0.0460803551974112,1.7881148210414868,4.105476509744643,0.27706251689986205,0.3041790529549642,0.7754617233906362,-0.14263250705859526,0.060980046871129234,0.13167687072285794,0.04608035519741116,5.113129224307015e-16,2.220446049250313e-15,8.359021840417845e-18
pd,r01,data\20260623_191336\h1_real_p2_anti_hip_knee_pd_log.csv,early_3_4,487,0.002031906500064906,0.9204509440768711,1.8373852436054814,0.511578410336258,0.9805707252730402,1.5789827430427905,0.5727468243831215,1.4882524917455742,2.620063989143774,-0.10125014868438685,0.05562340207225387,0.11954389599572623,0.04008173462682472,1.4974321874381937,2.61602362852999,-0.06116841405756208,1.923349500052958e-09,3.727629760419404e-09,1.0698580953708715e-11,0.05562340207225381,0.11954389599572623,0.04008173462682463,2.2288366588953693e-16,8.881784197001252e-16,5.8132827778113945e-18,1.6651498509346752,3.6158911582066757,-1.3844287436555436,1.613889351124206,2.4352722028785276,-1.3491716296330192,1.8921663573434022,3.795247002112216,0.07625544842600242,0.053440677379530184,0.11669631377502387,0.038477025301767206,1.8833280804501866,3.803921752912687,0.11473247372776985,0.30777554691318965,0.7108257415913588,-0.14998958775029395,0.05344067737953014,0.11669631377502432,0.03847702530176715,5.649860570232044e-16,1.7763568394002505e-15,-2.2797187363966252e-18
pd,r01,data\20260623_191336\h1_real_p2_anti_hip_knee_pd_log.csv,middle_4_5p4,682,0.002031906500064906,1.0561925749927452,2.110001611309868,0.698971275341898,1.005492318870079,1.8224906743251679,0.7066225038889016,1.416294068672923,2.8167428924401583,-0.06142982043371778,0.068079182486833,0.13698606353560328,0.05377859189115969,1.4294402497377179,2.811403262542603,-0.0076512285425580934,1.7991912903619629e-09,3.932801195816182e-09,-4.445280839520787e-12,0.0680791824868329,0.13698606353560328,0.053778591891159584,2.206053597825707e-16,8.881784197001252e-16,-1.310453863377201e-17,1.710988679344864,3.917069952973731,-1.4101983530040587,1.6158669985621668,2.503503111291642,-1.4211501204654486,1.7835699232193212,3.6684592694568448,0.06945558740962461,0.0640971762218957,0.13167687072285705,0.05058550790297244,1.7809212811250104,3.650477225014183,0.12004109531259703,0.3143031421572698,0.7754617233906362,-0.10908932785120731,0.06409717622189566,0.13167687072285794,0.05058550790297239,4.740254322447592e-16,2.220446049250313e-15,9.360384738408577e-18
pd,r01,data\20260623_191336\h1_real_p2_anti_hip_knee_pd_log.csv,late_5p4_7p4,976,0.002031906500064906,0.8122651827611984,1.9973644785484939,0.44874463784173985,1.0115829866601027,1.5751070620039047,0.7409551376154875,1.3237116939112057,2.606110325612136,-0.3414299360599657,0.06498259606542577,0.13113533557769985,0.049219436643907266,1.3304409847846697,2.6023952865252524,-0.2922104994160584,1.7457757101099195e-09,3.958197769549088e-09,-3.576892359012003e-10,0.06498259606542567,0.1311353355776994,0.049219436643907176,2.1174357899487496e-16,8.881784197001252e-16,5.4245656236487865e-18,1.5219420902148486,3.828764452109537,-1.2442439286765723,1.730801509860222,2.4567306906393465,-1.5496265928464685,1.7499993377788747,4.100572859081933,0.4210569906300513,0.06226214216411978,0.13045096422823654,0.04672616207649508,1.743808473638491,4.105476509744643,0.4677831527065463,0.2950445833569217,0.7081351450044044,-0.1624004885366499,0.062262142164119745,0.13045096422823654,0.04672616207649504,5.082217098646571e-16,1.9984014443252818e-15,1.2967768935170886e-17
pd,r02,data\20260623_191407\h1_real_p2_anti_hip_knee_pd_log.csv,steady_3_7p4,2156,0.0020266300000457704,0.9125617098115586,2.2644017506866834,0.5445702708863203,1.0027677395649772,1.827115472211632,0.6915450893603543,1.385396621532944,2.8345358563307226,-0.1957508684960782,0.0641928894186498,0.1364817760122774,0.048776050183876624,1.3949181268335271,2.8240467160415257,-0.1469748183122016,1.8017111573780508e-09,4.2592329663193595e-09,-1.618323890858828e-10,0.06419288941864972,0.13648177601227696,0.048776050183876526,2.1208578383162495e-16,8.881784197001252e-16,7.659817945871615e-19,1.6182228059449275,4.20966976048361,-1.329734215378236,1.6697775464266547,2.501423194388784,-1.46492140027854,1.7906024344461713,3.9740314914237906,0.23096691316534163,0.06117480300233346,0.1312352787851836,0.04625315422331823,1.7848691064884383,3.9560083358018083,0.2772200673886599,0.30216259708164284,0.7783538405643924,-0.14203288248835605,0.06117480300233341,0.1312352787851836,0.046253154223318174,5.367539725654461e-16,3.774758283725532e-15,-1.941345455861243e-17
pd,r02,data\20260623_191407\h1_real_p2_anti_hip_knee_pd_log.csv,early_3_4,489,0.0020266300000457704,0.9042099051403063,1.9673146634628034,0.5183674021816209,0.9800418665911738,1.5829616923394636,0.5712363659236092,1.47279050221136,2.623805167486896,-0.09287937220192208,0.055669251561667146,0.12178728204178091,0.04001040845437663,1.4823817615876096,2.6191708920707844,-0.05286896374754546,1.9120092735627506e-09,3.924624181195213e-09,5.557231020223789e-12,0.05566925156166705,0.12178728204178091,0.040010408454376506,2.034321765686832e-16,6.661338147750939e-16,-3.0366529559021408e-18,1.6595156395041606,3.796340185475684,-1.3807089292855828,1.6166702810780693,2.431833678173242,-1.352436006543608,1.880557518338229,3.695916788104902,0.08121396572337178,0.05351445138421387,0.11983314577903847,0.03838268653418988,1.8721832022219387,3.704503321524705,0.11959665225756155,0.3029557681370124,0.7122865071246984,-0.14786957499953654,0.05351445138421379,0.11983314577903714,0.0383826865341898,5.681050279686216e-16,2.6645352591003757e-15,-4.858644729443425e-17
pd,r02,data\20260623_191407\h1_real_p2_anti_hip_knee_pd_log.csv,middle_4_5p4,682,0.0020266300000457704,1.0533049248292845,2.2644017506866834,0.696729225144073,1.0065279848115958,1.827115472211632,0.70642156302263,1.4197130701425096,2.8345358563307226,-0.06367998987630236,0.06825267564069726,0.1364817760122774,0.05398765199957837,1.432828859822781,2.8240467160415257,-0.009692337876724086,1.8064519491963189e-09,4.2592329663193595e-09,-1.8328595723693133e-12,0.06825267564069719,0.13648177601227696,0.053987651999578286,2.1863030235208294e-16,8.881784197001252e-16,1.2616170734376778e-17,1.7173833522823687,4.20966976048361,-1.4142162059937253,1.6165902994784251,2.501423194388784,-1.422165986674758,1.7896541967927346,3.9740314914237906,0.06716077948962865,0.0643266306273363,0.13045397929816183,0.05082136439886687,1.786787028267445,3.9560083358018083,0.11798214388849557,0.31466115736316763,0.7783538405643924,-0.11003236320746286,0.06432663062733626,0.13045397929816227,0.05082136439886681,4.801105494466793e-16,2.6645352591003757e-15,-3.418575295766611e-18
pd,r02,data\20260623_191407\h1_real_p2_anti_hip_knee_pd_log.csv,late_5p4_7p4,985,0.0020266300000457704,0.8054381820341456,1.8567989577853505,0.4522259013358741,1.0112775489951862,1.5750890418052048,0.7409716992313149,1.3147879340676678,2.4033004046438897,-0.33826508261438215,0.06523519920567117,0.13190746861785207,0.04951928507465522,1.3216036218890546,2.399179228522412,-0.28874579753972696,1.7409671911550106e-09,3.87810228374974e-09,-3.557138138169512e-10,0.06523519920567108,0.13190746861785163,0.04951928507465512,2.11692584202836e-16,8.881784197001252e-16,-5.551115123125783e-18,1.5239548993737801,3.759173331140674,-1.245933857306707,1.7308460651136874,2.455129361314019,-1.5503676435416476,1.7448958053365502,3.9499130681438084,0.41872830856225485,0.06248708180952608,0.1312352787851836,0.04699745814236351,1.7385319324453101,3.9553448133305644,0.46572576670461835,0.29279015387683266,0.6521518378999325,-0.1612919804696777,0.06248708180952602,0.1312352787851836,0.04699745814236345,5.574846837552164e-16,3.774758283725532e-15,-1.6005245634190075e-17
pd,r03,data\20260623_191438\h1_real_p2_anti_hip_knee_pd_log.csv,steady_3_7p4,2147,0.0020323209998878156,0.913113519019993,2.2731331461627824,0.5414477589877633,1.002014563561452,1.828372475477815,0.6893944242435771,1.3883373621317259,2.8705667659729714,-0.19669632521491878,0.06410443463651082,0.13802490317185745,0.04874966012102832,1.3978451620335106,2.865069502941824,-0.14794666509389046,1.8007444215071795e-09,4.107530759966949e-09,-1.6192325609648916e-10,0.06410443463651073,0.1380249031718579,0.04874966012102823,2.1304356864463614e-16,1.3322676295501878e-15,4.870476531526872e-18,1.6140412718273662,4.080731848739056,-1.327188516961282,1.6677972402904249,2.5016297459350354,-1.4621962513927673,1.7906752486835242,4.25247336330369,0.23115039639179258,0.06106756314580445,0.13306123980492357,0.04623186576802008,1.7850876022764839,4.25765962423049,0.27738226215981265,0.3037403355818521,0.7898968181339239,-0.14237452772832704,0.06106756314580441,0.13306123980492401,0.046231865768020027,5.249954476616593e-16,2.1094237467877974e-15,-3.671440835975134e-18
pd,r03,data\20260623_191438\h1_real_p2_anti_hip_knee_pd_log.csv,early_3_4,487,0.0020323209998878156,0.9002334783042878,1.8787730275264818,0.5096175461002264,0.9785922326313345,1.583505594538757,0.5682366742712333,1.475760167831083,2.5135211909682678,-0.09882519269817794,0.055843013472867804,0.12101111961324706,0.04020606452329441,1.4851398362573065,2.5092387789528927,-0.05861912817488351,1.9158758566745097e-09,3.7242826600447643e-09,3.876826401329833e-12,0.05584301347286772,0.12101111961324662,0.040206064523294296,2.2500651734249743e-16,8.881784197001252e-16,-1.2324729418644256e-17,1.657818891903965,3.5780947607555054,-1.3756415722232382,1.6133923997914927,2.432983516039495,-1.34785777975954,1.8855223010134388,3.867821624483892,0.08304596705238732,0.053678618321915846,0.11828568289752894,0.03859413074426093,1.8770402668877273,3.8779863344237047,0.12164009779664829,0.3046658633638493,0.6827178946062276,-0.14942389026034622,0.053678618321915825,0.11828568289752983,0.038594130744260886,5.715776355612994e-16,1.7763568394002505e-15,-4.1034937255139256e-18
pd,r03,data\20260623_191438\h1_real_p2_anti_hip_knee_pd_log.csv,middle_4_5p4,683,0.0020323209998878156,1.0539883162657444,2.2731331461627824,0.7004796211553426,1.0064445900503876,1.828372475477815,0.7062832008030853,1.4168471772641467,2.8705667659729714,-0.0599027038809659,0.06837125564710574,0.13802490317185745,0.054099124233218145,1.4301486263373382,2.865069502941824,-0.005803579647747809,1.7941356173235075e-09,4.107530759966949e-09,5.1288315524595625e-15,0.06837125564710567,0.1380249031718579,0.05409912423321807,2.092537481394984e-16,1.3322676295501878e-15,1.483277467013844e-17,1.7112450807584096,4.080731848739056,-1.4156152283616092,1.6165997990432892,2.5016297459350354,-1.4226778702132687,1.7784283560670182,3.835014672709728,0.06503759119998445,0.06442093704162566,0.13306123980492357,0.0509193763618832,1.7758237446563436,3.816725399294027,0.11595696756186773,0.31413741346223295,0.7898968181339239,-0.10889432571020806,0.06442093704162562,0.13306123980492401,0.050919376361883116,4.693965841172006e-16,2.1094237467877974e-15,1.4629585976026953e-18
pd,r03,data\20260623_191438\h1_real_p2_anti_hip_knee_pd_log.csv,late_5p4_7p4,977,0.0020323209998878156,0.8072751425705703,1.7722768989196638,0.4461381907336938,1.0104143224065403,1.572838801420103,0.737980698395458,1.3216513535839687,2.5341677875673176,-0.3411111511174188,0.06487041696046218,0.12953953064755908,0.04926864381342419,1.3284047675394137,2.5306996639063493,-0.2918425073039947,1.7452782395469706e-09,4.093199112986667e-09,-3.5776944553588555e-10,0.0648704169604621,0.1295395306475582,0.04926864381342409,2.0950954588627328e-16,8.881784197001252e-16,6.477247943053626e-18,1.5191341011279587,3.6440183481015658,-1.241219139480221,1.7286069155890773,2.4543425517046904,-1.5468164049556938,1.7502205453481663,4.25247336330369,0.42110116715360957,0.06211032839391223,0.1285863493035624,0.04676206763185038,1.7440598039505681,4.25765962423049,0.46786323478545977,0.2957812354348558,0.6886731896605394,-0.16226596930998718,0.062110328393912194,0.12858634930356194,0.04676206763185032,5.374088530809153e-16,1.9984014443252818e-15,-7.045427587181136e-18
pd,r04,data\20260623_191505\h1_real_p2_anti_hip_knee_pd_log.csv,steady_3_7p4,2147,0.0020324905000279614,0.9192759199111844,2.115580797281522,0.5403638618731241,1.0019584012561342,1.827914290911428,0.687932570685057,1.3947450467048075,2.9933528941303416,-0.19639237320736738,0.06435688586440752,0.1373126026789353,0.04882366455701452,1.4043222509780218,2.9880003301952884,-0.14756870865035288,1.7989382735354346e-09,3.98010868707388e-09,-1.615799770392495e-10,0.06435688586440744,0.13731260267893486,0.04882366455701444,2.101286691748323e-16,8.881784197001252e-16,4.767055662907854e-19,1.6139678081590452,3.9049531955480066,-1.3291439906999782,1.6688068752324934,2.501996399499934,-1.4637157975290551,1.7881137304582846,3.9597835024539005,0.23071776179036166,0.06139425999354939,0.1316053107640709,0.04632794984959218,1.7825484851100575,3.9651204293396187,0.27704571163995384,0.3046196098061689,0.823466376284637,-0.14247390481087685,0.061394259993549354,0.13160531076407134,0.046327949849592126,5.313460190666259e-16,2.220446049250313e-15,-5.326174733879419e-18
pd,r04,data\20260623_191505\h1_real_p2_anti_hip_knee_pd_log.csv,early_3_4,489,0.0020324905000279614,0.917405583384598,1.9842045886689634,0.5130083023377389,0.9780645249505373,1.5824965200952046,0.5645960355962087,1.488243675348261,2.7438627501319672,-0.0920618041371143,0.05645347492842764,0.1237169502165143,0.04047407086937879,1.4980202205644975,2.739534238337371,-0.05158773326773563,1.9061457993135596e-09,3.7463712132534965e-09,9.265724381945993e-12,0.056453474928427574,0.1237169502165143,0.04047407086937871,2.182085579347404e-16,8.881784197001252e-16,1.1579013140262368e-17,1.6553617125117723,3.6495278031751863,-1.3810492045462597,1.6126639123897566,2.425144143715407,-1.3489517850628978,1.87349850350593,3.630604280228318,0.07731317940639226,0.054409874070410646,0.12185230828254401,0.03889918515905791,1.8652886265246875,3.641336580973622,0.11621236456545034,0.30653118205768737,0.7447332573827481,-0.14830978404881204,0.05440987407041061,0.12185230828254312,0.03889918515905787,5.686372107813086e-16,2.220446049250313e-15,1.362236840030867e-18
pd,r04,data\20260623_191505\h1_real_p2_anti_hip_knee_pd_log.csv,middle_4_5p4,683,0.0020324905000279614,1.052528113990227,2.115580797281522,0.6938711022203545,1.007083677986139,1.827914290911428,0.7055242590381052,1.4161774729089789,2.9933528941303416,-0.06541246341067836,0.06794030636484293,0.1373126026789353,0.053759306596421495,1.4291638362491157,2.9880003301952884,-0.011653156814256794,1.7851206299695257e-09,3.913148471923478e-09,-3.4938501458785078e-12,0.06794030636484284,0.13731260267893486,0.05375930659642141,2.101546706461537e-16,8.881784197001252e-16,-6.908415599790506e-18,1.7013436487540508,3.9049531955480066,-1.4133484295885417,1.617079941889118,2.501996399499934,-1.4229116942916715,1.769321344018698,3.652688387795285,0.06836814515021383,0.06393334207260487,0.1300616000618855,0.05051253749076379,1.7668138990703506,3.633846099076388,0.1188806826409775,0.3156725917079965,0.823466376284637,-0.10931741793784762,0.06393334207260482,0.1300616000618855,0.05051253749076374,4.974781760865329e-16,1.9984014443252818e-15,-2.2594582785197184e-17
pd,r04,data\20260623_191505\h1_real_p2_anti_hip_knee_pd_log.csv,late_5p4_7p4,975,0.0020324905000279614,0.8140843422482154,1.9220592448302924,0.4465499372122474,1.0101660885525658,1.573595802545239,0.7374673835192261,1.3296311447748832,2.453252466390538,-0.34047127235248775,0.06548731190325287,0.1322348036504808,0.04955382640351597,1.3365713279064464,2.4414636056533663,-0.29091744594897173,1.752613202493155e-09,3.98010868707388e-09,-3.580070259245182e-10,0.06548731190325278,0.13223480365048035,0.04955382640351587,2.0593838727673276e-16,8.881784197001252e-16,8.184336399480321e-20,1.527774684926121,3.859085643931945,-1.244125240616162,1.7310057549021294,2.45737176712913,-1.5498581612286284,1.7570936014377077,3.9597835024539005,0.4213840478939329,0.06286489279048135,0.1316053107640709,0.047122403772413765,1.7507785535235685,3.9651204293396187,0.46850645166634686,0.2956423667842076,0.6625441766647642,-0.1627735310538806,0.06286489279048132,0.13160531076407134,0.04712240377241371,5.349433149125209e-16,2.220446049250313e-15,3.416070845000482e-18
pd,r05,data\20260623_191536\h1_real_p2_anti_hip_knee_pd_log.csv,steady_3_7p4,2147,0.002032590999988315,0.9138098712104052,2.2573527103591675,0.539203771995676,1.0004517132675788,1.827775816889792,0.6864619485501957,1.3898607707664616,3.0355325240574955,-0.19602451313910862,0.06430186526038409,0.1387069062902806,0.04876633674654958,1.3994207827408816,3.029425859846141,-0.14725817639255903,1.8031285946793017e-09,4.303780443137839e-09,-1.6196054258263554e-10,0.06430186526038399,0.1387069062902806,0.04876633674654948,2.1305930503698245e-16,1.1102230246251565e-15,-9.889620561693581e-19,1.616613888316206,4.261339311119478,-1.3274058674148705,1.6683367814231815,2.502041817952316,-1.4625668718389968,1.7928687462073398,4.118512808051963,0.23115322288341317,0.06134255582108042,0.13389106929805905,0.04627511647468742,1.7873151351407084,4.123886528044972,0.2774283393581005,0.3037066346312729,0.8350975488470453,-0.14226733493397414,0.06134255582108039,0.13389106929805727,0.04627511647468737,5.392489292008017e-16,2.6645352591003757e-15,-7.756565146426338e-20
pd,r05,data\20260623_191536\h1_real_p2_anti_hip_knee_pd_log.csv,early_3_4,489,0.002032590999988315,0.9085594935774023,1.8674881796277734,0.5117319680523625,0.977068114827526,1.5807784192193215,0.5628847747192555,1.4787972594440226,2.647783040894276,-0.09131407844362038,0.056079478506648336,0.12348962431752053,0.04016127176876515,1.4885247705933238,2.6435210730520438,-0.05115280667485525,1.907005705879362e-09,3.753386490501498e-09,7.962586879082274e-12,0.056079478506648225,0.12348962431752053,0.04016127176876503,2.277882068874605e-16,1.1102230246251565e-15,-9.081578933539113e-18,1.6509257007546854,3.608399339394534,-1.3774687842575517,1.612677633845962,2.4335657015504726,-1.3470890207627966,1.8763885433927978,3.8994274865228955,0.07867173393458299,0.054044456627861906,0.12139060487993536,0.0385948911322149,1.8679911355635448,3.907682743419146,0.11726662506679801,0.3050377299457122,0.7187957997769301,-0.14764638856155318,0.05404445662786185,0.12139060487993536,0.038594891132214815,5.852394174574039e-16,2.6645352591003757e-15,-3.1785526267386895e-18
pd,r05,data\20260623_191536\h1_real_p2_anti_hip_knee_pd_log.csv,middle_4_5p4,683,0.002032590999988315,1.0492399866444253,2.2573527103591675,0.695586526803369,1.0052106402090073,1.827775816889792,0.704613968597502,1.4147757850469171,3.0355325240574955,-0.06323477897480763,0.06858920549191164,0.1387069062902806,0.054207337185087245,1.4279456575652327,3.029425859846141,-0.009027441789720429,1.7959448816656305e-09,4.303780443137839e-09,-4.4124199348569865e-12,0.06858920549191157,0.1387069062902806,0.054207337185087155,2.07627668885815e-16,7.771561172376096e-16,5.608007957476999e-18,1.7107618599247512,4.261339311119478,-1.4119359924363108,1.6168791923822299,2.502041817952316,-1.4229232989552956,1.7794679907849624,4.018718138649504,0.06929915550039994,0.06471945110993514,0.13389106929805905,0.05105860537719896,1.7768427895221126,4.000197107910569,0.12035776087759895,0.31405246257266,0.8350975488470453,-0.10937045435861432,0.06471945110993513,0.13389106929805727,0.051058605377198904,5.095345992353159e-16,2.6645352591003757e-15,-1.53610652748283e-17
pd,r05,data\20260623_191536\h1_real_p2_anti_hip_knee_pd_log.csv,late_5p4_7p4,975,0.002032590999988315,0.8084625408462055,1.9820054236850972,0.4434338136311897,1.0086670813416887,1.573672413812901,0.7357249314332925,1.3246909617649005,2.580786921977484,-0.34156173467788936,0.06505418525549245,0.13060132084231046,0.04927061723333458,1.3314737531163936,2.5765409163985615,-0.2922911174445548,1.7538792286672222e-09,3.964512718113156e-09,-3.5754800727516144e-10,0.06505418525549234,0.13060132084231046,0.04927061723333447,2.091371867106015e-16,7.771561172376096e-16,-1.5514655087710521e-18,1.528974739133616,3.8409268922964794,-1.2430829528243938,1.7301326532653822,2.4583557742417463,-1.5482542866654894,1.7590378097099908,4.118512808051963,0.42100940351785016,0.06234621551056443,0.1296854008060624,0.046776149574229674,1.7529234633677147,4.123886528044972,0.4677855530920797,0.2955574171615646,0.7002998931469921,-0.16261421925098402,0.062346215510564386,0.1296854008060624,0.04677614957422962,5.354275602158822e-16,2.6645352591003757e-15,1.2183986013835052e-17
