method,direction,acc_gain,row2_acc_torque_rms,row3_total_residual_rms,remaining_after_removing_row2_rms,row2_rms_share_percent
PD,hip_to_knee,0.0,0.0,1.0269707577665945,1.0269707577665945,0.0
PD,hip_to_knee,0.1,0.1387573450940798,0.9269870138611054,1.0269707577665945,11.90306253693052
PD,hip_to_knee,0.2,0.2775146901881596,0.8381217763915219,1.0269707577665945,21.273881638408678
PD,hip_to_knee,0.3,0.4162720352822394,0.7642633720723151,1.0269707577665945,28.842827921064444
PD,hip_to_knee,0.4,0.5550293803763192,0.7101099163905029,1.0269707577665945,35.08402856575347
PD,hip_to_knee,0.5,0.693786725470399,0.6803828969455532,1.0269707577665945,40.31868129175797
PD,hip_to_knee,0.6,0.8325440705644788,0.6783014677789181,1.0269707577665945,44.772112482248524
PD,hip_to_knee,0.7,0.9713014156585585,0.7041108418148104,1.0269707577665945,48.60706307057723
PD,hip_to_knee,0.8,1.1100587607526384,0.7549559427982553,1.0269707577665945,51.944006909263855
PD,hip_to_knee,0.9,1.2488161058467182,0.8262276170685406,1.0269707577665945,54.874036132889344
PD,hip_to_knee,1.0,1.387573450940798,0.9131554503381288,1.0269707577665945,57.46730359862099
PD,hip_to_knee,1.1,1.526330796034878,1.0117118559119576,1.0269707577665945,59.77871253641806
PD,hip_to_knee,1.2,1.6650881411289575,1.1188279956894713,1.0269707577665945,61.8518466223781
PD,hip_to_knee,1.3,1.8038454862230375,1.2322737074689765,1.0269707577665945,63.72174421610547
PD,hip_to_knee,1.4,1.942602831317117,1.3504547744871978,1.0269707577665945,65.41689481810499
PD,hip_to_knee,1.5,2.081360176411197,1.4722312683088605,1.0269707577665945,66.9607007904309
PD,hip_to_knee,1.6,2.220117521505277,1.5967807985044402,1.0269707577665945,68.37256429637685
PD,hip_to_knee,1.7,2.358874866599357,1.7235022863906377,1.0269707577665945,69.6687069730502
PD,hip_to_knee,1.8,2.4976322116934364,1.8519499306272156,1.0269707577665945,70.86279598964514
PD,hip_to_knee,1.9,2.636389556787516,1.9817881222627345,1.0269707577665945,71.9664278262076
PD,hip_to_knee,2.0,2.775146901881596,2.1127605115507717,1.0269707577665945,72.98950612008099
PD,hip_to_knee,2.1,2.913904246975676,2.2446685720680497,1.0269707577665945,73.94053968900855
PD,hip_to_knee,2.2,3.052661592069756,2.377356561251776,1.0269707577665945,74.82687973567545
PD,hip_to_knee,2.3,3.191418937163835,2.510700826832786,1.0269707577665945,75.65491023741153
PD,hip_to_knee,2.4,3.330176282257915,2.644602099754502,1.0269707577665945,76.43020195708571
PD,hip_to_knee,2.5,3.4689336273519946,2.7789798653153497,1.0269707577665945,77.15763793451968
PD,hip_to_knee,2.6,3.607690972446075,2.9137681993023112,1.0269707577665945,77.8415164353436
PD,hip_to_knee,2.7,3.7464483175401546,3.048912650165278,1.0269707577665945,78.48563594428174
PD,hip_to_knee,2.8,3.885205662634234,3.1843678774672695,1.0269707577665945,79.09336575328467
PD,hip_to_knee,2.9,4.023963007728314,3.3200958437051273,1.0269707577665945,79.66770491463832
PD,hip_to_knee,3.0,4.162720352822394,3.4560644156852507,1.0269707577665945,80.21133173665818
EID,hip_to_knee,0.0,0.0,0.9573649233663512,0.9573649233663512,0.0
EID,hip_to_knee,0.1,0.1809062500584424,0.865840365500457,0.9573649233663512,15.893071377195428
EID,hip_to_knee,0.2,0.3618125001168848,0.8051494415250413,0.9573649233663512,27.42712948812702
EID,hip_to_knee,0.3,0.5427187501753271,0.7824997447070653,0.9573649233663512,36.17923184871249
EID,hip_to_knee,0.4,0.7236250002337696,0.8011243476299882,0.9573649233663512,43.04755133118263
EID,hip_to_knee,0.5,0.9045312502922119,0.8583406857914527,0.9573649233663512,48.581186378123256
EID,hip_to_knee,0.6,1.0854375003506542,0.9471807578412494,0.9573649233663512,53.134727458156895
EID,hip_to_knee,0.7,1.2663437504090966,1.0597208055827354,0.9573649233663512,56.947376486105895
EID,hip_to_knee,0.8,1.4472500004675393,1.1892514982818123,0.9573649233663512,60.18635192366105
EID,hip_to_knee,0.9,1.6281562505259815,1.3308208779420931,0.9573649233663512,62.97207181927267
EID,hip_to_knee,1.0,1.8090625005844239,1.480980565297198,0.9573649233663512,65.39345601197358
EID,hip_to_knee,1.1,1.9899687506428665,1.637368865903425,0.9573649233663512,67.51759287355948
EID,hip_to_knee,1.2,2.1708750007013085,1.7983615637274228,0.9573649233663512,69.39605188206004
EID,hip_to_knee,1.3,2.351781250759751,1.962826015563996,0.9573649233663512,71.06912559947047
EID,hip_to_knee,1.4,2.5326875008181933,2.1299581600298954,0.9573649233663512,72.56875235649102
EID,hip_to_knee,1.5,2.713593750876636,2.2991763095077022,0.9573649233663512,73.9205747511234
EID,hip_to_knee,1.6,2.8945000009350785,2.4700517775029325,0.9573649233663512,75.14541807200112
EID,hip_to_knee,1.7,3.0754062509935207,2.6422630466154855,0.9573649233663512,76.26037079779725
EID,hip_to_knee,1.8,3.256312501051963,2.815565018623174,0.9573649233663512,77.27958676147325
EID,hip_to_knee,1.9,3.437218751110405,2.989768031687357,0.9573649233663512,78.2148891844609
EID,hip_to_knee,2.0,3.6181250011688477,3.1647232951911124,0.9573649233663512,79.07623141660387
EID,hip_to_knee,2.1,3.79903125122729,3.34031260955787,0.9573649233663512,79.87205253254281
EID,hip_to_knee,2.2,3.979937501285733,3.5164409943347175,0.9573649233663512,80.60955475228332
EID,hip_to_knee,2.3,4.160843751344174,3.693031322142364,0.9573649233663512,81.29492202815474
EID,hip_to_knee,2.4,4.341750001402617,3.8700203576508274,0.9573649233663512,81.93349385778625
EID,hip_to_knee,2.5,4.52265625146106,4.047355795276654,0.9573649233663512,82.52990466963838
EID,hip_to_knee,2.6,4.703562501519502,4.224994016694888,0.9573649233663512,83.08819648247557
EID,hip_to_knee,2.7,4.884468751577945,4.402898373943704,0.9573649233663512,83.61191063223004
EID,hip_to_knee,2.8,5.0653750016363865,4.581037861016325,0.9573649233663512,84.10416296755639
EID,hip_to_knee,2.9,5.246281251694829,4.759386075900374,0.9573649233663512,84.56770588859527
EID,hip_to_knee,3.0,5.427187501753272,4.937920402102905,0.9573649233663512,85.00497983852934
PD,knee_to_hip,0.0,0.0,1.884981246093258,1.884981246093258,0.0
PD,knee_to_hip,0.1,0.17884775534913658,1.7805612402155637,1.884981246093258,8.665822373081355
PD,knee_to_hip,0.2,0.35769551069827316,1.6886726744338372,1.884981246093258,15.949490251551346
PD,knee_to_hip,0.3,0.5365432660474098,1.6114606764634132,1.884981246093258,22.157251077053793
PD,knee_to_hip,0.4,0.7153910213965463,1.5511185194507744,1.884981246093258,27.511100250547155
PD,knee_to_hip,0.5,0.8942387767456829,1.5096704442245843,1.884981246093258,32.17588997621816
PD,knee_to_hip,0.6,1.0730865320948195,1.48869542826402,1.884981246093258,36.27660393745688
PD,knee_to_hip,0.7,1.2519342874439559,1.489058879054144,1.884981246093258,39.90972259403694
PD,knee_to_hip,0.8,1.4307820427930926,1.5107453960322441,1.884981246093258,43.15091030740142
PD,knee_to_hip,0.9,1.609629798142229,1.5528618731754957,1.884981246093258,46.06034198848491
PD,knee_to_hip,1.0,1.7884775534913657,1.6138095866236655,1.884981246093258,48.68647373134001
PD,knee_to_hip,1.1,1.9673253088405023,1.6915542574158338,1.884981246093258,51.068763110788574
PD,knee_to_hip,1.2,2.146173064189639,1.7839011376395462,1.884981246093258,53.23966534139016
PD,knee_to_hip,1.3,2.3250208195387754,1.888709551823295,1.884981246093258,55.226120635874985
PD,knee_to_hip,1.4,2.5038685748879117,2.0040252774384575,1.884981246093258,57.05067790011889
PD,knee_to_hip,1.5,2.6827163302370485,2.1281409476965734,1.884981246093258,58.73235443911209
PD,knee_to_hip,1.6,2.8615640855861852,2.259606937743886,1.884981246093258,60.28730130285502
PD,knee_to_hip,1.7,3.0404118409353216,2.397214252444821,1.884981246093258,61.729323674540645
PD,knee_to_hip,1.8,3.219259596284458,2.539964934863415,1.884981246093258,63.07029185528843
PD,knee_to_hip,1.9,3.3981073516335947,2.687039375917981,1.884981246093258,64.32046877078106
PD,knee_to_hip,2.0,3.5769551069827314,2.837765385707304,1.884981246093258,65.48877313387777
PD,knee_to_hip,2.1,3.755802862331868,2.9915910816971962,1.884981246093258,66.5829925439296
PD,knee_to_hip,2.2,3.9346506176810045,3.1480621110531994,1.884981246093258,67.60995729254303
PD,knee_to_hip,2.3,4.113498373030141,3.3068029800993743,1.884981246093258,68.57568307669396
PD,knee_to_hip,2.4,4.292346128379278,3.467501965756664,1.884981246093258,69.48548892061575
PD,knee_to_hip,2.5,4.471193883728414,3.62989901444178,1.884981246093258,70.34409518942657
PD,knee_to_hip,2.6,4.650041639077551,3.7937760696634863,1.884981246093258,71.15570550838262
PD,knee_to_hip,2.7,4.828889394426687,3.9589493451727957,1.884981246093258,71.92407558887255
PD,knee_to_hip,2.8,5.007737149775823,4.125263144058052,1.884981246093258,72.65257133929977
PD,knee_to_hip,2.9,5.186584905124961,4.292584901547109,1.884981246093258,73.34421815783294
PD,knee_to_hip,3.0,5.365432660474097,4.460801195462932,1.884981246093258,74.0017429296573
EID,knee_to_hip,0.0,0.0,1.9319561462206525,1.9319561462206525,0.0
EID,knee_to_hip,0.1,0.30944243391999354,1.8080390092320249,1.9319561462206525,13.805774513365503
EID,knee_to_hip,0.2,0.6188848678399871,1.731203282896133,1.9319561462206525,24.261992983043463
EID,knee_to_hip,0.3,0.9283273017599806,1.707815503600033,1.9319561462206525,32.45577994780139
EID,knee_to_hip,0.4,1.2377697356799742,1.7400321898699405,1.9319561462206525,39.049740633653286
EID,knee_to_hip,0.5,1.5472121695999677,1.8249108167390495,1.9319561462206525,44.47074786708132
EID,knee_to_hip,0.6,1.8566546035199611,1.9556063499946628,1.9319561462206525,49.00621167395136
EID,knee_to_hip,0.7,2.166097037439955,2.1236765627205028,1.9319561462206525,52.85673319410358
EID,knee_to_hip,0.8,2.4755394713599483,2.3210164432373057,1.9319561462206525,56.166578169369615
EID,knee_to_hip,0.9,2.784981905279942,2.540815175554529,1.9319561462206525,59.04215562877614
EID,knee_to_hip,1.0,3.0944243391999353,2.777746464798235,1.9319561462206525,61.563670879583356
EID,knee_to_hip,1.1,3.4038667731199292,3.0277909982181153,1.9319561462206525,63.7927237199354
EID,knee_to_hip,1.2,3.7133092070399223,3.2879584052878266,1.9319561462206525,65.77740769785429
EID,knee_to_hip,1.3,4.022751640959916,3.5560275393668914,1.9319561462206525,67.55581944121906
EID,knee_to_hip,1.4,4.33219407487991,3.83033973511349,1.9319561462206525,69.15852784448035
EID,knee_to_hip,1.5,4.641636508799903,4.109645039643142,1.9319561462206525,70.61034585486327
EID,knee_to_hip,1.6,4.951078942719897,4.392991174263652,1.9319561462206525,71.93162433059712
EID,knee_to_hip,1.7,5.260521376639891,4.679644196119384,1.9319561462206525,73.1392119046583
EID,knee_to_hip,1.8,5.569963810559884,4.969031836002867,1.9319561462206525,74.24717729126832
EID,knee_to_hip,1.9,5.879406244479878,5.260702824905323,1.9319561462206525,75.26735990996067
EID,knee_to_hip,2.0,6.188848678399871,5.554297460214419,1.9319561462206525,76.2097946208068
EID,knee_to_hip,2.1,6.498291112319865,5.849526098834203,1.9319561462206525,77.08304291711698
EID,knee_to_hip,2.2,6.8077335462398585,6.146153278690771,1.9319561462206525,77.89445375975652
EID,knee_to_hip,2.3,7.117175980159851,6.443985871275694,1.9319561462206525,78.65037089481199
EID,knee_to_hip,2.4,7.426618414079845,6.742864149088345,1.9319561462206525,79.35629904135081
EID,knee_to_hip,2.5,7.7360608479998385,7.042654982088906,1.9319561462206525,80.01703816433536
EID,knee_to_hip,2.6,8.045503281919832,7.343246604890995,1.9319561462206525,80.63679276137417
EID,knee_to_hip,2.7,8.354945715839825,7.6445445543580455,1.9319561462206525,81.21926142460856
EID,knee_to_hip,2.8,8.66438814975982,7.9464684877439735,1.9319561462206525,81.76771070987657
EID,knee_to_hip,2.9,8.973830583679812,8.248949669483467,1.9319561462206525,82.2850364300285
EID,knee_to_hip,3.0,9.283273017599805,8.551928970264866,1.9319561462206525,82.77381480127924
