cycle,t,joint_id,motor_q,motor_dq,motor_tau,motor_kp,motor_kd,tau_applied,tau_dist,tau_total,disturbance_scale,q_ref_shaped,dq_ref_shaped,q_actual,dq_actual,q_error_raw,dq_error_raw,u_star,u_feedback,u_t,eta_q,eta_dq,x_hat_q,x_hat_dq,rho_q,rho_dq,x_bar_q,q_ref_shaped_next,dq_ref_shaped_next,x_bar_dq,r_d_q,r_d_dq,e_q,e_dq,observer_qacc,observer_tau_applied,u_raw,q_ref_raw,dq_ref_raw,q_error_raw2,dq_error_raw2,q_error_shaped,dq_error_shaped,eta_u,flags,joint_flags
0,0,1,-0.523079991341,0,-0.20000000298,0,0,-0.20000000298,0,-0.20000000298,0,-0.52308,0,-0.52308,0,0,-0.00421921584824,-5.42478037477,0,-0.2,-0.52308,0,0,0,-1.45471412694e-11,3.63679208488e-09,-0.52308,-0.523080000011,-1.6448834841e-08,0,-0.542099483187,-0.000792478466125,-0.019019483187,-0.000792478466125,5.19833872031,-0.2,-2.28630037477,-0.52308,-0.00421921584824,0,-0.00421921584824,0,0,-3.13848,4,0
0,0,2,0.778850018978,0,-0.20000000298,0,0,-0.20000000298,0,-0.20000000298,0,0.77885,0,0.77885,0,0,0.00527401081489,1.41891908035,0,-0.2,0.77885,0,0,0,1.81838988311e-11,-4.54597841752e-09,0.77885,0.778850000014,2.05610084822e-08,0,0.751778824239,-0.00112796565672,-0.0270711757613,-0.00112796565672,-6.47182663286,-0.2,-3.25418091965,0.77885,0.00527401081489,0,0.00527401081489,0,0,4.6731,4,0
10,0.02,1,-0.523634374142,0,-2.20000004768,0,0,-2.20000004768,0,-2.20000004768,0,-0.523080002312,1.77047548013e-07,-0.523634401708,-0.073076673929,0.000536984785049,0.0761482630665,-5.4246815162,0.00209640284665,-2.2,-0.000172699931597,-0.014741808022,-0.523224921039,0.0219455523007,1.51084811328e-10,-3.77712072952e-08,-0.52339762097,-0.523080001742,3.98440210889e-07,0.00720374427866,-0.568137397772,-0.00187721442996,-0.0447397768018,-0.00908095870861,3.20603267304,-2.2,-5.41417800976,-0.523097416923,0.00307158913752,0.000536984785049,0.0761482630665,0.000554399396135,0.0730768509766,-0.00840710360059,4,0
10,0.02,2,0.779662370682,0,1.2100019455,0,0,1.2100019455,0,1.2100019455,0,0.77885000289,-2.21309057551e-07,0.779662364204,0.115646742179,-0.000790593087192,-0.119486222052,1.41888816091,-0.19961207281,1.21000192656,0.000190295640762,0.0162647754079,0.77920999514,0.0104505084762,-1.88855819871e-10,4.7213948001e-08,0.77940029078,0.778850002177,-4.98049414132e-07,0.026715283884,0.790576427841,0.000488379730584,0.011176137061,-0.0262269041535,-0.951680861907,1.21000192656,1.21000192656,0.778871771117,-0.00383947987324,-0.000790593087192,-0.119486222052,-0.000812361313922,-0.115646963488,0.00927416154852,4,0
20,0.04,1,-0.526742935181,0,-4.19999980927,0,0,-4.19999980927,0,-4.19999980927,0,-0.523079984156,2.71213945027e-07,-0.526742938266,-0.228575678766,0.00369291157496,0.227596820689,-5.42504376947,1.04801107181,-4.2,-0.000237034112157,-0.0197888590597,-0.526207200732,-0.109071067576,-4.4900849705e-10,1.12252117214e-07,-0.526444234844,-0.523079984241,-3.78987070572e-07,-0.128859926636,-0.568116189094,-0.00187623732514,-0.0416719542501,0.126983689311,1.39698516675,-4.2,-4.36571606346,-0.523050026691,-0.000978858076791,0.00369291157496,0.227596820689,0.00366295410925,0.22857594998,-0.0113166342028,4,0
20,0.04,2,0.783918678761,0,0.0157738234848,0,0,0.0157738234848,0,0.0157738234848,0,0.778849980195,-3.39016853056e-07,0.783918664019,0.276827932583,-0.00510613059187,-0.275604362074,1.41900075504,-1.39050558254,0.0157738230756,0.000266359429536,0.0222463856937,0.783316034349,0.142276465796,5.61259483334e-10,-1.40314881811e-07,0.783582393779,0.778849980301,4.73733030208e-07,0.164522851489,0.790548665026,0.000487106184401,0.00696627124667,-0.164035745305,-6.35046318023,0.0157738230756,0.0157738230756,0.778812533427,0.00122357050905,-0.00510613059187,-0.275604362074,-0.00506868382359,-0.2768282716,0.0127213494241,4,0
30,0.06,1,-0.532933533192,0,-2.86204385757,0,0,-2.86204385757,0,-2.86204385757,0,-0.523079914685,3.65230291881e-05,-0.532933525248,-0.359196360151,0.00992558180311,0.387657856957,-5.41598605446,2.54424466622,-2.86204391311,-0.000205241180274,-0.0169320561115,-0.532482777705,-0.261285853307,1.46086051034e-08,-3.6521512813e-06,-0.532688018885,-0.523079821424,5.75867936001e-05,-0.278217909419,-0.568054239088,-0.00183740715429,-0.0353662202036,0.276380502264,2.96977814279,-2.86204391311,-2.86204391311,-0.523007943445,0.0284614968061,0.00992558180311,0.387657856957,0.00985361056272,0.35923288318,-0.0096974751374,4,0
30,0.06,2,0.790001749992,0,-0.94719594717,0,0,-0.94719594717,0,-0.94719594717,0,0.778849893356,-4.56538006573e-05,0.790001738506,0.299381562069,-0.0112418092901,-0.334958442069,1.41614877269,-2.35252180907,-0.947195949904,0.000229233511047,0.0188950249206,0.789499352352,0.190475062924,-1.82607575727e-08,4.5651893802e-06,0.789728585863,0.77884977678,-7.19835077267e-05,0.209370087845,0.790540645737,0.000441460881895,0.00081205987425,-0.208928626963,-10.4876169619,-0.947195949904,-0.947195949904,0.778759929216,-0.0355768799993,-0.0112418092901,-0.334958442069,-0.0111518451498,-0.29942721587,0.0108229135266,4,0
40,0.08,1,-0.540653765202,0,-1.58193838596,0,0,-1.58193838596,0,-1.58193838596,0,-0.523075502301,0.000498972683882,-0.540653782804,-0.397510235358,0.0197202385477,0.58246127634,-5.3924631134,3.80395257075,-1.58193841328,-0.000139015743641,-0.0114760698305,-0.540348008978,-0.330938933539,5.11263258396e-08,-1.27815814682e-05,-0.540487024721,-0.523074429147,0.000574921746902,-0.34241500337,-0.567880141336,-0.00136788727592,-0.0273931166146,0.341047116094,4.42314516412,-1.58193841328,-1.58193841328,-0.520933544256,0.184951040982,0.0197202385477,0.58246127634,0.0175782805033,0.398009208042,-0.00657212937707,4,0
40,0.08,2,0.79496127367,0,-1.20073914528,0,0,-1.20073914528,0,-1.20073914528,0,0.778844377875,-0.000623715887404,0.794961300816,0.195658405495,-0.0187943707647,-0.426847215596,1.40839274441,-2.6021161559,-1.20073914158,0.000148588880377,0.0122483936203,0.794635637879,0.124994748444,-6.39079087428e-08,1.5976977187e-05,0.79478422676,0.778843036433,-0.000718652218349,0.137243142064,0.790502280248,-0.000137969955231,-0.00428194651232,-0.137381112019,-11.301750656,-1.20073914158,-1.20073914158,0.776166930052,-0.231188810101,-0.0187943707647,-0.426847215596,-0.016116922941,-0.196282121382,0.00701573009243,4,0
50,0.1,1,-0.548531889915,0,-0.623552560806,0,0,-0.623552560806,0,-0.623552560806,0,-0.523057157585,0.00134828298473,-0.54853187832,-0.386111204652,0.0324603465579,0.661212407543,-5.3873600885,4.75870090505,-0.623552553796,-0.000107480467707,-0.00892349369528,-0.548292179378,-0.333248350065,5.84963785188e-08,-1.46240946207e-05,-0.548399659846,-0.523054377347,0.00143399114011,-0.342171843761,-0.567831536445,-0.000517316134449,-0.0194318765994,0.341654527626,5.49364260154,-0.623552553796,-0.623552553796,-0.516071531762,0.27510120289,0.0324603465579,0.661212407543,0.0254747207353,0.387459487637,-0.00510662965388,4,0
50,0.1,2,0.797445714474,0,-0.944988250732,0,0,-0.944988250732,0,-0.944988250732,0,0.77882144698,-0.00168535378799,0.797445736157,0.0676258253364,-0.0273563218988,-0.411502337671,1.40599209574,-2.34583793946,-0.94498824511,0.000108375985971,0.00898429094227,0.797204922123,0.0146935160696,-7.31204750082e-08,1.82801187568e-05,0.797313298109,0.778817971683,-0.00179248898503,0.0236778070119,0.790474962635,-0.0011997906357,-0.00683833547394,-0.0248775976476,-9.86977676105,-0.94498824511,-0.94498824511,0.770089414258,-0.343876512334,-0.0273563218988,-0.411502337671,-0.0186242891775,-0.0693111791244,0.00514240138696,4,0
60,0.12,1,-0.555896520615,0,0.162832647562,0,0,0.162832647562,0,0.162832647562,0,-0.523018003022,0.00278039482625,-0.555896518554,-0.350963458014,0.0460864197003,0.727946852323,-5.33280303247,5.49086572637,0.16283264811,-0.000100094708401,-0.00833877192122,-0.555671453225,-0.300968900643,1.41954805688e-07,-3.54887014108e-05,-0.555771547934,-0.523012232933,0.00299151065871,-0.309307672565,-0.567341328456,0.000933589599819,-0.0115697805226,0.310241262164,6.35221896511,0.16283264811,0.16283264811,-0.509810098854,0.376983394308,0.0460864197003,0.727946852323,0.0328785155321,0.353743852841,-0.00476995421101,4,0
60,0.12,2,0.797633469105,0,-0.522453963757,0,0,-0.522453963757,0,-0.522453963757,0,0.778772503774,-0.00347549361978,0.797633471516,-0.032654313428,-0.035370848566,-0.438574937927,1.38764116639,-1.90554202143,-0.522453967381,9.56557889075e-05,0.00795835521171,0.797419079697,-0.0801390056145,-1.77443509108e-07,4.43608772856e-05,0.797514735486,0.778765291163,-0.00373938841352,-0.0721806504028,0.790278262283,-0.00299608701526,-0.00723647320266,0.0691845633876,-7.80097188756,-0.522453967381,-0.522453967381,0.76226262295,-0.471229251355,-0.035370848566,-0.438574937927,-0.0188609677414,0.0291788198082,0.0045531123393,4,0
70,0.14,1,-0.562403082848,0,0.745979189873,0,0,0.745979189873,0,0.745979189873,0,-0.522938837373,0.00523897569223,-0.562403097694,-0.303107390587,0.0616234097947,0.817278858354,-5.30653793139,6.04764119567,0.745979208545,-0.000102176271769,-0.00852577327232,-0.562172469972,-0.251704077255,1.76252445305e-07,-4.40631113335e-05,-0.562274646244,-0.522928094403,0.00550367397009,-0.260229850527,-0.567042784579,0.00340131122528,-0.00476813833514,0.263631161752,6.97935791657,0.745979208545,0.745979208545,-0.500779687899,0.514171467767,0.0616234097947,0.817278858354,0.0394642603213,0.308346366279,-0.00487594426678,4,0
70,0.14,2,0.796251475811,0,-0.0965023264289,0,0,-0.0965023264289,0,-0.0965023264289,0,0.778673546711,-0.00654871973549,0.796251485166,-0.0927625899084,-0.0452768760744,-0.549951752801,1.37709404276,-1.46913975605,-0.0965023255984,9.34693799564e-05,0.00779159206256,0.796041009377,-0.139574729704,-2.20315559019e-07,5.50788897551e-05,0.796134478757,0.778660117999,-0.00687959258641,-0.131783137641,0.790092367623,-0.00607293553083,-0.0060421111346,0.125710202111,-5.83567441342,-0.0965023255984,-0.0965023255984,0.750974609092,-0.64271434271,-0.0452768760744,-0.549951752801,-0.0175779384558,0.0862138701729,0.00445661231102,4,0
80,0.16,1,-0.567883908749,0,1.19793021679,0,0,1.19793021679,0,1.19793021679,0,-0.52280788021,0.0079932398353,-0.567883918574,-0.249384384825,0.0778685891471,0.814935389746,-5.26141890669,6.45420706503,1.19793021932,-0.000107795285392,-0.00899057854039,-0.567640873053,-0.19527867956,2.43577226833e-07,-6.089430671e-05,-0.567748668338,-0.522791535258,0.00835515924608,-0.2042692581,-0.566534273381,0.00617130678653,0.0012143949574,0.210440564887,7.45376595422,1.19793021932,1.19793021932,-0.490015329426,0.56555100492,0.0778685891471,0.814935389746,0.0450760383631,0.257377624661,-0.00514206098255,4,0
80,0.16,2,0.794094622135,0,0.227197870612,0,0,0.227197870612,0,0.227197870612,0,0.778509850255,-0.00999154995295,0.79409463454,-0.115708367375,-0.0565754736966,-0.591230396544,1.36035954562,-1.12861207966,0.22719787408,9.54607698057e-05,0.00795365452623,0.79387992978,-0.163395755617,-3.04471536094e-07,7.61178840104e-05,0.79397539055,0.778489419064,-0.0104439492203,-0.155442101091,0.789788685226,-0.00952159849585,-0.00418670532414,0.145920502595,-4.40913210061,0.22719787408,0.22719787408,0.737519160843,-0.70693876392,-0.0565754736966,-0.591230396544,-0.0155847842847,0.105716817422,0.00454959188195,4,0
90,0.18,1,-0.572216033936,0,1.52203714848,0,0,1.52203714848,0,1.52203714848,0,-0.522606793164,0.012360084102,-0.572216037806,-0.189052253238,0.094777129243,0.884631823835,-5.19634870944,6.71312781726,1.5220371478,-0.000110250141876,-0.0091930782467,-0.571967602375,-0.133766976624,3.33319840506e-07,-8.3329960126e-05,-0.572077852517,-0.522581574692,0.0128592260077,-0.142960054871,-0.565790909652,0.010560745915,0.00628694286555,0.153520800786,7.77870745695,1.5220371478,1.5220371478,-0.477438908563,0.695579570597,0.094777129243,0.884631823835,0.0496092446422,0.20141233734,-0.0052580399746,4,0
90,0.18,2,0.791736960411,0,0.432258546352,0,0,0.432258546352,0,0.432258546352,0,0.778258491444,-0.0154501053235,0.791736934613,-0.1171817134,-0.0699382999976,-0.752292756909,1.33584421203,-0.899106207078,0.432258561195,9.39983167618e-05,0.0078309077054,0.791525575632,-0.164125751728,-4.16649803103e-07,0.000104162450773,0.791619573948,0.778226968353,-0.0160740327092,-0.156294844023,0.789333969585,-0.0149886270676,-0.00228560436318,0.141306216955,-3.54454945294,0.432258561195,0.432258561195,0.721798634616,-0.869474470309,-0.0699382999976,-0.752292756909,-0.0134784431695,0.101731608076,0.00447944375327,4,0
100,0.2,1,-0.575315475464,0,1.63339865208,0,0,1.63339865208,0,1.63339865208,0,-0.522309673435,0.0172761449731,-0.575315486243,-0.127453265179,0.112697164349,0.892873834479,-5.20039161562,6.82835627746,1.63339869535,-0.000113880594856,-0.00950149986755,-0.575058499142,-0.070188659398,3.15843696086e-07,-7.89609240204e-05,-0.575172379737,-0.522274658768,0.0177442160928,-0.0796901592655,-0.565525958346,0.0154754664351,0.00964642139036,0.0951656257006,7.8718567244,1.63339869535,1.63339869535,-0.462618321895,0.7654205693,0.112697164349,0.892873834479,0.0530058128087,0.144729410152,-0.00543403350291,4,0
100,0.2,2,0.789517045021,0,0.556834876537,0,0,0.556834876537,0,0.556834876537,0,0.777887091778,-0.0215951814525,0.789517023836,-0.103979505375,-0.0862441226913,-0.852796212831,1.3322324806,-0.770874588887,0.556834848365,9.48155944984e-05,0.00790829956781,0.789303220424,-0.151591225028,-3.94804623216e-07,9.87011558004e-05,0.789398036019,0.777843323444,-0.0221802703567,-0.14368292546,0.78893216162,-0.0211349702091,-0.000465874399071,0.122547955251,-3.05787087254,0.556834848365,0.556834848365,0.703272901145,-0.956775718206,-0.0862441226913,-0.852796212831,-0.0116299320584,0.0823843239222,0.00452304335089,4,0
110,0.22,1,-0.577189564705,0,1.74326121807,0,0,1.74326121807,0,1.74326121807,0,-0.521908749151,0.0232569573689,-0.577189594,-0.0656647281882,0.130439469933,0.905236000093,-5.08216487885,6.81991061159,1.74326115875,-0.000115713482347,-0.00964229024658,-0.576929254957,-0.00781361178531,4.82359267306e-07,-0.000120589816839,-0.577044968439,-0.521861516616,0.0239780369433,-0.0174559020319,-0.564140841653,0.0214972868479,0.0129041267863,0.0389531888798,7.94662821647,1.74326115875,1.74326115875,-0.446750124067,0.839571271905,0.130439469933,0.905236000093,0.0552808448484,0.088921685557,-0.00551542601737,4,0
110,0.22,2,0.787635326385,0,0.552737653255,0,0,0.552737653255,0,0.552737653255,0,0.777385936418,-0.0290711969862,0.787635312454,-0.0866332941015,-0.104197658721,-0.962830801746,1.28949380061,-0.732264299376,0.552737630179,9.42946004663e-05,0.00785220690013,0.787423498476,-0.133635103799,-6.02949086437e-07,0.000150737271598,0.787517793076,0.777326895749,-0.0299725464575,-0.125782896899,0.788075727167,-0.0286257890384,0.000557934090614,0.097157107861,-3.11270317211,0.552737630179,0.552737630179,0.683437653733,-1.04946409585,-0.104197658721,-0.962830801746,-0.0102493760362,0.0575620971153,0.00449187105286,4,0
120,0.24,1,-0.577830314636,0,1.64490544796,0,0,1.64490544796,0,1.64490544796,0,-0.521368937808,0.0307906321536,-0.57783031118,-0.00542102705876,0.148888856101,0.937058259742,-5.05422745529,6.69354444895,1.64490548667,-0.000117153165788,-0.00977114804591,-0.577566158098,0.0533978533531,4.98834449192e-07,-0.000124708612311,-0.577683311263,-0.521306605452,0.0315403035222,0.0436267053072,-0.563368014097,0.0290406706415,0.0143152971667,-0.0145860346656,7.79732663416,1.64490548667,1.64490548667,-0.428941455079,0.931637232684,0.148888856101,0.937058259742,0.0564613733727,0.0362116592123,-0.00558849301768,4,0
120,0.24,2,0.786068081856,0,0.523140490055,0,0,0.523140490055,0,0.523140490055,0,0.776711172233,-0.0384882904983,0.786068093813,-0.0715911799774,-0.124891276424,-1.0929553659,1.27326765334,-0.745629321473,0.523140489048,9.42822562984e-05,0.00786429855645,0.785855457647,-0.11895234884,-6.23543063849e-07,0.000155885765966,0.785949739903,0.776633256788,-0.0394253797125,-0.111088050283,0.787265929755,-0.0380485089348,0.00131618985254,0.0730395413485,-3.26214234445,0.523140489048,0.523140489048,0.661176817389,-1.16454654588,-0.124891276424,-1.0929553659,-0.00935692158012,0.0331028894792,0.00449784281602,4,0
130,0.26,1,-0.577352643013,0,1.50739586353,0,0,1.50739586353,0,1.50739586353,0,-0.52067948072,0.0383395014943,-0.577352613824,0.0469853984145,0.167337152294,0.915745351814,-4.98436864871,6.48597305648,1.50739592126,-0.000121481882702,-0.0101252443905,-0.577079138841,0.107777494673,5.86112462897e-07,-0.000146528115727,-0.577200620724,-0.520601931133,0.0392143781437,0.0976522502822,-0.56209572032,0.0366138248443,0.0151049004038,-0.061038425438,7.59970585149,1.50739592126,1.50739592126,-0.41001546153,0.962730750228,0.167337152294,0.915745351814,0.0566731331035,-0.00864589692029,-0.00579151349147,4,0
130,0.26,2,0.784804999828,0,0.431066483259,0,0,0.431066483259,0,0.431066483259,0,0.775849350867,-0.0479243772125,0.784804988896,-0.0571297412381,-0.147285663541,-1.14628370117,1.24385722986,-0.808085909116,0.431066492714,9.86940476823e-05,0.00822532748405,0.784582837923,-0.10650486936,-7.32640580536e-07,0.000183160145128,0.784681531971,0.775752413882,-0.049017973027,-0.0982795418756,0.786157724401,-0.0474948616486,0.00147619242982,0.050784680227,-3.65907161024,0.431066492714,0.431066492714,0.637519325355,-1.20341344241,-0.147285663541,-1.14628370117,-0.00895563802811,0.00920536402563,0.00470482802812,4,0
140,0.28,1,-0.575874447823,0,1.31328773499,0,0,1.31328773499,0,1.31328773499,0,-0.519819756597,0.0478586000621,-0.575874439061,0.0948904167791,0.18582618157,0.939240590672,-4.909914401,6.21736836366,1.31328776295,-0.000122329963476,-0.010199641017,-0.575598825593,0.156218143386,6.65485133555e-07,-0.00016637128339,-0.575721155557,-0.519723041156,0.0488568341561,0.146018502369,-0.56061626766,0.0461587454345,0.0151048878969,-0.0998597569343,7.33682615771,1.31328776295,1.31328776295,-0.390048257491,1.03413100745,0.18582618157,0.939240590672,0.0560546824642,-0.0470318167171,-0.00583380028936,4,0
140,0.28,2,0.783733129501,0,0.314274966717,0,0,0.314274966717,0,0.314274966717,0,0.774774695706,-0.0598232504408,0.78373310003,-0.0517467215193,-0.171172779805,-1.2409170413,1.21102137935,-0.891998220772,0.314274975384,9.9536685115e-05,0.00830192616895,0.783508654454,-0.101729422867,-8.31856417749e-07,0.00020796410445,0.783608191139,0.774653801404,-0.0610710430597,-0.093427496698,0.784809550717,-0.059405131482,0.00120135957754,0.034022365216,-4.12643256147,0.314274975384,0.314274975384,0.612560320225,-1.29266376282,-0.171172779805,-1.2409170413,-0.00895840432452,-0.00807652892147,0.00474818319517,4,0
150,0.3,1,-0.573541581631,0,1.0147639513,0,0,1.0147639513,0,1.0147639513,0,-0.51876395433,0.0576047910413,-0.573541584835,0.132537282121,0.20460607305,0.93384783083,-4.90525886413,5.91398002313,1.01476400308,-0.000126635864941,-0.0105660577955,-0.573255802661,0.196218464908,6.36620329009e-07,-0.000159155082256,-0.573382438526,-0.518647801044,0.0585541082124,0.185652407112,-0.559519997478,0.0559066225768,0.013862441048,-0.129745784536,6.96615616225,1.01476400308,1.01476400308,-0.368935511785,1.06638511295,0.20460607305,0.93384783083,0.0547776305049,-0.0749324910794,-0.00604284408739,4,0
150,0.3,2,0.782721817493,0,0.208739191294,0,0,0.208739191294,0,0.208739191294,0,0.773454942865,-0.0720059891863,0.782721821336,-0.0497219201819,-0.196552433304,-1.28325947382,1.19951867914,-0.985751188888,0.208739186963,0.000105302932789,0.00879297137581,0.782483733467,-0.102866967611,-7.95775413565e-07,0.000198943853391,0.782589036399,0.773309751257,-0.0731926356537,-0.0940739962348,0.783391777881,-0.071591954394,0.000802741481332,0.0224820418407,-4.5277654214,0.208739186963,0.208739186963,0.586169388031,-1.332981394,-0.196552433304,-1.28325947382,-0.00926687847098,-0.0222840690044,0.00502830328464,4,0
160,0.32,1,-0.570561945438,0,0.820223212242,0,0,0.820223212242,0,0.820223212242,0,-0.517509437117,0.0681843910481,-0.570561960946,0.161648688944,0.223175831765,0.932811744633,-4.79588192355,5.6099433001,0.820223203493,-0.000129243145529,-0.0107727361239,-0.570270987089,0.226347501962,7.60170532965e-07,-0.00019004263324,-0.570400230235,-0.517371930049,0.0693236622868,0.215574765838,-0.557354595633,0.0665241761099,0.0130456346011,-0.149050589729,6.69914029122,0.820223203493,0.820223203493,-0.347386129181,1.09446043358,0.223175831765,0.932811744633,0.0530525238282,-0.0934642978961,-0.00616182693513,4,0
160,0.32,2,0.78169721365,0,0.0610172599554,0,0,0.0610172599554,0,0.0610172599554,0,0.771886796341,-0.0852304892067,0.781697235332,-0.054015916018,-0.222464575606,-1.31405962794,1.15448347997,-1.08825047519,0.0610172595119,0.000109364303618,0.00911911889165,0.781450791493,-0.108860139982,-9.50213165707e-07,0.00023755329142,0.781560155796,0.771714912505,-0.0866545782542,-0.0997410210903,0.781447429143,-0.0848321295066,-0.000112726653388,0.0149088915837,-5.07749495632,0.0610172595119,0.0610172595119,0.559232659726,-1.36807554396,-0.222464575606,-1.31405962794,-0.00981043899077,-0.0312145731887,0.00521574526753,4,0
170,0.34,1,-0.567080318928,0,0.556108772755,0,0,0.556108772755,0,0.556108772755,0,-0.516031305314,0.0796162099103,-0.567080296686,0.182758998129,0.241875467744,0.935869394861,-4.76507488208,5.31490239219,0.556108750015,-0.000131688306372,-0.0109822201371,-0.566783465963,0.248830326542,7.54524845048e-07,-0.000188631211272,-0.56691515427,-0.515870940331,0.0807483848871,0.237848106405,-0.555619190032,0.0779667147137,0.0112959642373,-0.159881391691,6.36307755749,0.556108750015,0.556108750015,-0.325204828942,1.11862839299,0.241875467744,0.935869394861,0.0510489913721,-0.103142788219,-0.00628123990676,4,0
170,0.34,2,0.780508637428,0,-0.0498451255262,0,0,-0.0498451255262,0,-0.0498451255262,0,0.770039131579,-0.0995202627739,0.780508614812,-0.0642253976304,-0.249002580411,-1.33406009442,1.13289894859,-1.17732395568,-0.0498451253933,0.000113572168073,0.00947737059909,0.780252230321,-0.121372944072,-9.43156056255e-07,0.000235789014066,0.780365802489,0.76983867535,-0.100935481495,-0.111895573473,0.779418504864,-0.0991294555537,-0.000947297624913,0.0127661179193,-5.45101197436,-0.0498451253933,-0.0498451253933,0.5315060344,-1.39828549205,-0.249002580411,-1.33406009442,-0.0104694832328,-0.0352948651435,0.00542011830799,4,0
180,0.36,1,-0.563279092312,0,0.354869455099,0,0,0.354869455099,0,0.354869455099,0,-0.514325161406,0.0911058812768,-0.563279079095,0.195078630559,0.260479840828,0.926665139537,-4.70518543827,5.05363838789,0.354869449684,-0.000134584344758,-0.0112179879892,-0.562976078102,0.262448216663,7.91377675946e-07,-0.000197844418978,-0.563110662446,-0.514141763498,0.0922924870644,0.251230228674,-0.553413707165,0.0894771918702,0.00969695528086,-0.161753036804,6.09364862909,0.354869449684,0.354869449684,-0.302799238267,1.1217437701,0.260479840828,0.926665139537,0.0489539176893,-0.103972749282,-0.00641650006312,4,0
180,0.36,2,0.77908706665,0,-0.162020102143,0,0,-0.162020102143,0,-0.162020102143,0,0.767906451686,-0.113882351987,0.779087084783,-0.0774421782158,-0.275588038739,-1.32473753474,1.10201565057,-1.2583857374,-0.16202009868,0.000118466255155,0.00987842862976,0.778820109019,-0.136854599264,-9.89222093462e-07,0.000247305523367,0.778938575275,0.767677204301,-0.11536560922,-0.126976170635,0.777026997727,-0.113502329236,-0.00191157754729,0.013473841399,-5.81395816189,-0.16202009868,-0.16202009868,0.503499046044,-1.40217971296,-0.275588038739,-1.32473753474,-0.011180633097,-0.0364401737715,0.00565001184581,4,0
190,0.38,1,-0.559299767017,0,0.167514532804,0,0,0.167514532804,0,0.167514532804,0,-0.512384554987,0.102914106272,-0.559299787961,0.201131232047,0.278918917393,0.915721017095,-4.67315931606,4.8341839672,0.167514530906,-0.000136106926938,-0.011346476407,-0.55899327636,0.269299668439,7.76447943829e-07,-0.000194111985946,-0.559129383287,-0.512177561539,0.104079060182,0.257953192032,-0.551206068495,0.101296543209,0.00792331479186,-0.156656648823,5.84196920983,0.167514530906,0.167514530906,-0.280380870568,1.11685224914,0.278918917393,0.915721017095,0.0469152329736,-0.0982171257759,-0.00648987976512,4,0
190,0.38,2,0.777353584766,0,-0.249059051275,0,0,-0.249059051275,0,-0.249059051275,0,0.765480693655,-0.128642633193,0.777353603851,-0.0944927058399,-0.301877517425,-1.30157260467,1.07929872066,-1.32255260802,-0.24905905201,0.000121700326153,0.0101499253922,0.777079247226,-0.15556813052,-9.70559926761e-07,0.000242639981692,0.777200947553,0.765221951844,-0.130098825576,-0.145418205128,0.774410969338,-0.128270538373,-0.00278997821485,0.0171476667544,-6.05748572779,-0.24905905201,-0.24905905201,0.475476086426,-1.39606531051,-0.301877517425,-1.30157260467,-0.0118729101955,-0.0341499273535,0.00580516465303,4,0
200,0.4,1,-0.555261135101,0,0.0856965109706,0,0,0.0856965109706,0,0.0856965109706,0,-0.510208744366,0.114840828171,-0.555261151691,0.202353387466,0.297062174647,0.901186839191,-4.5845758137,4.663751124,0.085696508631,-0.00013684938684,-0.0114002040168,-0.55495352358,0.270649893812,8.43796276739e-07,-0.000210949069177,-0.555090372967,-0.509977790237,0.116109911533,0.259249689796,-0.548293080854,0.113253980817,0.00679729211269,-0.145995708978,5.69974614925,0.085696508631,0.085696508631,-0.258198977045,1.10354022666,0.297062174647,0.901186839191,0.0450524073251,-0.0875125592946,-0.00652119832945,4,0
200,0.4,2,0.775254786015,0,-0.336526125669,0,0,-0.336526125669,0,-0.336526125669,0,0.762760930372,-0.143551035539,0.775254815168,-0.114300883701,-0.327506095618,-1.26512439797,1.03867114153,-1.36929339352,-0.336526121843,0.000123880828042,0.0103211697799,0.774976263531,-0.176154662294,-1.0547453454e-06,0.000263686336357,0.775100144359,0.762472237711,-0.145137389742,-0.165833492514,0.771352408542,-0.143193057282,-0.0037477358167,0.0226404352323,-6.28839772957,-0.336526121843,-0.336526121843,0.44774871955,-1.37942528167,-0.327506095618,-1.26512439797,-0.0124938847959,-0.029250151838,0.00590386985822,4,0
210,0.42,1,-0.551229476929,0,-0.0783792585135,0,0,-0.0783792585135,0,-0.0783792585135,0,-0.507791154733,0.126558800055,-0.551229488074,0.199796087294,0.314930049056,0.878798618777,-4.6235286706,4.53859501777,-0.0783792587561,-0.00013743761816,-0.0114595367402,-0.550919849459,0.268686509513,7.05730999417e-07,-0.000176432749847,-0.551057287078,-0.50753697336,0.127619984748,0.257226972773,-0.546199259633,0.12495846235,0.00485802744465,-0.132268510423,5.47897568234,-0.0783792587561,-0.0783792587561,-0.236299439018,1.07859470607,0.314930049056,0.878798618777,0.0434383333409,-0.0732372872392,-0.00655439407908,4,0
210,0.42,2,0.772731125355,0,-0.360789120197,0,0,-0.360789120197,0,-0.360789120197,0,0.759738943325,-0.158198500349,0.772731142662,-0.13507021594,-0.352356845606,-1.21317316417,1.03770599777,-1.39249668297,-0.360789121933,0.00012573434408,0.0104880613417,0.772447592224,-0.198212422952,-8.82163743943e-07,0.000220540935999,0.772573326569,0.759421216608,-0.159524981208,-0.18772436161,0.768321605877,-0.157840889409,-0.00425172069115,0.0298834722009,-6.25318116473,-0.360789121933,-0.360789121933,0.420374297056,-1.34824338011,-0.352356845606,-1.21317316417,-0.0129921993373,-0.023128284409,0.00599843673532,4,0
220,0.44,1,-0.547309219837,0,-0.0803497955203,0,0,-0.0803497955203,0,-0.0803497955203,0,-0.505156090832,0.136962797528,-0.547309215199,0.19300718713,0.332076350336,0.835878646714,-4.55673868784,4.4697910018,-0.0803497933174,-0.000138474875556,-0.011534086939,-0.546998036777,0.262068783805,7.38575678283e-07,-0.000184643919562,-0.547136511652,-0.504881068203,0.138065246,0.250534696866,-0.543008215297,0.135385625675,0.00412829635532,-0.115149071191,5.42570350106,-0.0803497933174,-0.0803497933174,-0.215232864863,1.02888583384,0.332076350336,0.835878646714,0.0421531243676,-0.0560443896022,-0.00659789272282,4,0
220,0.44,2,0.769829750061,0,-0.410135775805,0,0,-0.410135775805,0,-0.410135775805,0,0.756445113443,-0.171203497114,0.769829737941,-0.153701351816,-0.375788658517,-1.13240593688,1.00488721449,-1.40892944661,-0.410135783778,0.000127891094317,0.010652410186,0.769542361218,-0.217473350823,-9.23219593885e-07,0.000230804898474,0.769670252312,0.756101335157,-0.172581557698,-0.206820940637,0.764753968871,-0.170857294805,-0.00491628344116,0.0359636458321,-6.32271045307,-0.410135783778,-0.410135783778,0.394041079425,-1.2861072887,-0.375788658517,-1.13240593688,-0.0133846244981,-0.0175021452985,0.00609355165891,4,0
230,0.46,1,-0.54347640276,0,-0.113663315773,0,0,-0.113663315773,0,-0.113663315773,0,-0.502297972526,0.148741784776,-0.543476382175,0.1904291276,0.34858586132,0.812823240239,-4.55327143263,4.4332295474,-0.113663312143,-0.000133739424517,-0.0111522730801,-0.543175034003,0.257507370012,6.44854363574e-07,-0.000161213590906,-0.543308773427,-0.501999503139,0.149718334444,0.246355096931,-0.54012307777,0.147165738725,0.00318569565743,-0.0991893582069,5.34003719276,-0.113663312143,-0.113663312143,-0.194890520854,1.00325236784,0.34858586132,0.812823240239,0.041178409649,-0.0416873428237,-0.00637857308716,4,0
230,0.46,2,0.766481339931,0,-0.411069959402,0,0,-0.411069959402,0,-0.411069959402,0,0.752872465557,-0.185927231125,0.766481341796,-0.178354701858,-0.397868192307,-1.07571075391,0.990281468641,-1.39549983624,-0.411069944535,0.000122649670171,0.0102313578247,0.766204749137,-0.239977019695,-8.06067948833e-07,0.000201516987205,0.766327398807,0.752499378823,-0.1871479182,-0.229745661871,0.761061830341,-0.185586007592,-0.00526556846606,0.0441596542784,-6.17555729883,-0.411069944535,-0.411069944535,0.368613149489,-1.25406545576,-0.397868192307,-1.07571075391,-0.0136088762387,-0.00757252926712,0.00585157693336,4,0
240,0.48,1,-0.53977227211,0,-0.168990030885,0,0,-0.168990030885,0,-0.168990030885,0,-0.499237827695,0.156755832968,-0.539772266218,0.180267582609,0.364205272065,0.743011583031,-4.61293427392,4.43734979492,-0.1689900307,-0.000138307721651,-0.0115292039561,-0.53946088623,0.249487868114,4.72145200381e-07,-0.000118036300097,-0.539599193952,-0.49892361103,0.157462441276,0.237958664158,-0.537557465759,0.155159181382,0.00204172819319,-0.0827994827764,5.23833454275,-0.1689900307,-0.1689900307,-0.175566994153,0.92327916564,0.364205272065,0.743011583031,0.0405344385232,-0.0235117496409,-0.00659444830797,4,0
240,0.48,2,0.762757241726,0,-0.386989623308,0,0,-0.386989623308,0,-0.386989623308,0,0.749047284517,-0.195944791258,0.76275721616,-0.191491931271,-0.418298474956,-0.96260702066,0.998672120363,-1.37952390447,-0.386989629768,0.000128715841577,0.010731101232,0.762467349337,-0.255941847498,-5.9018149301e-07,0.000147545373258,0.762596065179,0.748654513686,-0.196828051633,-0.245210746266,0.757304068777,-0.195600758581,-0.00529199640162,0.0496099876852,-5.95126977279,-0.386989629768,-0.386989629768,0.344458741204,-1.15409895193,-0.418298474956,-0.96260702066,-0.0137099316437,-0.00445285998778,0.00613784566546,4,0
