family,scan,group,ko_scale,ku_scale,repeat,log_path,joint,u_star_rms,u_feedback_rms,u_eid_comp_rms,u_raw_rms,u_t_rms,tau_cmd_rms,tau_est_rms,tau_dist_rms
P2D,,,,,r01,data/20260623_191351/h1_real_p2_anti_hip_knee_eid_log.csv,Hip,2.580411934137794,5.996564195261281,0.019536535572600676,8.033871777975044,7.91938564836594,2.857623457753566,2.8656418603652436,5.43970084988701
P2D,,,,,r01,data/20260623_191351/h1_real_p2_anti_hip_knee_eid_log.csv,Knee,1.1235155235842402,5.128197920681637,0.04651018985134112,5.528912692128275,5.464813709187421,2.7103553399172857,2.642413742080112,3.6264672332580066
P2D,,,,,r02,data/20260623_191422/h1_real_p2_anti_hip_knee_eid_log.csv,Hip,2.580992162300594,6.059371725873344,0.02171933270431867,8.08435987713114,7.874583903354227,2.8676621835718947,2.8239699325533727,5.441399320214506
P2D,,,,,r02,data/20260623_191422/h1_real_p2_anti_hip_knee_eid_log.csv,Knee,1.1254970993402567,5.557154176590997,0.04752371599795696,5.933523930276327,5.640194262449051,3.0576599614701863,2.991714865308895,3.6275995468096704
P2D,,,,,r03,data/20260623_191453/h1_real_p2_anti_hip_knee_eid_log.csv,Hip,2.5813657680346958,6.032105619904267,0.02181530192880711,8.05140385707743,7.866321475105589,2.8371144209679238,2.8051161181981104,5.435982424600484
P2D,,,,,r03,data/20260623_191453/h1_real_p2_anti_hip_knee_eid_log.csv,Knee,1.123478556896842,5.409081369018592,0.04693331338577302,5.792106322887265,5.551582132374087,2.8875544333571583,2.816909919878612,3.623988283066989
P2D,,,,,r04,data/20260623_191520/h1_real_p2_anti_hip_knee_eid_log.csv,Hip,2.580639945622163,5.981828719772571,0.022086983612279846,8.002434199142204,7.803459661183642,2.803448650801818,2.7794298210752353,5.439727148981969
P2D,,,,,r04,data/20260623_191520/h1_real_p2_anti_hip_knee_eid_log.csv,Knee,1.1247910328831805,5.170655246120632,0.04695451700403992,5.566307607446691,5.495070974573309,2.7414010598146987,2.692184589307209,3.626484765987979
P2D,,,,,r05,data/20260623_191551/h1_real_p2_anti_hip_knee_eid_log.csv,Hip,2.581093141861755,5.9342459250204485,0.022044984575677332,7.958201128158356,7.761589471791532,2.7688753350359327,2.743329176865067,5.434750109302978
P2D,,,,,r05,data/20260623_191551/h1_real_p2_anti_hip_knee_eid_log.csv,Knee,1.1250758213903784,5.369808239278192,0.047066012503796884,5.760251068797516,5.5639450465119005,2.880810749550942,2.830819075241813,3.6231667395353186
P4D,ko,o1,0.25,1.0,r01,data/20260623_191700/h1_real_p4_ko_o1_hip_knee_eid_log.csv,Hip,2.5796371132128435,5.716511706229954,0.020562677542513254,7.756581299652382,7.646367618061001,2.622635053909759,2.6163905174603808,5.434061693438075
P4D,ko,o1,0.25,1.0,r01,data/20260623_191700/h1_real_p4_ko_o1_hip_knee_eid_log.csv,Knee,1.1240828719017208,4.962254540826476,0.053221692681833216,5.366621740397666,5.364330866014952,2.570152547313374,2.523501786495775,3.6227077956253826
P4D,ko,o1,0.25,1.0,r02,data/20260623_191715/h1_real_p4_ko_o1_hip_knee_eid_log.csv,Hip,2.5782887405795654,5.753413053717972,0.020280414935823863,7.798882641499154,7.667464671065416,2.7239993817827557,2.6997474604511082,5.440007099717492
P4D,ko,o1,0.25,1.0,r02,data/20260623_191715/h1_real_p4_ko_o1_hip_knee_eid_log.csv,Knee,1.1235340045172386,4.912627831758895,0.052077875525753464,5.295718508046542,5.276649249211378,2.5955183655995113,2.5771963303420056,3.626671399811662
P4D,ko,o1,0.25,1.0,r03,data/20260623_191727/h1_real_p4_ko_o1_hip_knee_eid_log.csv,Hip,2.578589853949751,5.678323774547925,0.0202407682699705,7.707481961918604,7.621435997220068,2.612765293376965,2.592563132383992,5.436769913287826
P4D,ko,o1,0.25,1.0,r03,data/20260623_191727/h1_real_p4_ko_o1_hip_knee_eid_log.csv,Knee,1.1236514666351887,4.970181373705342,0.05330493731881797,5.3809591786933755,5.3811172442645505,2.6003752006792613,2.5485974882063065,3.624513275525217
P4D,ko,o2,0.5,1.0,r01,data/20260623_191742/h1_real_p4_ko_o2_hip_knee_eid_log.csv,Hip,2.5802196343518133,5.750725662856562,0.017678426619106687,7.787655679002203,7.657667929095714,2.6042442875184424,2.562292910864407,5.43696139219186
P4D,ko,o2,0.5,1.0,r01,data/20260623_191742/h1_real_p4_ko_o2_hip_knee_eid_log.csv,Knee,1.123894465611843,5.099497230714794,0.04894138055546739,5.5179824897539875,5.459727667061341,2.690620620080678,2.634854817544882,3.6246409281279064
P4D,ko,o2,0.5,1.0,r02,data/20260623_191754/h1_real_p4_ko_o2_hip_knee_eid_log.csv,Hip,2.5788171963826203,5.790990220613073,0.018837622937523668,7.803816392383189,7.673261293451262,2.632434039647439,2.60021365379276,5.4379268749888725
P4D,ko,o2,0.5,1.0,r02,data/20260623_191754/h1_real_p4_ko_o2_hip_knee_eid_log.csv,Knee,1.1254724115110297,5.116183610914567,0.04944498697971617,5.554571527840323,5.517275237233688,2.8044413331426745,2.763911564024138,3.625284583325915
P4D,ko,o2,0.5,1.0,r03,data/20260623_191810/h1_real_p4_ko_o2_hip_knee_eid_log.csv,Hip,2.579171300239577,5.802482578435439,0.017956915406542297,7.820765765875586,7.693034822317445,2.642315614913402,2.605860216352656,5.439288860225124
P4D,ko,o2,0.5,1.0,r03,data/20260623_191810/h1_real_p4_ko_o2_hip_knee_eid_log.csv,Knee,1.1245135726011268,5.111159750588945,0.04914239517423981,5.548218501855546,5.506502074932412,2.808944891650186,2.7561095784136893,3.6261925734834164
P4D,ko,o3,0.75,1.0,r01,data/20260623_191825/h1_real_p4_ko_o3_hip_knee_eid_log.csv,Hip,2.5792126036175653,5.846523128204865,0.018962465944208584,7.853403651203351,7.648148940160217,2.6623630702671552,2.636957041452891,5.4369444968417175
P4D,ko,o3,0.75,1.0,r01,data/20260623_191825/h1_real_p4_ko_o3_hip_knee_eid_log.csv,Knee,1.1240798480066876,5.462642531540702,0.048495881612315966,5.893518012762554,5.674061221222474,3.0465871473177963,2.982309664847442,3.624629664561145
P4D,ko,o3,0.75,1.0,r02,data/20260623_191841/h1_real_p4_ko_o3_hip_knee_eid_log.csv,Hip,2.5821224338219815,5.802052885434385,0.01815001071161174,7.824497029694939,7.702350668327728,2.6634526486598578,2.6421410674391232,5.44119785765659
P4D,ko,o3,0.75,1.0,r02,data/20260623_191841/h1_real_p4_ko_o3_hip_knee_eid_log.csv,Knee,1.1241367951557557,5.2345425785588535,0.04802006869293481,5.68959336528667,5.57679897428024,2.8818899807881775,2.8318137256561413,3.627465238437727
P4D,ko,o3,0.75,1.0,r03,data/20260623_191853/h1_real_p4_ko_o3_hip_knee_eid_log.csv,Hip,2.5775523091881496,5.818439851689992,0.019601095817184992,7.823689109960422,7.663591302572142,2.6602722310926645,2.634284083674665,5.435409742158173
P4D,ko,o3,0.75,1.0,r03,data/20260623_191853/h1_real_p4_ko_o3_hip_knee_eid_log.csv,Knee,1.124225493429753,5.294715367371252,0.04802331495900613,5.717431440490745,5.592755243059901,2.908821346183981,2.8977561196409445,3.6236064947721154
P4D,ko,o4,1.0,1.0,r01,data/20260623_191908/h1_real_p4_ko_o4_hip_knee_eid_log.csv,Hip,2.5800014064549632,5.877456680856483,0.02050252164992566,7.889426401267136,7.735660717802599,2.722744452318338,2.70085975135963,5.438390067617252
P4D,ko,o4,1.0,1.0,r01,data/20260623_191908/h1_real_p4_ko_o4_hip_knee_eid_log.csv,Knee,1.1236283678186725,5.2915808050672055,0.047359359722935146,5.743527012077576,5.63937953988508,2.974579655099172,2.912462218318589,3.6255933784115015
P4D,ko,o4,1.0,1.0,r02,data/20260623_191923/h1_real_p4_ko_o4_hip_knee_eid_log.csv,Hip,2.578858931818505,5.7228853680242695,0.018668648144023216,7.743077046731306,7.61678365509365,2.5608159551204115,2.5247423622005125,5.437049629005294
P4D,ko,o4,1.0,1.0,r02,data/20260623_191923/h1_real_p4_ko_o4_hip_knee_eid_log.csv,Knee,1.1236700130626138,5.141365138338703,0.04676857130956487,5.59702062973074,5.546001797131678,2.822729878249266,2.765023258206168,3.624699752670196
P4D,ko,o4,1.0,1.0,r03,data/20260623_191939/h1_real_p4_ko_o4_hip_knee_eid_log.csv,Hip,2.582189160367986,5.719125353023553,0.019090368889592313,7.753424494475039,7.658864169266428,2.6043604881562734,2.574932062015955,5.441083829033598
P4D,ko,o4,1.0,1.0,r03,data/20260623_191939/h1_real_p4_ko_o4_hip_knee_eid_log.csv,Knee,1.1242989409745965,5.167843071612449,0.046924431883326054,5.616065776124189,5.558323664862034,2.830493974998659,2.771670002951859,3.627389219355732
P4D,ko,o5,1.25,1.0,r01,data/20260623_191954/h1_real_p4_ko_o5_hip_knee_eid_log.csv,Hip,2.581132663864931,5.845208050702845,0.026846604315320332,7.850018242085687,7.648717860117276,2.691752056249336,2.6765570863221466,5.4399060439156015
P4D,ko,o5,1.25,1.0,r01,data/20260623_191954/h1_real_p4_ko_o5_hip_knee_eid_log.csv,Knee,1.1248919435240181,5.354369399366672,0.047099975229796066,5.792908119335454,5.64483225570607,2.9744728420967643,2.927901856852065,3.626604029277067
P4D,ko,o5,1.25,1.0,r02,data/20260623_192010/h1_real_p4_ko_o5_hip_knee_eid_log.csv,Hip,2.5760074663591457,5.819124055343758,0.030606770065446633,7.82826639493487,7.67834400351907,2.6961921704917056,2.6504957073473627,5.438238490762011
P4D,ko,o5,1.25,1.0,r02,data/20260623_192010/h1_real_p4_ko_o5_hip_knee_eid_log.csv,Knee,1.1244435420574848,5.238957350468667,0.04702809128983293,5.681777707627983,5.602736861621425,2.8873898197513617,2.8178504195422347,3.6254923271746735
P4D,ko,o5,1.25,1.0,r03,data/20260623_192025/h1_real_p4_ko_o5_hip_knee_eid_log.csv,Hip,2.579467903746479,5.826636912796492,0.030614770156933622,7.812964489844863,7.657956129945334,2.6992800084332,2.6671931501239574,5.439380520648486
P4D,ko,o5,1.25,1.0,r03,data/20260623_192025/h1_real_p4_ko_o5_hip_knee_eid_log.csv,Knee,1.1236123878987485,5.310014865674931,0.047105629517809854,5.745666346841221,5.6328289467236745,2.9616653081471096,2.8986863251420028,3.6262536804323235
P4D,ku,u1,1.0,0.5,r01,data/20260623_192053/h1_real_p4_ku_u1_hip_knee_eid_log.csv,Hip,2.5833860873276024,5.809649331843919,0.010765102728279935,7.8288584888673185,7.659596378758708,2.6574718457516346,2.641905729253381,5.440889841121648
P4D,ku,u1,1.0,0.5,r01,data/20260623_192053/h1_real_p4_ku_u1_hip_knee_eid_log.csv,Knee,1.1245701558941712,5.239601957349735,0.023820514755788634,5.666120341994192,5.615309539490601,2.9073403426131446,2.8577468147307106,3.627259894081099
P4D,ku,u1,1.0,0.5,r02,data/20260623_192109/h1_real_p4_ku_u1_hip_knee_eid_log.csv,Hip,2.5778089900942858,5.8326035328321755,0.010843704990973995,7.84375950305007,7.673954045236973,2.6791922505612655,2.6645107508435233,5.4372149327047286
P4D,ku,u1,1.0,0.5,r02,data/20260623_192109/h1_real_p4_ku_u1_hip_knee_eid_log.csv,Knee,1.1241325656177363,5.269985328552721,0.023907340190610575,5.691578829556198,5.62246489588092,2.911646415012641,2.848552378481196,3.624809955136486
P4D,ku,u1,1.0,0.5,r03,data/20260623_192124/h1_real_p4_ku_u1_hip_knee_eid_log.csv,Hip,2.5793879665661574,5.791772275518528,0.010408247605877429,7.802799554590447,7.661697581063072,2.6288648154194343,2.62050437903822,5.440068075060245
P4D,ku,u1,1.0,0.5,r03,data/20260623_192124/h1_real_p4_ku_u1_hip_knee_eid_log.csv,Knee,1.1238286753137168,5.216687131067617,0.02364168919593896,5.636522709170385,5.567320494667558,2.8351591907532123,2.7711431304024026,3.6267120500401635
P4D,ku,u2,1.0,0.75,r01,data/20260623_192139/h1_real_p4_ku_u2_hip_knee_eid_log.csv,Hip,2.582712416585058,5.911381731436029,0.018601617147021715,7.935297427521749,7.706643693934122,2.7482672856566603,2.7292674616321873,5.442134643511034
P4D,ku,u2,1.0,0.75,r01,data/20260623_192139/h1_real_p4_ku_u2_hip_knee_eid_log.csv,Knee,1.1244084133272836,5.274113854275465,0.03576533948332205,5.697736528095324,5.601741414147826,2.837061432622604,2.7969987968565144,3.6280897623406894
P4D,ku,u2,1.0,0.75,r02,data/20260623_192155/h1_real_p4_ku_u2_hip_knee_eid_log.csv,Hip,2.5804949545867486,5.762800663757277,0.017024503312128576,7.7857201887225855,7.628417793008246,2.5888415939140748,2.5730207210243594,5.439576389609765
P4D,ku,u2,1.0,0.75,r02,data/20260623_192155/h1_real_p4_ku_u2_hip_knee_eid_log.csv,Knee,1.1241389629671188,5.119344611178019,0.03503747369340872,5.552694209909782,5.511652405034597,2.7380655794176176,2.685076248835425,3.626384259739843
P4D,ku,u2,1.0,0.75,r03,data/20260623_192210/h1_real_p4_ku_u2_hip_knee_eid_log.csv,Hip,2.5792032206225612,5.926941230850874,0.01713944539309088,7.922367139514377,7.700746212014945,2.705391920688199,2.6948079773403735,5.4367266756593695
P4D,ku,u2,1.0,0.75,r03,data/20260623_192210/h1_real_p4_ku_u2_hip_knee_eid_log.csv,Knee,1.1240977042606408,5.359389921012919,0.035458645738592684,5.785268573863395,5.614179332199994,2.9666340795507855,2.9066396210752616,3.6244844504395797
P4D,ku,u3,1.0,1.0,r01,data/20260623_192226/h1_real_p4_ku_u3_hip_knee_eid_log.csv,Hip,2.5800250518992893,5.799690776051914,0.019648168662242078,7.829133771060512,7.684465491365073,2.6374276954040177,2.597798575784242,5.437676021465766
P4D,ku,u3,1.0,1.0,r01,data/20260623_192226/h1_real_p4_ku_u3_hip_knee_eid_log.csv,Knee,1.1238728097737751,5.18562420827141,0.04733333558701559,5.625376466413444,5.568663387080983,2.8515958208894063,2.794697137173614,3.625117347643844
P4D,ku,u3,1.0,1.0,r02,data/20260623_192241/h1_real_p4_ku_u3_hip_knee_eid_log.csv,Hip,2.5809357278288076,5.955004437857443,0.023630185406544164,7.954216296479118,7.720716091434099,2.7344085141945556,2.6930637747944304,5.44033872561461
P4D,ku,u3,1.0,1.0,r02,data/20260623_192241/h1_real_p4_ku_u3_hip_knee_eid_log.csv,Knee,1.1241812790136145,5.303455415486973,0.04722371232124317,5.728787718054533,5.590581712364722,2.9312953442621414,2.8709716434848813,3.6268924837430734
P4D,ku,u3,1.0,1.0,r03,data/20260623_192257/h1_real_p4_ku_u3_hip_knee_eid_log.csv,Hip,2.582454483660617,5.903315425792618,0.028809667572450244,7.897573847595697,7.737680105668269,2.76252052086902,2.7378125998158604,5.4375031325769125
P4D,ku,u3,1.0,1.0,r03,data/20260623_192257/h1_real_p4_ku_u3_hip_knee_eid_log.csv,Knee,1.1244058706385098,5.253601736707871,0.04722052508563317,5.678430134542501,5.596323953840637,2.914450812980678,2.8656340419863877,3.6250020883846084
P4D,ku,u4,1.0,1.25,r01,data/20260623_192312/h1_real_p4_ku_u4_hip_knee_eid_log.csv,Hip,2.581537148518711,5.969901923624739,0.028790862551583245,7.971750125027078,7.72161287405773,2.7415871522249153,2.725361202654005,5.438862229935463
P4D,ku,u4,1.0,1.25,r01,data/20260623_192312/h1_real_p4_ku_u4_hip_knee_eid_log.csv,Knee,1.123459850207306,5.344203938575799,0.05931140476963217,5.769331924281953,5.624175213069129,2.9250506485129506,2.8641210747036645,3.625908153290309
P4D,ku,u4,1.0,1.25,r02,data/20260623_192327/h1_real_p4_ku_u4_hip_knee_eid_log.csv,Hip,2.580341447630226,5.793205640204722,0.03165053790257857,7.813279717288682,7.699947529269593,2.6716071411632742,2.65454455636408,5.436921634681308
P4D,ku,u4,1.0,1.25,r02,data/20260623_192327/h1_real_p4_ku_u4_hip_knee_eid_log.csv,Knee,1.1246614081263535,5.106936852848812,0.05866190019282754,5.554559813827152,5.5317912633826785,2.7972878242031243,2.760093402547217,3.624614423120872
P4D,ku,u4,1.0,1.25,r03,data/20260623_192343/h1_real_p4_ku_u4_hip_knee_eid_log.csv,Hip,2.5788388186006137,5.801021510989834,0.0274381365884849,7.824382609836195,7.689435179458944,2.6489324567644346,2.624192052897802,5.4381672267084955
P4D,ku,u4,1.0,1.25,r03,data/20260623_192343/h1_real_p4_ku_u4_hip_knee_eid_log.csv,Knee,1.1241085721326076,5.126632286611594,0.058620030209843056,5.572644072090898,5.536013895067353,2.7799596300651643,2.7609515177407546,3.625444817805664
